"point_id","latitude","longitude","elevation_m","distance_from_start_m","segment_length_m","elevation_delta_m","slope_pct","slope_deg","bearing_deg","elevation_smoothed_m","elevation_delta_smoothed_m","slope_smoothed_pct","slope_smoothed_deg","smoothing_window_m"
"0","55.757569","37.612974","149.0","0.0","","","","","","149.67016153881704","","","","250"
"1","55.75716","37.613743","150.0","66.20763832038894","66.20763832038894","1.0","1.5103997444537234","0.8653295085976189","133.38580358563362","149.45940454318844","-0.21075699562859995","-0.31832731233927186","-0.18238749895147122","250"
"2","55.757189","37.613794","150.0","70.74429149135666","4.53665317096773","0.0","0.0","0.0","44.69985971465689","149.44875718759133","-0.010647355597114938","-0.2346962660767764","-0.1344708082382689","250"
"3","55.75736","37.614089","150.0","97.24416613348433","26.499874642127672","0.0","0.0","0.0","44.14924970519534","149.3950969870437","-0.053660200547625436","-0.20249228070807607","-0.11601937211379533","250"
"4","55.757076","37.614654","149.0","144.64678766034564","47.402621526861324","-1.0","-2.1095879674784164","-1.2085256125612474","131.77385604939624","149.31157166604095","-0.08352532100275312","-0.1762040121671802","-0.10095735782095562","250"
"5","55.757042","37.61472","149.0","150.2456129091966","5.5988252488509636","0.0","0.0","0.0","132.47390030354546","149.29745259875696","-0.014119067283985487","-0.25217910287310924","-0.14448767647434405","250"
"6","55.756991","37.614821","149.0","158.73657746544947","8.490964556252854","0.0","0.0","0.0","131.90364395578652","149.2711283129251","-0.02632428583186197","-0.3100270370634916","-0.17763183847505068","250"
"7","55.756951","37.61495","149.0","167.95245821980996","9.215880754360493","0.0","0.0","0.0","118.85685260459114","149.23585679795343","-0.035271514971668694","-0.3827253836263016","-0.21928442126393363","250"
"8","55.757058","37.614946","149.0","179.85296391152264","11.90050569171267","0.0","0.0","0.0","358.7949249159836","149.17999318727368","-0.055863610679750764","-0.4694221584100693","-0.2689571093256097","250"
"9","55.757102","37.614915","149.0","185.11601122067395","5.263047309151315","0.0","0.0","0.0","338.37417800236","149.15157852486004","-0.028414662413638325","-0.5398899296274859","-0.3093311382430067","250"
"10","55.757146","37.61484","149.0","191.89532330433278","6.779312083658818","0.0","0.0","0.0","316.1944838783104","149.1108487430795","-0.04072978178055564","-0.6007952027866172","-0.3442261530833843","250"
"11","55.757304","37.614516","149.0","218.72141418781445","26.82609088348168","0.0","0.0","0.0","310.91337681426546","148.9165820453349","-0.19426669774458105","-0.7241707283717654","-0.4149120109441737","250"
"12","55.757875","37.613448","148.5","310.8988751580527","92.17746097023827","-0.5","-0.5424319510833967","-0.3107875665992257","313.53611127708996","149.56636978321822","0.6497877378833152","0.704931260900227","0.40388917092379356","250"
"13","55.758098","37.613166","148.0","341.33219166328644","30.433316505233734","-0.5","-1.642936286336105","-0.9412484697484997","324.56587815753466","150.26785320631527","0.701483423097045","2.304985140138796","1.320425391402931","250"
"14","55.758832","37.612385","154.0","436.4593671133582","95.12717545007179","6.0","6.307345899436639","3.609062135707812","329.0908217616039","153.67171858022266","3.4038653739073936","3.578226051391527","2.0492981872204408","250"
"15","55.759282","37.611927","157.0","494.1214701100017","57.66210299664353","3.0","5.202723875982511","2.978255923229284","330.20139927765814","156.46915255661438","2.7974339763917158","4.8514255134859585","2.777484371840081","250"
"16","55.76031","37.610913","162.0","624.8549640918312","130.7334939818295","5.0","3.8245745965413764","2.190252323286397","330.970106705128","160.7841338583277","4.314981301713317","3.3005935742167583","1.890414548848597","250"
"17","55.761139","37.610075","162.0","730.9023170519605","106.04735296012925","0.0","0.0","0.0","330.37092034833756","161.7787179679529","0.9945841096252082","0.9378679258492602","0.5373429844589663","250"
"18","55.761409","37.609796","161.0","765.6304185964449","34.72810154448437","-1.0","-2.8795124280521556","-1.6493833254713526","329.82652406057383","161.83705580023002","0.058337832277118196","0.16798451306758402","0.09624794569002253","250"
"19","55.761882","37.609266","162.0","827.8053528962345","62.17493429978954","1.0","1.6083651897053712","0.9214459239433462","327.7712960789109","162.089812285182","0.25275648495198766","0.40652473186906646","0.2329202309452872","250"
"20","55.762116","37.608993","162.0","858.9297465655186","31.124393669284164","0.0","0.0","0.0","326.7190667569963","162.34286188752222","0.25304960234021223","0.8130266087398199","0.46581966955665177","250"
"21","55.762595","37.608394","163.0","924.0542866364304","65.1245400709118","1.0","1.535519481459885","0.8797187202089923","324.87091093326984","163.32884154562706","0.9859796581048386","1.5139909733431365","0.8673866607675399","250"
"22","55.763855","37.606789","167.0","1096.4246365298218","172.3703498933913","4.0","2.3205847191665767","1.3293585134856878","324.3728864833651","165.23629502857978","1.907453482952718","1.1066018512652853","0.6340102780176664","250"
"23","55.764158","37.606403","165.0","1137.876621223646","41.45198469382414","-2.0","-4.824859448281077","-2.7622986838688623","324.3704161620946","165.00806154793293","-0.22823348064684978","-0.5505972327565148","-0.31546578865238484","250"
"24","55.764494","37.605976","164.9","1183.8051950848658","45.92857386121982","-0.1","-0.21772938193588426","-0.12474954947984397","324.4365994766265","164.74670907817875","-0.26135246975417203","-0.5690411170699277","-0.3260330247377473","250"
"25","55.764683","37.605684","163.0","1211.6502111048057","27.84501601993988","-1.9","-6.82348323534598","-3.903517164574894","319.00316252032866","164.58441047435383","-0.16229860382492234","-0.5828641064839034","-0.3339527515475915","250"
"26","55.764834","37.6054","163.0","1236.095283116071","24.4450720112651","0.0","0.0","0.0","313.38254986724064","164.44885049724985","-0.1355599771039806","-0.5545493056494579","-0.31773009048546497","250"
"27","55.765359","37.604414","165.0","1321.0216259599965","84.92634284392567","2.0","2.354981897284241","1.3490558795597538","313.4241713295984","164.7723436242668","0.32349312701694544","0.38091022901038907","0.2182444294389113","250"
"28","55.766335","37.602611","167.0","1477.5435152750679","156.52188931507135","2.0","1.2777765517346218","0.7320721953619758","313.8976129681745","167.15616408745723","2.383820463190432","1.5229949457049494","0.8725443676410878","250"
"29","55.766838","37.6017","169.0","1557.3923034717427","79.84878819667492","2.0","2.5047343174123267","1.4348070507285104","314.4645426034248","167.66851625874418","0.512352171286949","0.6416530330115698","0.36763506168209625","250"
"30","55.767035","37.601343","168.0","1588.6741781597939","31.281874688051122","-1.0","-3.196739357766095","-1.8309732047028309","314.44797726012325","167.93067832310476","0.26216206436058087","0.838063789254677","0.4801639396281373","250"
"31","55.767377","37.600725","167.0","1642.9017619685055","54.22758380871173","-1.0","-1.8440799492883708","-1.0564602382707706","314.5300407154578","168.01126873707864","0.08059041397388","0.14861516651408144","0.0851501554400732","250"
"32","55.767743","37.600034","169.0","1702.2701132897564","59.36835132125077","2.0","3.3687982830746126","1.929449559246533","313.275750630768","167.5545782690536","-0.45669046802504454","-0.7692490322896557","-0.4407385361038187","250"
"33","55.768117","37.59934","167.0","1762.3868354579756","60.11672216821912","-2.0","-3.3268613588139138","-1.9054483723827949","313.77069036140404","167.164380442466","-0.3901978265875812","-0.6490670357836982","-0.3718827954478806","250"
"34","55.768734","37.598217","166.0","1860.5774144173763","98.19057895940072","-1.0","-1.0184276440751758","-0.5834958847096556","314.3245726037911","166.11094610746997","-1.0534343349960409","-1.0728466479779173","-0.614672267738144","250"
"35","55.769573","37.596771","165.0","1990.5171851359405","129.93977071856426","-1.0","-0.7695873207025228","-0.4409323496131295","315.88761385728213","164.91373960557254","-1.1972065018974263","-0.9213549441228801","-0.5278825604279569","250"
"36","55.77018","37.595903","164.0","2077.1389690624324","86.62178392649187","-1.0","-1.1544440147395374","-0.6614183150214955","321.1874493881837","164.29859972369135","-0.6151398818811913","-0.7101445548653272","-0.4068760188141702","250"
"37","55.770709","37.595033","164.0","2157.271775876714","80.1328068142815","0.0","0.0","0.0","317.2281110288257","163.78570142051134","-0.512898303180009","-0.6400603243172542","-0.3667225442971758","250"
"38","55.771224","37.594158","163.0","2236.4841738860973","79.21239800938328","-1.0","-1.2624286413871006","-0.7232799088436671","316.29774965881484","163.91532201070828","0.12962059019693584","0.16363674557811184","0.09375686526467393","250"
"39","55.771898","37.59301","165.0","2340.2751127461956","103.7909388600985","2.0","1.9269504852401735","1.1039246807135699","316.22704986243053","164.21945158478502","0.3041295740767396","0.2930213151715303","0.1678883661632654","250"
"40","55.772425","37.592113","164.0","2421.4017273182917","81.12661457209589","-1.0","-1.2326411070824561","-0.7062155647898816","316.24716864077755","164.89571315861934","0.6762615738343243","0.8335878150484657","0.4775995744640861","250"
"41","55.772808","37.591462","166.0","2480.3216997262693","58.9199724079776","2.0","3.3944347192688187","1.944121377414907","316.28691537462487","164.9233347365763","0.02762157795694975","0.04687982160903026","0.026860157257535003","250"
"42","55.773237","37.590731","165.0","2546.396261730988","66.07456200471847","-1.0","-1.513441738635496","-0.8670720445496262","316.21621354613353","164.89748476707632","-0.025849969499972758","-0.03912242278371331","-0.02241549595472063","250"
"43","55.774111","37.589275","164.0","2679.577593430162","133.1813316991737","-1.0","-0.7508559850255682","-0.43020070507658026","316.8631620100522","162.89199114149855","-2.0054936255777704","-1.5058368916956948","-0.8627157810139794","250"
"44","55.774606","37.588424","160.0","2756.1432031507097","76.56560972054764","-4.0","-5.224277602698349","-2.990571823574354","315.96252549073546","161.6830827689315","-1.2089083725670378","-1.5789182336291214","-0.9045783448871182","250"
"45","55.775278","37.587252","161.0","2860.8149094686014","104.67170631789165","1.0","0.9553680122142701","0.5473688969241255","315.55201459907164","159.70220777798258","-1.9808749909489336","-1.8924646025478429","-1.084172929028569","250"
"46","55.775797","37.586323","158.0","2942.7054522330777","81.89054276447618","-3.0","-3.6634266897317342","-2.098050637840918","314.80765036971695","158.8179948150986","-0.8842129628839928","-1.079749789211998","-0.6186270181921759","250"
"47","55.776366","37.585317","157.0","3031.931742846765","89.22629061368721","-1.0","-1.120745906976661","-0.6421132199955749","315.1618221695112","159.09300546700462","0.2750106519060296","0.30821706249866593","0.17659480934865487","250"
"48","55.776661","37.585836","160.0","3078.0782342933944","46.14649144662949","3.0","6.5010359530141875","3.7195850328875313","44.69687843960197","160.06574297123123","0.9727375042266146","2.1079338292741707","1.207578282448548","250"
"49","55.777206","37.586721","163.0","3160.149585500474","82.07135120707969","3.0","3.6553559261264024","2.0934326149843288","42.40450911308182","162.22302132670978","2.157278355478553","2.628540073667583","1.5056958159553022","250"
"50","55.777316","37.586857","164.0","3175.047406844057","14.897821343582834","1.0","6.712390872043484","3.8401561603410426","34.81257960923982","162.59883677914763","0.3758154524378483","2.522620212516705","1.4450484426255885","250"
"51","55.777419","37.586984","164.0","3188.9848504185015","13.937443574444185","0.0","0.0","0.0","34.73959356332955","162.898733303766","0.2998965246183616","2.15173265467603","1.232661782128721","250"
"52","55.777918","37.587765","164.0","3262.905058825956","73.92020840745434","0.0","0.0","0.0","41.35514412851794","164.12567616565013","1.2269428618841403","1.65982062052792","0.9509198431836802","250"
"53","55.778116","37.588076","164.0","3292.2816797591145","29.376620933158463","0.0","0.0","0.0","41.45617895728306","164.52603834025516","0.40036217460502144","1.36285985891971","0.7808128398459795","250"
"54","55.778239","37.588269","164.0","3310.5226072688947","18.240927509780395","0.0","0.0","0.0","41.42711355996431","164.73225265851804","0.20621431826288017","1.1305034689289373","0.6477031829075754","250"
"55","55.77911","37.589608","167.0","3438.552186826607","128.02957955771205","3.0","2.3432085072556896","1.3423139443427843","40.84520577133416","164.86279914287618","0.13054648435814897","0.10196587758011216","0.05842212414964703","250"
"56","55.779404","37.590059","164.0","3481.7277524640144","43.175565637407644","-3.0","-6.948374516258281","-3.9747368928539455","40.784246407905314","164.62742556719294","-0.2353735756832407","-0.5451545850260064","-0.3123474748116152","250"
"57","55.779956","37.59092","163.0","3563.3755181542792","81.6477656902649","-1.0","-1.2247732580871258","-0.7017082998508252","41.256408438808876","163.90715839634416","-0.7202671708487856","-0.8821639695336636","-0.5054296121322444","250"
"58","55.780715","37.592095","164.1","3675.2751858984184","111.89966774413898","1.1","0.9830234728803432","0.5632128203060291","41.04217571237394","163.96494205295528","0.057783656611121614","0.05163880981599087","0.029586855985506085","250"
"59","55.78111","37.592665","165.0","3731.8399183950223","56.56473249660393","0.9","1.5910974210901374","0.9115547526247487","39.05927435183947","163.9778236046075","0.01288155165221383","0.022773115126085357","0.013048033605338837","250"
"60","55.781816","37.593707","163.0","3833.8608112276092","102.02089283258711","-2.0","-1.9603827652066654","-1.1230727321239276","39.69174616889449","163.8710510842437","-0.10677252036379059","-0.1046575043594264","-0.059964311048321686","250"
"61","55.783278","37.595863","165.0","4045.0537696930937","211.19295846548454","2.0","0.947001270559341","0.5425755407558477","39.66705752627347","164.09510701114715","0.22405592690344633","0.10609062372695727","0.06078542704954537","250"
"62","55.783565","37.596322","164.0","4087.973884030389","42.920114337295324","-1.0","-2.3299099162255783","-1.3346985705791463","41.965629608916515","164.62813372679614","0.5330267156489867","1.241904230403726","0.7115221311479243","250"
"63","55.78382","37.596707","163.4","4125.169278053817","37.195394023428136","-0.6","-1.613102954688637","-0.9241597592266365","40.33080037295006","165.16392253645182","0.5357888096556849","1.440470853241155","0.8252719270757239","250"
"64","55.783901","37.596801","163.0","4135.924170711078","10.754892657260406","-0.4","-3.719237492621261","-2.1299843589114675","33.127006587122786","165.30907625584723","0.14515371939540955","1.3496528884220826","0.7732471948087573","250"
"65","55.784018","37.596916","163.0","4150.788885764897","14.864715053818703","0.0","0.0","0.0","28.929499099514413","165.50248541673972","0.19340916089248594","1.3011292863148405","0.7454501022869348","250"
"66","55.784041","37.596896","163.0","4153.635737741273","2.846851976376379","0.0","0.0","0.0","333.94282679020563","165.53857164361096","0.03608622687124807","1.2675835333448036","0.7262329718121697","250"
"67","55.784111","37.596832","163.0","4162.387814477609","8.752076736335816","0.0","0.0","0.0","332.79165313605125","165.64758883588155","0.10901719227058493","1.2456151328973215","0.7136479928007081","250"
"68","55.784333","37.596611","168.0","4190.677560803418","28.2897463258084","5.0","17.674248267961875","10.02308701353578","330.76094100987666","166.0079989508693","0.3604101149877579","1.273995570115664","0.7299062050687685","250"
"69","55.784927","37.596018","168.0","4266.422789364471","75.74522856105335","0.0","0.0","0.0","330.6921952163382","167.2978020344791","1.2898030836097973","1.7028176006758895","0.9755483356816657","250"
"70","55.785041","37.595913","168.0","4280.6982198146525","14.275430450181641","0.0","0.0","0.0","332.62004279671476","167.5885176756126","0.29071564113348813","2.0364754824593683","1.1666532406967602","250"
"71","55.785811","37.595139","168.0","4379.048517971773","98.35029815712132","0.0","0.0","0.0","330.52454589503657","168.34246710335043","0.7539494277378367","0.7665959756759975","0.43921853627133484","250"
"72","55.785932","37.595016","168.0","4394.545893555782","15.497375584008623","0.0","0.0","0.0","330.2485726742826","168.40445660568633","0.061989502335904945","0.3999999999991641","0.22918189575362144","250"
"73","55.786306","37.59464","169.0","4442.31759071282","47.77169715703831","1.0","2.0932896662907607","1.1991914958570504","330.5210874948453","168.59554339431412","0.1910867886277856","0.3999999999992304","0.22918189575365946","250"
"74","55.786499","37.594453","169.0","4466.756423553683","24.438832840863213","0.0","0.0","0.0","331.4185532781572","168.69329872567766","0.09775533136354397","0.40000000000037284","0.229181895754314","250"
"75","55.786538","37.594415","169.0","4471.70120514866","4.944781594977199","0.0","0.0","0.0","331.28341776549075","168.71307785205775","0.01977912638008661","0.400000000003596","0.22918189575616071","250"
"76","55.787395","37.593585","169.0","4580.208701806539","108.50749665787836","0.0","0.0","0.0","331.4295321589709","169.0575192210041","0.3444413689463488","0.3174355501282686","0.18187656200422372","250"
"77","55.78802","37.592968","169.0","4659.693739126654","79.48503732011534","0.0","0.0","0.0","330.96718269881455","169.37284057989996","0.3153213588958579","0.3967053039504069","0.22729420392487673","250"
"78","55.788103","37.592884","169.0","4670.312504654301","10.618765527647378","0.0","0.0","0.0","330.358865845031","169.41531564201088","0.042475062110924","0.40000000000314995","0.22918189575590517","250"
"79","55.788438","37.592562","170.0","4712.654683648751","42.34217899445068","1.0","2.3617112386470684","1.3529093649173096","331.61184134558897","169.58468435798864","0.16936871597775394","0.39999999999988484","0.22918189575403441","250"
"80","55.788786","37.592238","170.0","4756.3317487645","43.67706511574872","0.0","0.0","0.0","332.36933355490487","169.76309129619457","0.17840693820593856","0.40846823781117575","0.2340337593341509","250"
"81","55.789084","37.591973","170.0","4793.378795244796","37.04704648029567","0.0","0.0","0.0","333.4359167105442","169.9774242154313","0.21433291923673892","0.5785425279468279","0.3314767529326091","250"
"82","55.78969","37.591381","170.0","4870.258044519267","76.87924927447169","0.0","0.0","0.0","331.22255867035005","170.5804112243615","0.6029870089301994","0.7843299910193394","0.44937876759641626","250"
"83","55.790211","37.590865","171.0","4936.566565689928","66.30852117066107","1.0","1.508101797997059","0.8640131821003747","330.8897197769739","170.82693491945648","0.24652369509496452","0.3717828278215947","0.21301488785164185","250"
"84","55.790719","37.590361","173.0","5001.246990320682","64.68042463075378","2.0","3.0921256491706064","1.7710931764380873","330.8476892634757","170.30019095275458","-0.5267439667019005","-0.8143792649924072","-0.4665946331893838","250"
"85","55.791","37.590095","170.0","5036.642322342212","35.39533202152995","-3.0","-8.475693908380876","-4.8446361672607","331.9780312641975","169.68340127204593","-0.6167896807086493","-1.7425735131781614","-0.9983200374404625","250"
"86","55.791413","37.589688","168.5","5089.143289628128","52.50096728591636","-1.5","-2.8570902167023164","-1.636546905466457","331.01184774318705","168.548126464793","-1.1352748072529266","-2.1623883633806296","-1.2387642140812118","250"
"87","55.791695","37.589344","166.0","5127.16599594736","38.02270631923271","-2.5","-6.57501856656491","-3.7617935225654313","325.55739528600543","167.4461051671193","-1.1020212976737014","-2.8983241971818168","-1.6601526872559937","250"
"88","55.791777","37.589223","166.0","5139.013156135884","11.847160188523745","0.0","0.0","0.0","320.32122992835764","167.1252513330565","-0.32085383406280243","-2.7082763207136438","-1.5513488110737306","250"
"89","55.791824","37.589145","166.0","5146.160824575684","7.147668439800284","0.0","0.0","0.0","316.98469585476994","166.961933103716","-0.16331822934049","-2.2849161333657686","-1.3089327505125785","250"
"90","55.791871","37.589078","166.0","5152.858275444095","6.697450868410409","0.0","0.0","0.0","321.2901016236426","166.82470301033882","-0.13723009337718395","-2.048989922784674","-1.173820496102065","250"
"91","55.791993","37.588884","166.0","5171.054751507716","18.196476063621454","0.0","0.0","0.0","318.20368764545196","166.49268932004833","-0.3320136902904949","-1.8246043306937842","-1.0453052842485155","250"
"92","55.792053","37.588791","165.9","5179.904137082063","8.849385574347075","-0.1","-1.1300219564382379","-0.6474273318123832","318.9308933733553","166.33537729765476","-0.1573120223935689","-1.777660393164366","-1.0184171125321015","250"
"93","55.79232","37.588373","165.2","5219.454752847469","39.55061576540577","-0.7","-1.769883948588931","-1.0139629393985574","318.64780081831697","165.633899901601","-0.7014773960537468","-1.7736194051049814","-1.0161025266888493","250"
"94","55.792376","37.588291","165.1","5227.520191428325","8.065438580856245","-0.1","-1.239858180029483","-0.7103500111182329","320.53839902969526","165.50152976080588","-0.13237014079513187","-1.6412020185649863","-0.9402550753681947","250"
"95","55.792419","37.588227","165.0","5233.75464312078","6.2344516924547575","-0.1","-1.6039902935012706","-0.9189399395563086","320.07903268838004","165.40581576184744","-0.09571399895844479","-1.5352432528153617","-0.8795604901549632","250"
"96","55.792668","37.587823","166.0","5271.230328564129","37.475685443348766","1.0","2.668396823619623","1.5285160442406769","317.6306829509331","164.92812173956912","-0.4776940222783139","-1.2746772117095344","-0.7302966935207428","250"
"97","55.793372","37.586715","163.0","5375.754912489813","104.5245839256842","-3.0","-2.870138188861834","-1.6440167173557276","318.4980189669472","163.95954166592378","-0.9685800736453416","-0.9266528861133675","-0.5309177984453145","250"
"98","55.793565","37.586407","163.0","5404.586441966349","28.831529476536474","0.0","0.0","0.0","318.1031334911305","163.89325471305102","-0.06628695287275832","-0.22991132997888172","-0.13172925659709875","250"
"99","55.793967","37.58574","163.0","5465.714032343184","61.12759037683493","0.0","0.0","0.0","316.99276235695027","164.2489606745071","0.35570596145606714","0.5819073830053448","0.33340460796432975","250"
"100","55.794422","37.585024","166.0","5533.263617596203","67.54958525301967","3.0","4.441181968420585","2.542938801133078","318.5030011923826","165.0638542070887","0.8148935325816069","1.2063634876946616","0.6911618367798693","250"
"101","55.794594","37.584807","166.5","5556.711121519042","23.44750392283841","0.5","2.1324231425460534","1.22160332084042","324.65429548559274","165.34809058180963","0.2842363747209333","1.2122244468166206","0.6945194279833605","250"
"102","55.794837","37.584598","166.4","5586.724159200112","30.013037681070045","-0.1","-0.3331885331389579","-0.19090226088099965","334.1961534966381","165.6869422179251","0.3388516361154643","1.129014795890475","0.6468503449382632","250"
"103","55.795189","37.584456","166.3","5626.858682952598","40.134523752486224","-0.1","-0.24916204466934846","-0.14275904032027964","347.2227172372421","165.9124484084784","0.22550619055331822","0.5618758352386048","0.3219277519232807","250"
"104","55.795603","37.584381","166.0","5673.1315466449305","46.272863692332514","-0.3","-0.6483281475611601","-0.37145946149530434","354.1851481151277","165.81104027038674","-0.10140813809167071","-0.2191525010553306","-0.12556493278199746","250"
"105","55.79576","37.584362","166.0","5690.629525707522","17.497979062590822","0.0","0.0","0.0","356.10815121303125","165.73416332148528","-0.07687694890145735","-0.439347587664073","-0.2517260054743852","250"
"106","55.796135","37.584322","165.0","5732.402574673684","41.77304896616306","-1.0","-2.3938879845950876","-1.3713348645212307","356.56856702858437","165.6435699123363","-0.09059340914899394","-0.21687047364528328","-0.12425743360317934","250"
"107","55.796576","37.584272","165.0","5781.539099634023","49.13652496033908","0.0","0.0","0.0","356.35325023769025","165.9010521314582","0.25748221912189706","0.5240138966476074","0.30023509880374377","250"
"108","55.796607","37.584268","165.0","5784.995202806052","3.456103172028623","0.0","0.0","0.0","355.8514185060474","165.92736869736154","0.026316565903357514","0.7614519762125771","0.4362714137144309","250"
"109","55.79717","37.584221","166.0","5847.666925944147","62.671723138095295","1.0","1.5956159331961073","0.9141430122542152","357.3132583617972","166.45669621789594","0.5293275205343946","0.8446034256438697","0.48391061006815234","250"
"110","55.797516","37.58418","168.0","5886.225680109945","38.558754165798064","2.0","5.186889574803785","2.9692079538227296","356.1891859024115","166.81953864660673","0.36284242871079186","0.941011805388246","0.5391441357875151","250"
"111","55.798054","37.584117","168.0","5946.178093282906","59.95241317296128","0.0","0.0","0.0","356.234026260422","167.25956848085113","0.4400298342443989","0.7339651749712282","0.4205235171937963","250"
"112","55.798719","37.584053","167.0","6020.230943610596","74.05285032769001","-1.0","-1.3503869136365676","-0.7736676836408679","356.9034873138631","167.36402091315156","0.10445243230043388","0.14105119767601546","0.08081632962515792","250"
"113","55.798841","37.584033","167.0","6033.854216607508","13.623272996911961","0.0","0.0","0.0","354.7352017064746","167.34248315539955","-0.021537757752014386","-0.1580953252342255","-0.0905818734995662","250"
"114","55.799364","37.583951","167.0","6092.2346479050775","58.38043129756957","0.0","0.0","0.0","354.96357905374845","167.4850325456555","0.14254939025596514","0.24417323936745153","0.13990068282641552","250"
"115","55.799707","37.583892","167.0","6130.5524153516235","38.317767446545545","0.0","0.0","0.0","354.4774877259564","167.76914256639824","0.2841100207427303","0.7414576570492329","0.4248161595898763","250"
"116","55.800341","37.583748","169.0","6201.62227715719","71.06986180556679","2.0","2.814132389157598","1.6119536583610083","352.7247179033442","168.68547287405747","0.9163303076592229","1.289337398975283","0.7386949817831369","250"
"117","55.800489","37.583715","169.0","6218.207890526592","16.585613369401127","0.0","0.0","0.0","352.856490425722","168.94357222315483","0.258099349097364","1.5561640281180835","0.891544348218109","250"
"118","55.801534","37.583472","171.0","6335.395047068247","117.18715654165469","2.0","1.7066716686560197","0.9777559124177168","352.55368602412557","169.35806240573106","0.4144901825762304","0.3536993257694567","0.20265394074630844","250"
"119","55.802237","37.583304","168.0","6414.267181102705","78.87213403445804","-3.0","-3.8036247360688193","-2.178266373852983","352.35001102320655","168.6043191235168","-0.7537432822142591","-0.9556521976252856","-0.5475317083059571","250"
"120","55.802304","37.583287","168.0","6421.792628328217","7.525447225511524","0.0","0.0","0.0","351.88379037594467","168.5340030105561","-0.07031611296071105","-0.9343778629173961","-0.5353435009168167","250"
"121","55.802618","37.58321","167.0","6457.037953487044","35.24532515882806","-1.0","-2.8372557083631427","-1.6251917742546607","352.15256689129814","168.23793508874067","-0.2960679218154212","-0.8400204012340163","-0.4812849167978551","250"
"122","55.803086","37.583094","167.0","6509.579792186629","52.541838699584424","0.0","0.0","0.0","352.0692374473676","168.00201501597556","-0.2359200727651114","-0.44901373572786174","-0.2572641910856681","250"
"123","55.803719","37.582934","169.0","6580.672990209773","71.09319802314418","2.0","2.8132086551359046","1.611424816423163","351.9145950245602","168.29575618430133","0.29374116832576647","0.41317759855188946","0.23673197874080237","250"
"124","55.804394","37.582763","169.0","6656.486625237642","75.81363502786883","0.0","0.0","0.0","351.8967829425101","169.14847989836613","0.8527237140648083","1.1247629977791593","0.6444145533833826","250"
"125","55.80466","37.582692","169.0","6686.395471000505","29.908845762862228","0.0","0.0","0.0","351.468572805606","169.45329064613952","0.3048107477733879","1.0191324338964327","0.5838996576235657","250"
"126","55.805246","37.582534","170.0","6752.299648095875","65.9041770953713","1.0","1.5173545047878823","0.8693133797096152","351.3834615599061","169.0433598739747","-0.4099307721648131","-0.6220103037954542","-0.35638105616882704","250"
"127","55.805663","37.582387","171.0","6799.569222821303","47.26957472542748","1.0","2.1155256966212455","1.2119261631275322","348.79391837476084","168.69314438381792","-0.3502154901567849","-0.7408898687814833","-0.42449085874591547","250"
"128","55.805929","37.582227","167.0","6830.79140702479","31.22218420348708","-4.0","-12.811403500570137","-7.300624617807168","341.32250221797904","168.63650567294565","-0.0566387108722779","-0.18140534468422023","-0.10393749230316764","250"
"129","55.806176","37.582063","167.0","6860.106407672049","29.315000647259073","0.0","0.0","0.0","339.5371517038244","168.67378802284134","0.03728234989569046","0.12717840379504247","0.07286781854037074","250"
"130","55.806582","37.581807","167.0","6908.002262016577","47.89585434452897","0.0","0.0","0.0","340.4878641898323","168.56054522825124","-0.1132427945900929","-0.23643548307021348","-0.1354673006423935","250"
"131","55.807082","37.581494","170.0","6966.93998068826","58.93771867168294","3.0","5.090118972388003","2.91390850102497","340.618132268332","168.48481682833284","-0.07572839991840397","-0.1284888550577514","-0.07361865057950066","250"
"132","55.807908","37.580947","169.0","7064.941335567903","98.00135487964198","-1.0","-1.020394056008844","-0.584622438684135","339.58720031275516","168.44011846885272","-0.04469835948012246","-0.045609940326863524","-0.026132569033637844","250"
"133","55.808095","37.580823","168.0","7087.131612007313","22.190276439411104","-1.0","-4.506478334014565","-2.580276130230381","339.5625549553579","168.24568792547657","-0.19443054337614285","-0.8761970311952668","-0.5020110725380821","250"
"134","55.808422","37.580616","167.0","7125.724615287633","38.59300328032014","-1.0","-2.5911432513725443","-1.4842835998031565","340.4176405839806","167.80821918563825","-0.437468739838323","-1.133544172918522","-0.6494451547311144","250"
"135","55.809241","37.580183","167.0","7220.727714904095","95.00309961646165","0.0","0.0","0.0","343.4533660869404","167.74304022228438","-0.06517896335387263","-0.06860719662517069","-0.03930902194094878","250"
"136","55.809535","37.580019","167.0","7254.987596501074","34.25988159697967","0.0","0.0","0.0","342.5955547840563","168.10752786028573","0.36448763800135","1.0638905361350781","0.6095413792926352","250"
"137","55.810096","37.579704","170.0","7320.399619786704","65.41202328562913","3.0","4.586312805063611","2.6259235584111336","342.4881466318837","168.74705817361922","0.6395303133334949","0.9776953550892503","0.5601603270614932","250"
"138","55.810301","37.579592","170.0","7344.244690337631","23.84507055092741","0.0","0.0","0.0","342.93308787253034","168.93781873802655","0.19076056440732714","0.7999999999996136","0.4583564580002101","250"
"139","55.810735","37.579355","170.0","7394.72435674549","50.47966640785862","0.0","0.0","0.0","342.9408781173129","169.32173568539693","0.3839169473703805","0.7605378059919443","0.43574766309153773","250"
"140","55.810981","37.579219","169.0","7423.367899780863","28.64354303537305","-1.0","-3.4911882191566184","-1.9994914152493373","342.742198592719","169.3981892931601","0.07645360776317034","0.2669139347348013","0.15293005636258644","250"
"141","55.812036","37.578661","169.0","7545.750120875177","122.38222109431481","0.0","0.0","0.0","343.44809099347395","169.00047848594653","-0.39771080721357066","-0.3249743334099744","-0.18619592208526609","250"
"142","55.812408","37.578452","169.0","7589.127008552642","43.37688767746435","0.0","0.0","0.0","342.47943892026797","169.0","-0.00047848594653032706","-0.0011030896224924764","-0.0006320237979093465","250"
"143","55.813598","37.577799","169.0","7727.596305706964","138.469297154322","0.0","0.0","0.0","342.8639428069482","168.8599503038898","-0.14004969611019646","-0.10114133529118238","-0.05794969670501317","250"
"144","55.817433","37.575693","167.0","8173.866463627784","446.27015792081994","-2.0","-0.448159027553631","-0.25677448922894136","342.8534434603365","167.1400496961108","-1.7199006077790102","-0.38539449193557007","-0.2208136851187335","250"
"145","55.820486","37.574004","167.0","8529.364171282825","355.49770765504127","0.0","0.0","0.0","342.7350412237938","166.20421585223917","-0.9358338438716203","-0.2632460979972649","-0.15082855547948687","250"
"146","55.821149","37.573648","164.7","8606.367617421667","77.00344613884313","-2.3","-2.986879309080431","-1.7108471297789904","343.21415177604126","165.4363376221275","-0.7678782301116769","-0.9971998249625522","-0.5713344755414727","250"
"147","55.821672","37.573418","164.7","8666.27109444593","59.90347702426261","0.0","0.0","0.0","346.1229455153489","164.74285713407676","-0.6934804880507386","-1.1576631649776512","-0.6632625057752615","250"
"148","55.822556","37.573142","164.0","8766.068015487452","99.79692104152153","-0.7","-0.7014244454583503","-0.40188001302513027","350.05205445292574","164.19797668167018","-0.5448804524065736","-0.5459892416719655","-0.31282568360934904","250"
"149","55.8232","37.573024","164.0","8838.055984236395","71.98796874894305","0.0","0.0","0.0","354.12329480574095","163.9786172097586","-0.2193594719115879","-0.3047168516125253","-0.17458935507267043","250"
"150","55.824021","37.572979","163.8","8929.390407361036","91.33442312464166","-0.2","-0.21897548936950673","-0.125463513043479","358.23645108474534","163.9001312199207","-0.07848598983790112","-0.08593254016702265","-0.04923570662488312","250"
"151","55.825554","37.572974","164.0","9099.852751447394","170.46234408635874","0.2","0.11732796534739487","0.06722394148614724","359.89502990599135","164.65954148121645","0.7594102612957556","0.4455003041088225","0.25525118332006175","250"
"152","55.825657","37.572973","164.0","9111.306015024136","11.453263576742321","0.0","0.0","0.0","359.68753919688993","164.75757871520332","0.09803723398687225","0.8559764064624558","0.4904263769896643","250"
"153","55.826134","37.572966","166.0","9164.347870273767","53.04185524963037","2.0","3.770607175385211","2.1593757985838793","359.52771780600943","165.20357704131027","0.44599832610694534","0.8408422443143206","0.4817557649399148","250"
"154","55.82622","37.572964","166.0","9173.911463033883","9.563592760115442","0.0","0.0","0.0","359.25159336074444","165.2825868067965","0.07900976548623362","0.8261515046493876","0.4733391758625715","250"
"155","55.826399","37.572965","166.0","9193.815480393552","19.9040173596691","0.0","0.0","0.0","0.17979364390071878","165.44564783276246","0.16306102596595906","0.8192367551706652","0.4693775843796045","250"
"156","55.83224","37.572969","166.0","9843.305992081","649.4905116874472","0.0","0.0","0.0","0.022036181169752346","166.0","0.5543521672375391","0.08535184999042891","0.04890299590567831","250"
"157","55.833579","37.572984","166.0","9992.199151106144","148.89315902514556","0.0","0.0","0.0","0.3604570874952041","166.21063503744733","0.21063503744733225","0.14146723652478857","0.0810547018509875","250"
"158","55.833896","37.572948","166.0","10027.51960733093","35.32045622478629","0.0","0.0","0.0","356.35077612414074","166.35171212590114","0.1410770884538124","0.3994203459773289","0.22884978376942708","250"
"159","55.834142","37.572908","166.5","10054.987406973225","27.467799642293834","0.5","1.8203132632077297","1.0428475000009867","354.7824764569004","166.42302425967344","0.07131213377229528","0.259620845866706","0.14875145320866245","250"
"160","55.834728","37.572752","167.0","10120.8718821455","65.88447517227553","0.5","0.7589041252777592","0.434811687013899","351.49727574581453","166.35133103729413","-0.07169322237930942","-0.10881656443622736","-0.06234727422453772","250"
"161","55.835029","37.572771","167.0","10154.362623723135","33.49074157763392","0.0","0.0","0.0","2.0301948238331025","166.2393791530449","-0.11195188424923685","-0.3342771135411392","-0.19152596456138815","250"
"162","55.835269","37.572859","166.2","10181.609322575983","27.246698852848517","-0.8","-2.9361355088209655","-1.6817985516182905","11.635180900274968","166.08556215988472","-0.15381699316017716","-0.5645344193470847","-0.3234509600959899","250"
"163","55.835666","37.572903","165.5","10225.839189560635","44.22986698465201","-0.7","-1.5826409793249063","-0.9067107881839481","3.5614563803421797","165.70135959529784","-0.38420256458687163","-0.8686496043955815","-0.4976870446335444","250"
"164","55.835779","37.572879","165.4","10238.493290483184","12.654100922550192","-0.1","-0.7902576454230373","-0.452774852892779","353.19841600278215","165.57394116359578","-0.12741843170206835","-1.0069338982037264","-0.5769111287060433","250"
"165","55.836501","37.572596","164.6","10320.697984981505","82.20469449832099","-0.8","-0.9731804307311668","-0.5575737120675487","347.586497457648","164.7117291210713","-0.8622120425244759","-1.0488598586569609","-0.6009303964058262","250"
"166","55.836587","37.572541","164.4","10330.858756420788","10.160771439283684","-0.2","-1.9683544816957288","-1.1276384274395144","340.2450593016904","164.63464451840892","-0.07708460266238149","-0.7586491156011655","-0.43466558564353","250"
"167","55.836774","37.572338","164.4","10355.211229085995","24.352472665207024","0.0","0.0","0.0","328.63355091943373","164.30696769164223","-0.32767682676669097","-1.3455587499122867","-0.7709018521594967","250"
"168","55.837097","37.571763","164.0","10405.995592810761","50.784363724766415","-0.4","-0.7876440121763874","-0.4512774445557781","315.0098804637488","163.08547131424118","-1.2214963774010528","-2.4052607688877194","-1.3778472401290371","250"
"169","55.837418","37.571148","164.0","10458.423563603288","52.427970792526665","0.0","0.0","0.0","312.9074260806952","161.86769220712222","-1.2177791071189574","-2.322766051614085","-1.3306076516077032","250"
"170","55.837522","37.57084","160.0","10480.864441378564","22.44087777527513","-4.0","-17.824614705611527","-10.106609316310765","301.01913853647125","161.3671544597214","-0.5005377474008128","-2.230473123258549","-1.2777550960771507","250"
"171","55.83759","37.570696","159.3","10492.612584676312","11.748143297748175","-0.7","-5.9583883364290635","-3.409873568129212","310.06187112418235","161.11098951093854","-0.25616494878286744","-2.180471775756837","-1.2491203630998813","250"
"172","55.837719","37.570499","159.0","10511.508721858932","18.896137182620212","-0.3","-1.5876260692895796","-0.909566316844125","319.3855027530762","160.7150104107326","-0.39597910020594895","-2.0955558079359844","-1.2004893300686843","250"
"173","55.837812","37.570335","159.0","10526.0621072011","14.553385342166957","0.0","0.0","0.0","315.28106241748173","160.42352553788012","-0.2914848728524646","-2.002866453401167","-1.1474045373743813","250"
"174","55.838292","37.569625","158.8","10595.445788789992","69.38368158889259","-0.2","-0.2882522164001418","-0.16515589692806118","320.2871929980137","159.29832842806354","-1.1251971098165825","-1.6217028039583183","-0.9290858212456978","250"
"175","55.838725","37.568881","159.2","10662.350316187929","66.90452739793788","0.4","0.5978668642569751","0.3425483989607039","316.0254386161366","159.69499769297428","0.3966692649107415","0.592888523898261","0.33969612115195635","250"
"176","55.839206","37.567989","161.0","10739.567937701788","77.21762151385843","1.8","2.3310741314104706","1.3353652546555386","313.8406656177271","160.30024002929312","0.6052423363188382","0.7838137519040441","0.4490830025538661","250"
"177","55.839563","37.567286","161.0","10798.749684017792","59.181746316004414","0.0","0.0","0.0","312.1259035220525","160.69098656560945","0.3907465363163283","0.6602484053611973","0.37828897374697884","250"
"178","55.83984","37.56674","160.7","10844.693989288962","45.94430527117031","-0.3","-0.6529644930516506","-0.37411577933179707","312.0981283354238","160.80532500769198","0.11433844208252708","0.2488631429024427","0.14258778328487087","250"
"179","55.840374","37.565852","160.8","10925.932914050074","81.23892476111232","0.1","0.12309370205730281","0.07052746050404787","316.96292898044805","160.52652255459503","-0.27880245309694374","-0.3431882609436034","-0.19663161734363638","250"
"180","55.841867","37.563728","159.0","11138.410196145323","212.4772820952496","-1.8","-0.8471493903960489","-0.4853692360532676","321.38312164803517","158.6446822830653","-1.8818402715297395","-0.8856665771384189","-0.5074363016785678","250"
"181","55.842077","37.563417","159.0","11168.779271240013","30.369075094689002","0.0","0.0","0.0","320.25588691977333","158.0698376640631","-0.5748446190021923","-1.8928617918387713","-1.0844004202376398","250"
"182","55.843871","37.560747","150.0","11428.741727123239","259.9624558832259","-9.0","-3.46203838143565","-1.9828099512365753","320.11823160839947","151.52588351145758","-6.543954152605522","-2.517268938075058","-1.4419843339670626","250"
"183","55.845845","37.557923","154.0","11710.275467008523","281.5337398852841","4.0","1.420788855229171","0.8139972805112942","321.2301344468702","154.3721078831777","2.846224371720126","1.0109709667054012","0.5792239631301634","250"
"184","55.847167","37.555958","159.0","11901.733814637126","191.45834762860233","5.0","2.6115340813967416","1.495958784220434","320.1567011684082","158.09716768008565","3.725059796907942","1.9456241229731832","1.114619877132956","250"
"185","55.847685","37.555143","158.7","11978.584555446036","76.85074080890921","-0.3","-0.3903670892984045","-0.22366273067490947","318.5467704207292","158.7495626479853","0.652394967899653","0.8489117489730453","0.48637892052569803","250"
"186","55.848252","37.554327","159.0","12059.638057185126","81.05350173908994","0.3","0.3701258965537303","0.21206554922932178","321.064642560239","158.63373510392847","-0.11582754405682749","-0.14290257863216657","-0.08187709063748885","250"
"187","55.849435","37.552392","157.4","12238.225255643525","178.5871984583985","-1.6","-0.8959208800023349","-0.5133111182583275","317.4417039327479","157.34018334890064","-1.2935517550278348","-0.724325016683189","-0.4150004069982191","250"
"188","55.850022","37.551479","156.4","12324.875583707984","86.65032806445905","-1.0","-1.1540637206313882","-0.6612004515737799","318.87523443676173","156.576350029137","-0.7638333197636484","-0.881512322948661","-0.5050562751738179","250"
"189","55.850659","37.550593","156.0","12414.740046610086","89.86446290210245","-0.4","-0.44511477293950613","-0.255030294611533","322.0180819853573","155.54156064248923","-1.034789386647759","-1.15150010719482","-0.6597318044410959","250"
"190","55.851698","37.549","153.0","12567.168721172573","152.42867456248666","-3.0","-1.968133626176864","-1.1275119355511465","319.28352868835236","153.2757893540822","-2.2657712884070236","-1.4864468873133136","-0.8516086131637371","250"
"191","55.852315","37.547991","152.0","12660.299516533745","93.13079536117304","-1.0","-1.0737586811342834","-0.61519476405404","317.44957361655446","151.96481235440447","-1.3109769996777345","-1.407672934171344","-0.8064839140217849","250"
"192","55.852815","37.547078","151.0","12739.914348431279","79.61483189753417","-1.0","-1.2560473672631995","-0.7196242877574041","314.2936657283228","151.01767108524217","-0.9471412691623016","-1.1896542975576343","-0.6815895499016321","250"
"193","55.853215","37.546244","150.2","12808.383273746414","68.46892531513491","-0.8","-1.1684132565509417","-0.6694210214981389","310.51247593055814","150.24213913903105","-0.7755319462111174","-1.1326772585397769","-0.6489485131458989","250"
"194","55.853756","37.544969","149.0","12908.141240282288","99.75796653587314","-1.2","-1.2029114482485745","-0.6891842508479961","307.0873767619579","150.15623381626887","-0.0859053227621871","-0.08611374684676977","-0.049339530327744636","250"
"195","55.854376","37.543405","152.0","13027.647176304832","119.50593602254446","3.0","2.5103355530674714","1.4380143057228438","305.23225797823574","150.6087951205559","0.45256130428703045","0.37869357736477294","0.21697439991962847","250"
"196","55.854593","37.542871","150.5","13068.793639816718","41.1464635118871","-1.5","-3.645513786541228","-2.0878009889144296","305.90397478141733","150.7853668448217","0.1765717242658127","0.4291297700829176","0.24587173763709583","250"
"197","55.854965","37.541812","150.6","13146.765546349387","77.97190653266742","0.1","0.1282513208242556","0.07348255371308128","302.0400926616174","150.59541198504715","-0.18995485977455928","-0.24361961663073486","-0.1395834822507353","250"
"198","55.855227","37.540994","150.3","13205.546371787117","58.78082543773073","-0.3","-0.5103705124348823","-0.29241822457105293","299.7111583221898","150.35914493617042","-0.23626704887672645","-0.4019457826889742","-0.23029672918913419","250"
"199","55.856092","37.537977","150.0","13416.985599879055","211.4392280919378","-0.3","-0.14188474045580335","-0.08129391350261214","297.05976073558014","150.27467765799352","-0.08446727817690203","-0.03994872613712629","-0.02288893282819754","250"
"200","55.856558","37.53645","150.8","13525.462469148744","108.47686926968898","0.8","0.7374844106268276","0.4225397815567969","298.5344258596799","150.7977450497523","0.5230673917587865","0.48219255891167573","0.27627384418451095","250"
"201","55.85708","37.534916","151.6","13637.42028363372","111.95781448497704","0.8","0.7145548559340155","0.40940280697007","301.2285555142755","151.60943240054883","0.8116873507965181","0.7249939225148359","0.41538364168381353","250"
"202","55.85761","37.533482","152.4","13744.576092592666","107.15580895894581","0.8","0.7465764178090437","0.4277488311266174","303.3661323349365","152.37584834568017","0.7664159451313424","0.7152350885848627","0.40979253165202667","250"
"203","55.859623","37.528683","154.9","14118.470167931535","373.89407533886873","2.5","0.6686385703582474","0.383095971959821","306.7760248342468","154.93075890625641","2.5549105605762463","0.6833246978467559","0.3915101186841079","250"
"204","55.860135","37.52757","155.6","14208.277984663266","89.80781673173082","0.7","0.7794421749400757","0.44657842647088536","309.34114001379066","155.55257428811862","0.6218153818622056","0.6923844766426733","0.39670074397255356","250"
"205","55.860616","37.526612","156.1","14288.49415428231","80.21616961904428","0.5","0.6233157259621805","0.35712897897752127","311.8177908016095","156.08460019981302","0.5320259116944044","0.6632402347569774","0.3800030906587346","250"
"206","55.861148","37.525636","156.6","14373.399296208763","84.9051419264519","0.5","0.5888924847839242","0.33740663932967546","314.1654741965949","156.61477805631048","0.5301778564974597","0.6244355105804077","0.3577705433323771","250"
"207","55.861867","37.524437","157.3","14482.897891165085","109.49859495632083","0.7","0.6392776092508138","0.36627409994777854","316.8985964949361","157.3086281041894","0.6938500478789251","0.6336611425522886","0.3630562319262784","250"
"208","55.862437","37.523418","157.9","14572.677888956932","89.77999779184684","0.6","0.6683003060337429","0.3829021694383743","314.9076727292129","157.89433714591897","0.5857090417295581","0.6523825530576566","0.37378236647875235","250"
"209","55.863","37.522302","158.5","14666.318968521293","93.64107956436108","0.6","0.6407444283975923","0.3671144909883551","311.9549617145067","158.53405900812893","0.6397218622099672","0.6831636982252812","0.39141787700202135","250"
"210","55.8636","37.52098","159.3","14772.413576707582","106.09460818628905","0.8","0.7540439742190278","0.4320271849237977","308.9654962162323","159.2656116879154","0.7315526797864607","0.6895286125209533","0.39506453247845486","250"
"211","55.864453","37.518997","160.3","14928.320166450521","155.9065897429398","1.0","0.6414097067024614","0.3674956517141238","307.47279393096767","160.05968334569968","0.7940716577842863","0.5093252691201565","0.29181935983325963","250"
"212","55.865262","37.51694","160.1","15085.055572261681","156.73540581115924","-0.2","-0.12760358705484043","-0.07311143020808639","305.02632992795685","160.11851354193502","0.05883019623533414","0.03753472033384403","0.02150580959337898","250"
"213","55.866054","37.515068","160.0","15231.339407982792","146.2838357211106","-0.1","-0.0683602528652923","-0.03916753365512591","307.01582930193945","159.8402664134167","-0.27824712851830213","-0.19021044064552622","-0.10898242325040476","250"
"214","55.867926","37.510656","158.0","15576.459912284328","345.1205043015364","-2.0","-0.5795077299297677","-0.3320297543921204","307.0971937885679","158.27636239459366","-1.5639040188230524","-0.4531472338880939","-0.259632462889315","250"
"215","55.868984","37.508127","158.6","15773.276771718665","196.81685943433763","0.6","0.30485193276858125","0.1746667501550577","306.7089225082799","158.62183105657436","0.3454686619807035","0.17552798219298857","0.10057002237548586","250"
"216","55.869569","37.506785","159.0","15879.303120466095","106.02634874742954","0.4","0.37726471271104434","0.2161557324742589","307.8449029017283","158.96588862853497","0.3440575719606045","0.3245019526044423","0.1859252706746175","250"
"217","55.870771","37.50388","159.6","16104.494587124274","225.19146665817973","0.6","0.26643993615919104","0.1526584771151891","306.4086681524815","159.5947779087201","0.6288892801851205","0.27926869943953847","0.16000876230598168","250"
"218","55.871449","37.502381","159.9","16224.616400926448","120.12181380217369","0.3","0.24974647859885318","0.14309389421221766","308.87500784575934","159.89645572408662","0.3016778153665314","0.2511432401972874","0.1438941746383978","250"
"219","55.872211","37.50089","160.2","16350.439377757724","125.82297683127632","0.3","0.23843021962696706","0.13661019405879163","312.3315394572917","160.19940432051754","0.3029485964309231","0.24077366794235466","0.1379528833302606","250"
"220","55.873841","37.498045","160.8","16604.113374956356","253.67399719863027","0.6","0.23652404528091683","0.13551804276760648","315.602740064734","160.8933322479073","0.6939279273897512","0.27355106753271047","0.15673282556511897","250"
"221","55.874259","37.497283","161.0","16670.595942229473","66.48256727311642","0.2","0.3008307413556728","0.1723627983198339","314.35706210702904","161.3385810654238","0.44524881751650014","0.669722659306127","0.3837170813596714","250"
"222","55.875052","37.495722","162.8","16801.963909060236","131.3679668307634","1.8","1.370197045310806","0.7850159530918296","312.16246585914433","163.0481528171301","1.7095717517063065","1.3013612016304446","0.7455829574792586","250"
"223","55.875625","37.494483","165.0","16902.129374502896","100.16546544265968","2.2","2.1963657736502045","1.2582225938503808","309.5017804659599","164.7562173152063","1.7080644980761974","1.7052429103461704","0.9769375323790912","250"
"224","55.87653","37.492362","167.3","17068.35633074395","166.22695624105484","2.3","1.3836504331250843","0.7927227153596347","307.25753385074574","168.1142404805254","3.3580231653191106","2.0201435683208064","1.1572995913307458","250"
"225","55.878154","37.488657","179.0","17361.64675056591","293.29041982195855","11.7","3.9892199708065696","2.284443380972214","308.0048054619702","177.54334007902443","9.429099598499022","3.214936104705684","1.8413884685006803","250"
"226","55.878635","37.487611","178.0","17446.011681286764","84.36493072085362","-1.0","-1.1853266415980312","-0.6791103352877066","309.3440647024391","179.16302857043596","1.619688491411523","1.9198599199598023","1.099863588462028","250"
"227","55.879101","37.486598","181.0","17527.726741940547","81.71506065378243","3.0","3.6712938545204836","2.1025521369245896","309.3549424714244","179.69508138702065","0.5320528165846952","0.6511074119359018","0.37305179546573713","250"
"228","55.87961","37.485667","180.0","17608.815935132054","81.08919319150844","-1.0","-1.2332099514645545","-0.7065414390764952","314.2652136129067","180.09413674521818","0.39905535819752913","0.49211903891444525","0.28196116330374177","250"
"229","55.879825","37.485334","180.0","17640.485193577417","31.669258445362193","0.0","0.0","0.0","319.01627143254336","180.02475693765842","-0.06937980755975559","-0.21907619870371775","-0.1255212149647481","250"
"230","55.880312","37.484716","179.6","17706.955044772545","66.46985119512745","-0.4","-0.6017765841325096","-0.34478842284693795","324.5565029608978","179.61964334120228","-0.40511359645614675","-0.6094696906525398","-0.3491960865301702","250"
"231","55.880685","37.484314","179.4","17755.42064396858","48.46559919603574","-0.2","-0.4126638343849447","-0.2364376185754375","328.845892433569","179.38128465766832","-0.23835868353395995","-0.49181004153035746","-0.281784125128693","250"
"232","55.880977","37.484061","179.2","17791.521038130264","36.10039416168212","-0.2","-0.5540105714753805","-0.3174214280238457","334.0803927879901","179.19735271247848","-0.18393194518984046","-0.5095012103360094","-0.2919201641084777","250"
"233","55.881442","37.483724","178.9","17847.335668638476","55.814630508212076","-0.3","-0.5374934802369795","-0.3079581137277724","337.877937504717","178.92574099976196","-0.2716117127165205","-0.48663174913709756","-0.27881725314542005","250"
"234","55.882764","37.482913","178.2","18002.794466399995","155.45879776151833","-0.7","-0.4502800806898272","-0.2579897386336509","341.0124693967208","178.32507519027777","-0.6006658094841839","-0.38638264166022673","-0.22137984477554462","250"
"235","55.883113","37.482707","178.2","18043.67299799778","40.87853159778273","0.0","0.0","0.0","341.6820760690272","178.22796559211238","-0.09710959816538889","-0.23755647370331706","-0.1361095773564105","250"
"236","55.883899","37.48233","178.1","18134.17974322707","90.50674522928867","-0.1","-0.11048900250104149","-0.06330550949846765","344.94285776784966","178.35366773557104","0.12570214345865338","0.13888704442989427","0.079576363582245","250"
"237","55.884441","37.482126","178.0","18195.775721204343","61.59597797727606","-0.1","-0.16234826247404","-0.09301862078757317","348.07987218938285","178.85607093068214","0.5024031951110999","0.8156428578769317","0.4673185704954034","250"
"238","55.884996","37.482038","180.0","18257.732536453357","61.956815249014575","2.0","3.228054883004675","1.848897182210926","354.91814123334973","179.25084505634754","0.3947741256654069","0.637176272019059","0.365070171440747","250"
"239","55.885331","37.482048","180.4","18294.98810843451","37.25557198115427","0.4","1.0736649009236525","0.6151410381451592","0.9591460338043594","179.3751279396005","0.12428288325295966","0.333595423835737","0.19113538948625575","250"
"240","55.885764","37.482132","179.9","18343.41972104451","48.43161260999896","-0.5","-1.0323835467266114","-0.5914911872375219","6.209429095076923","179.37997524936497","0.0048473097644716745","0.010008565693455606","0.00573448571299661","250"
"241","55.886738","37.482504","178.0","18454.180467455993","110.76074641148277","-1.9","-1.7154091693652793","-0.9827606663344252","12.089953578737223","178.54352161015757","-0.8364536392074058","-0.7551896012870216","-0.4326835435066008","250"
"242","55.887557","37.48287","178.0","18548.065827894425","93.88536043843209","0.0","0.0","0.0","14.069788820009654","178.14842600347288","-0.39509560668469135","-0.4208277039568764","-0.24111509004557125","250"
"243","55.888053","37.483088","178.3","18604.869315228756","56.80348733433189","0.3","0.5281365882243655","0.3025971617079231","13.846575404708874","178.14906767306292","0.0006416695900384184","0.0011296306268340586","0.0006472306732355616","250"
"244","55.888557","37.483373","178.3","18663.66215307211","58.79283784335359","0.0","0.0","0.0","17.594930591550874","178.1497012106385","0.0006335375755952555","0.0010775761110277408","0.0006174056326362044","250"
"245","55.889182","37.48383","178.0","18738.77500777935","75.11285470723986","-0.3","-0.39939901255155474","-0.22883756081182346","22.296228311959517","178.10493228717522","-0.04476892346329464","-0.059602212747453365","-0.03414954835691061","250"
"246","55.890291","37.484603","178.0","18871.176244602775","132.40123682342428","0.0","0.0","0.0","21.34933433217801","177.35583877891673","-0.7490935082584826","-0.5657753101336239","-0.32416191543711936","250"
"247","55.890732","37.484896","178.0","18923.506251643135","52.33000704035932","0.0","0.0","0.0","20.43422302465731","176.84883534871227","-0.5070034302044633","-0.9688579438054323","-0.5550973429809415","250"
"248","55.891012","37.485058","175.0","18956.23857679277","32.73232514963359","-3.0","-9.165251739024665","-5.236672127273108","17.975381775593785","176.56221371906065","-0.28662162965161997","-0.8756531298688643","-0.5016994639413446","250"
"249","55.891453","37.485262","175.5","19006.89858322639","50.66000643361883","0.5","0.986971844654547","0.5654748512249885","14.542024048879206","176.10506153068877","-0.45715218837187876","-0.9023926772905123","-0.5170188851951802","250"
"250","55.892279","37.48552","176.0","19100.143923346946","93.24534012055707","0.5","0.5362198254127757","0.30722838429985017","9.934564187190727","175.46863664773292","-0.6364248829558505","-0.6825272792538647","-0.3910532527930037","250"
"251","55.892653","37.485612","175.0","19142.124654300285","41.98073095334016","-1.0","-2.382045231921899","-1.3645533341586065","7.853665715731766","175.48117208445632","0.012535436723396742","0.029859977277025884","0.017108506234826036","250"
"252","55.894656","37.486094","176.0","19366.866831071544","224.74217677125955","1.0","0.4449543091405537","0.25493835744795523","7.684517350521753","175.15368146216125","-0.3274906222950733","-0.14571836359331436","-0.08349041322045715","250"
"253","55.89534","37.486252","174.0","19443.55957083608","76.69273976453684","-2.0","-2.6078087784325206","-1.4938257954955412","7.37985803781173","174.57844621084072","-0.575235251320521","-0.7500517690287459","-0.42973994920113096","250"
"254","55.89653","37.48646","173.6","19576.515664557588","132.95609372150602","-0.4","-0.30085119741698524","-0.17237451867354514","5.597272376407559","173.5320661879722","-1.046380022868533","-0.7870117070830264","-0.45091518287970084","250"
"255","55.897005","37.486524","173.3","19629.48382977523","52.96816521763962","-0.3","-0.5663779343070261","-0.324507182590968","4.320178361845855","173.47259695444814","-0.0594692335240552","-0.11227353879392177","-0.06432797220969463","250"
"256","55.897466","37.486549","173.0","19680.768451641372","51.28462186614313","-0.3","-0.5849706775318018","-0.33515968669883406","1.741564656320574","173.5291615050584","0.05656455061026122","0.11029534498255465","0.06319455204888251","250"
"257","55.89792","37.486541","173.7","19731.25348176489","50.48503012351471","0.7","1.3865496332029656","0.7943835160188288","359.4339572616081","173.70256751341","0.17340600835160558","0.3434800532501559","0.19679880004951267","250"
"258","55.898356","37.486488","174.0","19779.847003891522","48.593522126632536","0.3","0.6173662391011985","0.35372030527808007","356.10109521039027","173.99855740922317","0.2959898958131646","0.6091138959670966","0.3489922387592528","250"
"259","55.89922","37.486272","174.8","19876.858682936632","97.0116790451111","0.8","0.8246429789427668","0.47247491318036483","352.0212561911069","174.73859745167195","0.7400400424487827","0.7628360314273698","0.437064372878523","250"
"260","55.899633","37.486118","175.1","19923.775040732387","46.91635779575404","0.3","0.6394358259991576","0.36636474776158817","348.1921565172973","175.03801171780006","0.2994142661281103","0.6381873619251993","0.3656494597279744","250"
"261","55.900047","37.485925","175.4","19971.3561491925","47.581108460112624","0.3","0.6305023352944601","0.36124644099083325","345.35280480297666","175.29667214392126","0.258660426121196","0.5436200090589142","0.3114682536054489","250"
"262","55.900834","37.485455","175.7","20063.641356707743","92.2852075152424","0.3","0.3250791844949258","0.18625599669707432","341.4890113337446","175.63423985986412","0.3375677159428676","0.36578745936840723","0.2095798414802188","250"
"263","55.901329","37.485089","175.8","20123.224405721816","59.58304901407261","0.1","0.1678329686961497","0.09616111740589901","337.4850926152248","175.7833804078158","0.1491405479516743","0.25030700915699966","0.14341505255724674","250"
"264","55.901676","37.484799","175.8","20165.83417110654","42.609765384725684","0.0","0.0","0.0","334.8957421070182","175.87052287216298","0.0871424643471812","0.20451289407573023","0.11717709349919227","250"
"265","55.902061","37.48443","176.0","20214.43271451295","48.59854340641082","0.2","0.41153496788469024","0.23579083669849402","331.75039965570517","175.96918338930794","0.09866051714496393","0.2030112637736983","0.11631672628441193","250"
"266","55.90268","37.48374","176.1","20295.596638150364","81.16392363741468","0.1","0.12320744921935035","0.07059263272837639","327.9987454286607","176.41955578467622","0.45037239536827656","0.5548923403213412","0.31792662882693706","250"
"267","55.903105","37.483195","176.4","20353.798613012492","58.20197486212843","0.3","0.5154464272228805","0.29532643300790984","324.2884927362333","176.8409357608184","0.421379976142191","0.72399601068585","0.41481191033232345","250"
"268","55.903483","37.482663","178.0","20407.337385714953","53.53877270245936","1.6","2.9884883781179807","1.7117682362238604","321.72746996964213","177.12202502327227","0.281089262453861","0.5250199962856991","0.3008115355752471","250"
"269","55.904146","37.481594","177.4","20506.711609796206","99.37422408125244","-0.6","-0.603778299199011","-0.3459352794279216","317.8910391381858","177.13028018308617","0.008255159813899127","0.008307143920086732","0.004759642853338768","250"
"270","55.905324","37.479558","175.0","20689.095241153937","182.3836313577319","-2.4","-1.3159075637070625","-0.7539159819567713","315.9068574141179","175.2312771401573","-1.8990030429288822","-1.0412135282053516","-0.5965498501717587","250"
"271","55.905656","37.478951","174.0","20741.956856951296","52.86161579735883","-1.0","-1.8917318075055205","-1.083753218654648","314.2963232049773","175.17477544280328","-0.05650169735400823","-0.10688605806262788","-0.061241176835870534","250"
"272","55.907488","37.475609","180.0","21033.313845657372","291.35698870607837","6.0","2.0593293562807977","1.1797420564707104","314.36219803404066","178.81083059532008","3.6360551525168034","1.2479725194389844","0.7149984658654861","250"
"273","55.909687","37.471735","174.0","21376.953950167674","343.6401045103028","-6.0","-1.7460127386907227","-1.0002899691436569","315.36297729001404","175.53870185161753","-3.2721287437025524","-0.9521964115234546","-0.5455518688805661","250"
"274","55.911876","37.467786","185.0","21723.101760781716","346.14781061404364","11.0","3.177833186489528","1.8201517598086554","314.68475321602364","184.28682372464797","8.748121873030442","2.5272792734155516","1.4477161870989612","250"
"275","55.91529","37.461716","189.8","22259.01395997077","535.9121991890519","4.8","0.8956691053615521","0.513166873590169","315.10433768588433","189.57228665951453","5.285462934866558","0.9862553871444946","0.5650643912641622","250"
"276","55.916058","37.460431","190.0","22376.08137451961","117.06741454884003","0.2","0.17084173317636636","0.09788500752514308","316.84298126874006","189.72853771340846","0.15625105389392502","0.1334710042893599","0.07647320692046215","250"
"277","55.916494","37.459771","189.5","22439.657078442735","63.57570392312365","-0.5","-0.7864639620893616","-0.4506013675396396","319.6917452913216","189.44638711710274","-0.28215059630571204","-0.44380255175293265","-0.2542784621057233","250"
"278","55.916862","37.459254","189.3","22491.73687037735","52.07979193461654","-0.2","-0.38402611179992724","-0.2200296726568695","321.7869198158805","189.05628177525847","-0.3901053418442757","-0.7490531881041933","-0.4291678366192837","250"
"279","55.91739","37.458589","188.3","22563.598467608816","71.86159723146507","-1.0","-1.3915638373288808","-0.7972558891402968","324.7859825095518","188.55835588826798","-0.4979258869904868","-0.6928956580058684","-0.396993615268813","250"
"280","55.917737","37.458218","187.9","22608.578576308086","44.98010869927179","-0.4","-0.8892819772275825","-0.5095076102034918","329.0724834873318","188.3507292120699","-0.20762667619808894","-0.4615966528365689","-0.2644735220676113","250"
"281","55.918422","37.457559","188.2","22695.110876563165","86.5323002550812","0.3","0.3466913500688824","0.19863871568364538","331.6708167444606","188.29928563335537","-0.051443578714525984","-0.059450145856379456","-0.03406242047716111","250"
"282","55.91883","37.45721","188.4","22745.421121504853","50.3102449416889","0.2","0.39753334580621913","0.22776862947898696","334.3900712352751","188.5365523824543","0.23726674909892154","0.47160722308929504","0.2702090314508252","250"
"283","55.919646","37.45662","189.2","22843.320854557816","97.89973305296317","0.8","0.8171625959053481","0.4681892582128204","337.9442777634135","189.16885779400357","0.6323054115492823","0.6458704143832639","0.37005134307594373","250"
"284","55.920073","37.456368","189.6","22893.33007935611","50.009224798295136","0.4","0.7998524304532639","0.4582719122882326","341.7010790572871","189.4927766359076","0.32391884190403175","0.6477181824163658","0.3711099918862553","250"
"285","55.920913","37.455957","190.1","22990.18083451016","96.85075515405096","0.5","0.5162582358854086","0.295791552732253","344.66826178343433","189.76711876453646","0.2743421286288594","0.2832627667099657","0.1622971761788091","250"
"286","55.924382","37.454764","188.0","23383.012591519884","392.8317570097256","-2.1","-0.5345799983141406","-0.30628885951280754","349.0936830134994","188.4803858357575","-1.2867329287789744","-0.32755318423686347","-0.18767347904062565","250"
"287","55.928788","37.453271","193.0","23881.68876778744","498.6761762675576","5.0","1.002654676111361","0.5744595625644522","349.25118244975886","192.49143680855633","4.0110509727988415","0.8043398027995565","0.46084282185169434","250"
"288","55.930203","37.452799","192.0","24041.753424560327","160.06465677288608","-1.0","-0.6247475365026326","-0.3579493140426927","349.4154413728196","191.87077860528416","-0.6206582032721712","-0.38775468350443915","-0.22216595506774608","250"
"289","55.931906","37.452232","190.0","24234.38414384116","192.63071928083173","-2.0","-1.0382559995969531","-0.5948554942694481","349.4353448877498","190.04344736125506","-1.8273312440290965","-0.9486188136820867","-0.5435022414473757","250"
"290","55.932873","37.4519","189.0","24343.88032453177","109.49618069061043","-1.0","-0.9132738637026748","-0.5232528319864155","349.11374384525493","188.8777943362165","-1.1656530250385515","-1.0645604419136687","-0.609925163563999","250"
"291","55.933093","37.451823","189.0","24368.80896497924","24.928640447468258","0.0","0.0","0.0","348.90750367610667","188.73791263719463","-0.13988169902188474","-0.5611284711521084","-0.3214995573444423","250"
"292","55.933236","37.451773","189.0","24385.01197956974","16.203014590500562","0.0","0.0","0.0","348.9183501395467","188.72554258452357","-0.012370052671059284","-0.0763441432578327","-0.04374196349393105","250"
"293","55.93343","37.451706","187.0","24406.98378434076","21.971804771020583","-2.0","-9.102574962971968","-5.201058102997836","349.05104876794593","188.75493063808793","0.029388053564360916","0.1337534802927154","0.07663505345958978","250"
"294","55.933751","37.451594","188.0","24443.352728009628","36.36894366886886","1.0","2.7495986936128185","1.5750071677893356","348.94139032033917","188.84233089846933","0.08740026038140059","0.24031564176611922","0.13769045518066772","250"
"295","55.933974","37.451516","188.0","24468.620684257578","25.26795624795108","0.0","0.0","0.0","348.91467947243893","188.93150110703706","0.08917020856773661","0.35289838122530076","0.20219503905428388","250"
"296","55.93433","37.451392","190.0","24508.952538809346","40.33185455176965","2.0","4.9588594976033535","2.8388917558888616","348.9599476695192","189.09282729391194","0.16132618687487366","0.3999969469983004","0.22918014654096525","250"
"297","55.934907","37.451089","190.0","24575.83012194556","66.87758313621602","0.0","0.0","0.0","343.6091132758924","189.7313540197052","0.6385267257932696","0.9547694396980835","0.5470259714151916","250"
"298","55.935534","37.450874","190.0","24646.82379493703","70.99367299146913","0.0","0.0","0.0","349.127692853728","190.22505512094497","0.49370110123976474","0.6954156341496653","0.39843738567549425","250"
"299","55.935633","37.45084","190.0","24658.033937286604","11.210142349572747","0.0","0.0","0.0","349.1112636990344","190.26210304600187","0.03704792505689625","0.3304857681696456","0.189353707675552","250"
"300","55.93628","37.450619","190.7","24731.28205040994","73.24811312333593","0.7","0.9556560164510078","0.5475338961321142","349.1689495828244","190.5250983580593","0.2629953120574271","0.3590472175229864","0.2057180180989117","250"
"301","55.937257","37.450376","191.0","24840.96876185582","109.68671144588144","0.3","0.27350623976726446","0.15670714133963243","352.0692536996285","190.39975057886355","-0.12534777919574935","-0.11427799917002249","-0.06547644193352652","250"
"302","55.937616","37.450287","190.0","24881.270788395872","40.302026540052154","-1.0","-2.4812648044043146","-1.4213683625717748","352.09481642288756","189.95543245948664","-0.44431811937690213","-1.1024709115690219","-0.6316437126389357","250"
"303","55.937796","37.450227","190.0","24901.631739778724","20.360951382850743","0.0","0.0","0.0","349.4247678836614","189.6304456797503","-0.32498677973634926","-1.5961276741227","-0.9144361435523145","250"
"304","55.938054","37.450141","190.0","24930.81576453719","29.184024758467714","0.0","0.0","0.0","349.42483709249643","189.08176551251114","-0.548680167239155","-1.8800702500088033","-1.077074013932203","250"
"305","55.939001","37.449815","186.0","25038.05688650382","107.24112196662912","-4.0","-3.7299124875294614","-2.136092207363699","349.0871088805329","187.6324624751061","-1.4493030374050306","-1.3514433743578504","-0.7742728805996371","250"
"306","55.93989","37.449493","187.5","25138.922794511407","100.86590800758948","1.5","1.4871228838659094","0.8519958450592822","348.53274883002365","188.02757986068352","0.3951173855774073","0.39172540393695493","0.2244409757345923","250"
"307","55.940458","37.449244","189.9","25203.957331962247","65.0345374508385","2.4","3.690346843497165","2.113453925225749","346.20578062370834","189.09487395029515","1.0672940896116359","1.6411189061172835","0.9402074682659446","250"
"308","55.941027","37.448952","190.3","25269.78862928075","65.83129731850043","0.4","0.6076137282617228","0.34813273778916337","343.96509715951777","190.11289153329656","1.0180175830014093","1.5464036476086853","0.8859534075757883","250"
"309","55.941732","37.448528","190.8","25352.508425384483","82.7197961037328","0.5","0.6044502326540878","0.3463202548889804","341.38567906199586","191.04421795979513","0.9313264264985719","1.125880950347924","0.6450550119177988","250"
"310","55.94242","37.447988","192.0","25436.0750460564","83.56662067191878","1.2","1.435980048434866","0.8226994175776283","336.2719010120168","191.79860219945013","0.7543842396549962","0.9027339308319008","0.5172143931453559","250"
"311","55.94299","37.447469","192.7","25507.220621664896","71.14557560849353","0.7","0.9838981468812972","0.5637139231266484","332.9825234365135","192.17278005657718","0.37417785712705154","0.5259327146161725","0.3013344702178933","250"
"312","55.943563","37.446883","192.3","25580.645010229768","73.42438856487385","-0.4","-0.544778115035417","-0.3121317798017643","330.1996667173728","192.14391735339166","-0.028862703185524197","-0.03930942259059149","-0.022522638935282013","250"
"313","55.943949","37.446444","191.8","25631.53236669755","50.88735646778205","-0.5","-0.9825623390685689","-0.5629486356110968","327.50718126624054","191.96100408688932","-0.1829132665023394","-0.35944737396242227","-0.20594728789123365","250"
"314","55.944472","37.44577","191.5","25703.250167235587","71.71780053803658","-0.3","-0.4183061914188105","-0.23967039521333391","324.18295660896865","191.72630318311602","-0.23470090377330166","-0.3272561372665418","-0.18750328548782952","250"
"315","55.944909","37.445129","191.6","25766.13371652595","62.883549290364634","0.1","0.15902410269218464","0.09111402244615645","320.60029467991365","191.7009454514943","-0.0253577316217104","-0.040324905174517325","-0.02310446750531343","250"
"316","55.9457","37.443867","192.0","25884.07945135126","117.94573482530905","0.4","0.3391390121842432","0.19431159570619544","318.2220958822588","192.0339335461408","0.33298809464648116","0.28232313371880224","0.16175881043737445","250"
"317","55.948659","37.439001","194.0","26331.3539225808","447.27447122954266","2.0","0.4471527280557879","0.25619793364135174","317.3620622872294","193.57279750859365","1.538863962452865","0.34405360945876906","0.1971274196666992","250"
"318","55.952247","37.433072","189.0","26874.894073513482","543.540150932681","-5.0","-0.9198952444304827","-0.5270462849892347","317.22671197426854","186.2745851508528","-7.2982123577408515","-1.342718168145918","-0.7692746126885478","250"
"319","55.952915","37.431987","179.3","26975.29294988974","100.39887637625752","-9.7","-9.66146270765822","-5.51848235495743","317.7175662678206","179.28808428080006","-6.986500870052737","-6.958744083818169","-3.9806496281642727","250"
"320","55.953422","37.431103","172.1","27054.076852325205","78.7839024354663","-7.2","-9.138922771561976","-5.22171204689332","315.6908279737342","172.1473576652445","-7.140726615555565","-9.063687371166587","-5.178959475317041","250"
"321","55.953886","37.430223","164.0","27129.331305962478","75.25445363727418","-8.1","-10.763482569472805","-6.14336992248193","313.283243349977","167.43922781316564","-4.708129852078855","-6.256280691069795","-3.579918929662318","250"
"322","55.954338","37.429228","164.0","27209.099107197653","79.76780123517673","0.0","0.0","0.0","309.0565113177653","166.15171577433125","-1.287512038834393","-1.6140748759495882","-0.9247164841365981","250"
"323","55.954611","37.428541","166.0","27261.545002904903","52.4458957072491","2.0","3.813453794676175","2.183889852756334","305.36723677408014","167.91995856754482","1.7682427932135738","3.371556094844551","1.9310278763300988","250"
"324","55.954769","37.428106","168.0","27293.82469194004","32.27968903513899","2.0","6.195846551752224","3.5454264257694237","302.97487990613604","169.18136425260454","1.2614056850597137","3.9077380320689397","2.2378303435657343","250"
"325","55.955006","37.427455","175.0","27342.16574256909","48.341050629050486","7.0","14.480446554037782","8.239414323973687","303.03534030094863","170.9737483984232","1.7923841458186587","3.7077889754045352","2.123433874972185","250"
"326","55.955417","37.426056","173.0","27440.5184227212","98.35268015210974","-2.0","-2.0334982197809466","-1.1649481009647358","297.68920861441757","174.2499879586734","3.2762395602501897","3.3311136566723363","1.9078820625337956","250"
"327","55.955733","37.424793","175.3","27526.635923323945","86.11750060274412","2.3","2.670769569369865","1.5298745592446619","294.08102553995525","175.53321876213326","1.2832308034598725","1.4900929479820304","0.8536971894365195","250"
"328","55.955977","37.423594","177.8","27606.052598257174","79.41667493323028","2.5","3.1479535023367315","1.8030490713327882","289.9770795519735","177.41116631293298","1.8779475507997176","2.3646766278978633","1.3546074594716109","250"
"329","55.95617","37.422547","179.0","27674.670811716976","68.61821345980056","1.2","1.748806824740505","1.0018903738519152","288.22573787852025","179.05146966395898","1.6403033510260059","2.390478079099166","1.3693822499782877","250"
"330","55.956908","37.418365","185.0","27947.625616411882","272.9548046949058","6.0","2.1981661054497565","1.2592536102163352","287.49796382872046","182.63558460905776","3.5841149450987757","1.3130799983920072","0.7522961862518885","250"
"331","55.957489","37.414927","173.0","28171.174096060513","223.5484796486302","-12.0","-5.36796314556082","-3.0726672927520324","286.79920837422907","174.8369538737647","-7.798630735293045","-3.4885635310742455","-1.9979894090812431","250"
"332","55.957719","37.413622","173.0","28256.33813474043","85.16403867991495","0.0","0.0","0.0","287.4762392994203","174.7404997343309","-0.09645413943380277","-0.11325688744790642","-0.06489138876988187","250"
"333","55.958249","37.410568","183.0","28455.366125277604","199.02799053717567","10.0","5.024418913646289","2.876361172496833","287.2251382513523","181.3619039527923","6.621404218461379","3.3268708590134675","1.9054538095782758","250"
"334","55.958297","37.410294","183.0","28473.237332422017","17.87120714441187","0.0","0.0","0.0","287.37708000562156","181.7542048686892","0.39230091589689664","2.195156223789644","1.257529906798987","250"
"335","55.959195","37.405111","182.0","28810.95689914602","337.71956672400097","-1.0","-0.2961036607088991","-0.16965440474265034","287.19980090274845","181.76905973461643","0.014854865927247829","0.004398580180397977","0.0025202008002416436","250"
"336","55.959419","37.403681","181.0","28903.386465261792","92.4295661157757","-1.0","-1.081904894747009","-0.619861658478577","285.63377606763567","181.31484587136657","-0.454213863249862","-0.4914162019119742","-0.2815584771028488","250"
"337","55.959578","37.402487","180.7","28979.7805866957","76.39412143390601","-0.3","-0.39270037323428264","-0.2249995834003902","283.3818684642759","181.4774978230372","0.1626519516706253","0.21291160709446352","0.12198918062767544","250"
"338","55.959687","37.401179","182.4","29062.093525834858","82.3129391391603","1.7","2.0652889057040444","1.1831551751272542","278.467912665774","182.20421622853354","0.7267184054963423","0.8828726237897228","0.5058356094916653","250"
"339","55.959727","37.400057","183.4","29132.073136046056","69.9796102111991","1.0","1.4289876679535523","0.8186939006120583","273.64455838795243","183.05483152090758","0.8506152923740444","1.2155187629752149","0.6964066540260926","250"
"340","55.959717","37.399091","183.4","29192.211399915806","60.13826386974963","0.0","0.0","0.0","268.94094632586086","183.80547607700154","0.7506445560939596","1.2481979155895522","0.7151275882333393","250"
"341","55.95965","37.398035","184.5","29258.362295420156","66.15089550435111","1.1","1.6628648661719887","0.9526635861721311","263.5339318402647","184.59455456062034","0.7890784836187947","1.1928462609654207","0.6834181507251617","250"
"342","55.959545","37.397043","185.6","29321.20297709628","62.84068167612186","1.1","1.7504584142949822","1.0028363753701501","259.29292581045274","185.26829998749494","0.6737454268746035","1.0721485014231038","0.6142723052331505","250"
"343","55.959431","37.396249","186.2","29372.22500404311","51.02202694682941","0.6","1.1759626888701742","0.6737459333386576","255.61473153238563","185.6195850278698","0.3512850403748473","0.6884968343984552","0.3944733952238927","250"
"344","55.95922","37.395146","186.0","29444.77940099661","72.55439695350017","-0.2","-0.27565524406216096","-0.15793842081893528","251.13340006844936","185.7869371815175","0.1673521536476983","0.2306574937904227","0.13215677470219625","250"
"345","55.959087","37.394579","185.4","29483.04571637508","38.26631537847061","-0.6","-1.5679586447394722","-0.8983005172147888","247.26494065622126","185.80078561296315","0.013848431445666165","0.03618961300219035","0.0207351199671548","250"
"346","55.958835","37.393719","185.5","29543.46730578983","60.42158941474848","0.1","0.1655037561385148","0.09482658062166789","242.3703084558401","185.84290857274084","0.042122959777685764","0.06971508062878573","0.039943792413286834","250"
"347","55.958457","37.392629","186.2","29623.27983704058","79.81253125074926","0.7","0.8770552556475003","0.502502761142997","238.22235602663085","186.1361727379933","0.29326416525245236","0.36744125346820056","0.21052738296568088","250"
"348","55.958087","37.391743","186.7","29692.08577613758","68.8059390970013","0.5","0.7266814559352348","0.4163504761748097","233.27749371380153","186.4634151200913","0.3272423820980066","0.47560194133338773","0.2724977850707838","250"
"349","55.957678","37.390914","186.7","29760.869396491988","68.78362035440733","0.0","0.0","0.0","228.6099334096511","186.65406964308397","0.1906545229926735","0.27718012225923383","0.15881210499302068","250"
"350","55.956767","37.389414","186.7","29898.636762247643","137.76736575565354","0.0","0.0","0.0","222.66904740964404","183.57745836381986","-3.076611279264114","-2.2331930805157745","-1.2793127409148068","250"
"351","55.955682","37.387556","170.0","30065.768240641206","167.1314783935642","-16.7","-9.992133235771744","-5.706130405831149","223.79194873082966","172.25068404995278","-11.326774313867077","-6.777163956627359","-3.8771003362719787","250"
"352","55.955289","37.386705","168.0","30134.4419934637","68.67375282249634","-2.0","-2.9123208180707354","-1.6681653968396237","230.4811165870901","168.72481256131456","-3.5258714886382165","-5.134234469101566","-2.939118932522353","250"
"353","55.954932","37.385793","166.4","30203.7172418023","69.27524833859917","-1.6","-2.309627231041629","-1.3230836983782","235.03874284939548","166.88307594295964","-1.841736618354929","-2.6585781538494175","-1.5228943489862357","250"
"354","55.954591","37.38471","165.7","30281.067662448557","77.35042064625539","-0.7","-0.9049724541270322","-0.5184968677449914","240.64642666506495","165.84356035862862","-1.0395155843310135","-1.3439042420790475","-0.7699540603888099","250"
"355","55.954349","37.383742","165.2","30347.063504381123","65.99584193256585","-0.5","-0.7576234886296275","-0.434077978449233","245.9373954174963","165.37629765922205","-0.46726269940657517","-0.7080183928618129","-0.4056578789682412","250"
"356","55.954135","37.38263","165.0","30420.264599530547","73.20109514942182","-0.2","-0.27321995605632643","-0.15654311408156443","251.03042359942924","165.11137555579097","-0.2649221034310756","-0.36191002728894023","-0.20735826595600546","250"
"357","55.953987","37.381553","165.0","30489.30166144263","69.03706191208398","0.0","0.0","0.0","256.2096561734969","165.05432584686204","-0.05704970892892902","-0.08263635118420828","-0.04734713079474559","250"
"358","55.953906","37.380579","165.0","30550.601936338564","61.30027489593445","0.0","0.0","0.0","261.55139154442","165.20596844647824","0.15164259961619564","0.24737670405822743","0.14173612180523398","250"
"359","55.953861","37.379816","165.2","30598.364323618844","47.76238728027951","0.2","0.41873953834501376","0.23991868036370056","263.986746499181","165.4338126788996","0.22784423242137564","0.47703694349350423","0.2733199620908684","250"
"360","55.953849","37.37875","165.9","30664.740206398208","66.37588277936473","0.7","1.0545999099203236","0.604218839774241","268.84855856156923","165.9523410179056","0.5185283390059965","0.7811999137240841","0.44758547528966436","250"
"361","55.953865","37.378095","166.2","30705.555187597874","40.814981199666654","0.3","0.7350242268455343","0.4211302764870223","272.49858072462774","166.33767273443192","0.38533171652630926","0.9440938233960435","0.5409098451630301","250"
"362","55.953903","37.377406","167.0","30748.65559351077","43.10040591289836","0.8","1.8561310109624503","1.0633626253768163","275.62640018253467","166.9104549037963","0.5727821693643875","1.3289484338544826","0.7613865436887965","250"
"363","55.95399","37.376456","167.2","30808.582478255543","59.92688474477277","0.2","0.3337400247848614","0.19121823880484404","279.29027761539277","167.3334291819893","0.4229742781929815","0.7058172304374226","0.40439676882069814","250"
"364","55.954094","37.375704","169.0","30856.80422760151","48.221749345968256","1.8","3.7327554981173554","2.1377188676662766","283.87592050234","167.650417644497","0.31698846250770885","0.6573557923696763","0.37663170051431266","250"
"365","55.954236","37.374831","167.0","30913.39855776401","56.59433016249654","-2.0","-3.5339229111069916","-2.0239464170592885","286.2007692820335","168.0393522964604","0.38893465196341026","0.6872325387484597","0.3937490414492532","250"
"366","55.954532","37.373574","168.8","30998.290655951998","84.89209818798864","1.8","2.120338686898755","1.2146825670017323","292.81277173002206","168.33438031382113","0.29502801736072115","0.34753295496054143","0.19912091395688386","250"
"367","55.954715","37.372914","168.7","31044.140211339814","45.84955538781603","-0.1","-0.21810462316189394","-0.12496454584436954","296.3477922170955","168.58608228762822","0.25170197380708714","0.5489736414629964","0.3145355674819171","250"
"368","55.955005","37.372005","169.0","31109.27045637165","65.13024503183776","0.3","0.46061549415843644","0.263911371507098","299.6773175884388","168.89552040820197","0.3094381205737591","0.4751066427317996","0.27221400628840076","250"
"369","55.955786","37.369971","169.0","31262.80920996655","153.53875359489894","0.0","0.0","0.0","304.4456414269625","169.00096486928686","0.10544446108488614","0.06867612157585559","0.03934851301011577","250"
"370","55.956455","37.368465","169.0","31382.486287984546","119.67707801799949","0.0","0.0","0.0","308.43261575812676","169.5320939323716","0.5311290630847338","0.44380183062695744","0.25427804893911227","250"
"371","55.957507","37.366102","172.2","31570.42302982053","187.93674183598162","3.2","1.7027005835786713","0.9754813092572155","308.494688717329","172.07247006073223","2.5403761283606343","1.3517187238340556","0.7744306154138701","250"
"372","55.958322","37.364408","174.0","31709.461602109648","139.03857228911872","1.8","1.2946047779151926","0.7417124639310795","310.6774197746402","174.54292891386152","2.470458853129287","1.7768154638355902","1.0179331565479581","250"
"373","55.959439","37.361933","180.0","31907.352265588095","197.89066347844553","6.0","3.031977302281129","1.736662995543531","308.87754599847165","179.05250709303468","4.509578179173161","2.278823113685881","1.3054435242075346","250"
"374","55.961716","37.35689","180.0","32310.63051821903","403.27825263093337","0.0","0.0","0.0","308.89247890588973","180.38489264674857","1.3323855537138911","0.3303886448182083","0.18929806070185912","250"
"375","55.962615","37.354834","182.0","32473.013459353504","162.38294113447492","2.0","1.2316564695941374","0.7056514947021684","307.99702627090824","182.44013150899858","2.0552388622500075","1.2656741206257578","0.7251391344003543","250"
"376","55.963484","37.352959","186.0","32624.524174681133","151.51071532762904","4.0","2.6400772983945986","1.5123015746689212","309.6262832623814","185.00623848963156","2.5661069806329806","1.6936801962052601","0.9703144980311847","250"
"377","55.964505","37.350608","185.0","32809.723237865546","185.19906318441528","-1.0","-0.5399595347867565","-0.30937101789902544","307.8089480776912","185.5586573883146","0.5524188986830438","0.29828385154030873","0.1709035510413539","250"
"378","55.965334","37.348501","187.0","32970.01251412514","160.2892762595932","2.0","1.2477441078222482","0.7148676160244666","305.10679145215465","188.1559282479547","2.597270859640105","1.620364705767183","0.9283193488662608","250"
"379","55.965582","37.34786","190.0","33018.5087236159","48.49620949076113","3.0","6.186050480030859","3.53983512038719","304.65498393374656","189.54412644192575","1.38819819397105","2.8624880347308617","1.639637100098986","250"
"380","55.966425","37.345509","195.0","33192.27315925804","173.76443564213696","5.0","2.877458774301412","1.6482076426794694","302.64726916373627","193.89999238298088","4.355865941055129","2.5067649343539515","1.4359697784827843","250"
"381","55.9669","37.344008","194.3","33299.583424357086","107.31026509904513","-0.7","-0.6523141093295359","-0.3737431527799695","299.48563035611517","194.43131590306012","0.5313235200792406","0.4951283268090337","0.28368531624914994","250"
"382","55.967409","37.342293","194.1","33420.39042058269","120.8069962256019","-0.2","-0.16555332575814447","-0.09485498184381788","297.93779997872326","195.25050977762416","0.8191938745640357","0.6781013518738817","0.38851750056197715","250"
"383","55.968576","37.338021","204.5","33716.22061504685","295.83019446415665","10.4","3.51553025844361","2.0134212794847284","296.01927692231254","203.12465457911418","7.874144801490019","2.6617109912504433","1.5246880632974238","250"
"384","55.969055","37.3364","203.5","33830.29300171122","114.07238666437755","-1.0","-0.8766363440279271","-0.5022627609177147","297.8350900951527","203.1240031962581","-0.0006513828560912316","-0.0005710258855262866","-0.000327173732330211","250"
"385","55.969836","37.334032","200.0","34001.33681338836","171.04381167713808","-3.5","-2.0462593564078144","-1.1722566524945528","300.5134466264866","200.37649254307897","-2.74751065317912","-1.6063198231136915","-0.9202743179010551","250"
"386","55.970543","37.33212","198.8","34143.94215280823","142.605339419867","-1.2","-0.8414832185679175","-0.482122990151796","303.45539822215653","198.67201111503317","-1.7044814280457956","-1.1952437650510137","-0.684791623557799","250"
"387","55.971178","37.330569","197.3","34263.526404894816","119.58425208658264","-1.5","-1.2543457636160606","-0.7186494942640865","306.18980110101023","197.86342443433776","-0.808586680695413","-0.6761648516311091","-0.3874080185234189","250"
"388","55.97173","37.329311","197.8","34363.000814378865","99.47440948404862","0.5","0.5026418378288321","0.28799013381369737","308.10081770529297","198.16352702673896","0.30010259240120263","0.30168823716347476","0.1728541027682575","250"
"389","55.972378","37.327957","199.6","34473.86209298597","110.86127860710045","1.8","1.6236507666299942","0.9302016278422255","310.53847756424835","198.84757177694888","0.684044750209921","0.6170276572708672","0.35352631956864017","250"
"390","55.973609","37.325605","198.0","34674.24745057162","200.38535758565695","-1.6","-0.7984615339551755","-0.4574750381899598","313.08652032659256","197.2166318174973","-1.630939959451581","-0.8139017636328131","-0.46632106319611627","250"
"391","55.974315","37.324357","194.3","34784.668070589505","110.4206200178794","-3.7","-3.350823423560647","-1.9191623359552683","315.31291761446226","195.33111503158509","-1.8855167859122162","-1.7075767058787676","-0.9782743094743163","250"
"392","55.975042","37.323118","194.3","34896.37267042208","111.70459983257422","0.0","0.0","0.0","316.35998923250963","193.85514047581702","-1.4759745557680617","-1.321319406703297","-0.7570162005388539","250"
"393","55.97609","37.321418","192.0","35053.74967146094","157.37700103885697","-2.3","-1.4614587803920098","-0.837294592365948","317.77189928754666","192.7392281130217","-1.1159123627953136","-0.7090695307631327","-0.4062601063886573","250"
"394","55.977069","37.319908","193.3","35197.54365880559","143.79398734464917","1.3","0.9040711812825151","0.5179805186887888","319.20589843633405","193.30136050365866","0.5621323906369469","0.39092899572331447","0.22398467442814346","250"
"395","55.981063","37.314103","198.5","35769.96308639128","572.4194275856938","5.2","0.9084247929760448","0.5204747495976291","320.8848097229116","197.79939326417445","4.498032760515798","0.7857931690905829","0.45021705521250116","250"
"396","55.982906","37.311467","195.0","36032.42697890694","262.4638925156555","-3.5","-1.3335167616594086","-0.7640035389361631","321.33522706322435","196.7986216269359","-1.0007716372385573","-0.3812987865288415","-0.2184670532645622","250"
"397","55.983715","37.310372","200.0","36145.26319844697","112.83621954003604","5.0","4.43120127595725","2.5372315174081113","322.8671858322493","199.70672398988157","2.9081023629456695","2.5772773802598286","1.4763443428248397","250"
"398","55.984498","37.30938","203.7","36251.97894778826","106.71574934128842","3.7","3.4671545885574986","1.9857378075564183","324.67348787289745","203.2531329184249","3.546408928543343","3.323229186351442","1.903369589144768","250"
"399","55.985173","37.308581","205.6","36341.999422381916","90.02047459365686","1.9","2.1106309520988464","1.209122932769197","326.4886648524246","205.35369131987542","2.100558401450513","2.333422936206699","1.3367102890569607","250"
"400","55.986029","37.30765","207.2","36453.41507791364","111.41565553172387","1.6","1.436063892784282","0.8227474469467839","328.68346132609696","206.99740344801918","1.6437121281437612","1.4752972733492915","0.8452217555634128","250"
"401","55.986902","37.306781","208.1","36564.522878392425","111.10780047878569","0.9","0.8100241352287781","0.46409949224026326","330.8901775213216","207.73526797134056","0.7378645233213774","0.6640978582437703","0.38049445107848284","250"
"402","55.987823","37.305941","207.7","36679.49149925207","114.96862085965004","-0.4","-0.34792102141357945","-0.1993432569677409","332.9705902006326","207.62659462080896","-0.10867335053160332","-0.09452435779347845","-0.05415845149758335","250"
"403","55.990245","37.303987","206.0","36974.95827231762","295.4667730655475","-1.7","-0.5753608036403015","-0.329653819869942","335.71263995033377","206.17980025113746","-1.446794369671494","-0.4896639830802672","-0.28055455382183697","250"
"404","55.9914","37.302974","206.0","37118.009655008325","143.0513826907044","0.0","0.0","0.0","333.8696932126342","206.29666932100804","0.11686906987057455","0.08169726686477445","0.046809075476906645","250"
"405","55.993677","37.300891","208.7","37402.417222711636","284.40756770331285","2.7","0.9493418272247155","0.5439164603895561","332.90437452712825","208.68722389781848","2.3905545768104446","0.8405383148257903","0.48158163847685587","250"
"406","56.002872","37.293011","219.0","38536.20619213694","1133.7889694253047","10.3","0.9084583002444333","0.5204939462640101","334.39753493882324","218.08635102697463","9.399127129156142","0.8290014617023814","0.47497196914455264","250"
"407","56.003543","37.292433","217.0","38619.02156956846","82.81537743152442","-2.0","-2.4150104268421555","-1.3834301396806914","334.2824811527312","217.97868764766307","-0.10766337931156045","-0.13000409181324024","-0.07448681583977038","250"
"408","56.007988","37.288634","223.0","39166.81556056912","547.7939910006606","6.0","1.0953022666495011","0.6275368775751101","334.4606282918825","223.1497690179497","5.171081370286629","0.9439828576506588","0.5408462721399006","250"
"409","56.00902","37.287758","225.0","39293.83492037773","127.01935980861066","2.0","1.5745631240887579","0.9020836711313407","334.6132509394876","224.23280986799298","1.0830408500432895","0.8526580921799529","0.48852526170939714","250"
"410","56.010858","37.286163","223.0","39520.99270108166","227.15778070393046","-2.0","-0.8804452983306481","-0.5044449625467564","334.12088422279555","223.23078075166046","-1.0020291163325226","-0.4411159121326918","-0.2527391611276133","250"
"411","56.016576","37.281282","222.0","40225.48152698219","704.4888259005296","-1.0","-0.14194689301448127","-0.08132952422387363","334.4929989625657","222.43837600192427","-0.7924047497361926","-0.11247939223497014","-0.06444591739445103","250"
"412","56.018502","37.279614","225.0","40463.41506220828","237.93353522609183","3.0","1.2608563131503538","0.7223791744975829","334.1706625966039","224.84024175470321","2.4018657527789458","1.0094691992436535","0.5783636015602343","250"
"413","56.018606","37.279524","225.0","40476.261059606164","12.845997397881028","0.0","0.0","0.0","334.1876990221745","224.96152972296252","0.12128796825930976","0.9441693354173997","0.5409531065080432","250"
"414","56.019471","37.278775","226.0","40583.11689055158","106.85583094541788","1.0","0.9358403665503303","0.5361813805070726","334.17498513139503","225.35397857131065","0.3924488483481241","0.3672694740903635","0.21042896196029753","250"
"415","56.02088","37.277554","224.0","40757.19936374162","174.0824731900432","-2.0","-1.1488807364407272","-0.65823121406809","334.15830329681876","224.2467109873295","-1.1072675839811552","-0.6360591986606072","-0.364430161490756","250"
"416","56.021327","37.277161","224.0","40812.579867302906","55.3805035612815","0.0","0.0","0.0","333.8320042781367","223.74929914125428","-0.4974118460752095","-0.898171403452113","-0.5146004694589169","250"
"417","56.02272","37.275935","222.0","40985.19819827572","172.61833097281834","-2.0","-1.1586254998114502","-0.663813809073591","333.80915870540633","222.40052137549594","-1.3487777657583422","-0.7813641564931653","-0.44767957372071976","250"
"418","56.024697","37.274238","222.3","41229.01559504882","243.81739677309747","0.3","0.1230429017660243","0.07049835412524887","334.37364067849126","222.06280291116238","-0.33771846433356245","-0.13851286610522368","-0.0793619756067889","250"
"419","56.025733","37.273425","221.5","41354.80417495592","125.78857990709977","-0.8","-0.6359877825084234","-0.3643892447048539","336.32097666650395","221.3961405272074","-0.6666623839549857","-0.529986414066638","-0.30365700417822317","250"
"420","56.027033","37.272529","220.0","41509.708748786776","154.9045738308537","-1.5","-0.9683380954508858","-0.5547995197551615","338.9361912576396","220.73552431574836","-0.660616211459029","-0.4264665626854772","-0.24434586012405077","250"
"421","56.027712","37.272119","221.3","41589.39233108571","79.68358229893856","1.3","1.6314527566330523","0.9346706550180822","341.3548601025948","220.80441250612586","0.06888819037749272","0.08645217545447922","0.04953343549226932","250"
"422","56.028425","37.271727","221.1","41672.3314469577","82.93911587198892","-0.2","-0.2411407426969524","-0.1381632004511938","342.9224126932158","220.86400498372316","0.059592477597306015","0.07185087153482934","0.041167509848517","250"
"423","56.02926","37.271314","220.4","41768.66013507692","96.32868811921541","-0.7","-0.726678639216686","-0.41634886239917807","344.5506293962844","220.0497370539978","-0.8142679297253608","-0.8453015873294475","-0.48431059869118687","250"
"424","56.030654","37.270732","217.5","41927.82802575235","159.16789067542962","-2.9","-1.8219755176083805","-1.0437995858516673","346.86889755453467","218.02072366413475","-2.029013389863053","-1.274763007320714","-0.7303458427986341","250"
"425","56.03147","37.270464","217.5","42020.07833750279","92.25031175043584","0.0","0.0","0.0","349.6015241317508","216.83043231650814","-1.1902913476266122","-1.290284363316516","-0.7392374621364647","250"
"426","56.034797","37.269493","209.0","42394.910452365766","374.83211486297523","-8.5","-2.2676818935611442","-1.299063372352749","350.7390899361453","207.86223444842176","-8.968197868086378","-2.3925905792156628","-1.3705919315175357","250"
"427","56.036754","37.26897","196.0","42614.93127566181","220.02082329604517","-13.0","-5.908531658618547","-3.3814080122065713","351.50847932114146","198.2150220829174","-9.647212365504373","-4.384681513769147","-2.5106293453909734","250"
"428","56.03739","37.268789","196.0","42686.53957850831","71.60830284649866","0.0","0.0","0.0","350.9663047478632","198.35725444308295","0.14223236016556484","0.19862551479603932","0.1138038873543612","250"
"429","56.038623","37.268401","205.0","42825.74547384661","139.20589533829985","9.0","6.465243428181034","3.6991632619415196","350.0298063368878","205.7563181448579","7.399063701774935","5.315194219177026","3.042518946388544","250"
"430","56.040018","37.267956","219.0","42983.30622646509","157.56075261847258","14.0","8.885461491733587","5.077659494654083","349.8961934850061","216.9706309953891","11.2143128505312","7.117453213546293","4.0711350246847475","250"
"431","56.040698","37.267704","220.7","43060.522065327576","77.215838862492","1.7","2.201620839770199","1.2612320696934876","348.30429054792404","220.8007808371596","3.8301498417705204","4.960316300637945","2.839724394459752","250"
"432","56.04207","37.2671","226.2","43217.62684388665","157.10477855907067","5.5","3.5008483194749074","2.0050194885335406","346.1846856754261","224.85429077715426","4.053509939994655","2.5801315384372945","1.4779785682874114","250"
"433","56.042794","37.266722","225.7","43301.4857232326","83.85887934595641","-0.5","-0.5962397827155194","-0.34161618313918024","343.74169420846266","224.95788108427078","0.1035903071165194","0.12352932441317488","0.07077705334905349","250"
"434","56.043843","37.266111","222.6","43424.14733561773","122.66161238512444","-3.1","-2.527278045446553","-1.447715483973647","341.97836859299565","222.66978796053678","-2.2880931237340008","-1.8653701669516656","-1.0686544395835909","250"
"435","56.045158","37.265222","219.0","43580.4461251241","156.29878950637413","-3.6","-2.3032807940289173","-1.3194493911750238","339.3136066378168","220.41662081613765","-2.2531671443991286","-1.4415768359531924","-0.8259054769320815","250"
"436","56.045982","37.264587","221.3","43680.19783484476","99.75170972066032","2.3","2.3057248907721024","1.3208490121546348","336.7121000307568","220.7757013481669","0.35908053202925316","0.35997431325719054","0.2062491979612597","250"
"437","56.04689","37.263815","221.8","43791.96844631036","111.7706114656064","0.5","0.4473447836096504","0.2563079711669388","334.5988798991289","221.58357333489135","0.8078719867244502","0.722794638171095","0.41412361060392655","250"
"438","56.047636","37.263133","221.6","43885.10739430563","93.13894799527337","-0.2","-0.21473293858778567","-0.12303272193319567","332.95170465024563","221.5394235675074","-0.04414976738394216","-0.047402046441605374","-0.02715936997967605","250"
"439","56.0485","37.26227","221.2","43995.117699695365","110.01030538973026","-0.4","-0.3636022994236147","-0.20832785370802434","330.8453607571227","221.16508870201932","-0.3743348654880947","-0.34027254461475187","-0.19496105445352704","250"
"440","56.04927","37.261438","220.7","44095.119655255054","100.00195555968817","-0.5","-0.4999902223927661","-0.28647090826083976","328.8912826880787","220.90811204646155","-0.2569766555577644","-0.2569716303241517","-0.1472335746394854","250"
"441","56.050153","37.260403","220.9","44212.47109305031","117.35143779526261","0.2","0.17042824847952043","0.09764809893470837","326.7913002783146","220.9847670601979","0.07665501373634243","0.06532089864129209","0.037426112738463344","250"
"442","56.050824","37.259544","221.3","44304.189935788134","91.71884273782172","0.4","0.4361154023098611","0.24987413516401924","324.43818842779586","221.32168666931986","0.3369196091219635","0.36733957719576565","0.21046912753911626","250"
"443","56.05157","37.258525","221.8","44408.520795994016","104.33086020588026","0.5","0.47924458689723254","0.2745848196708565","322.6633705338431","221.88734285065158","0.5656561813317182","0.5421753258963707","0.3106405355219769","250"
"444","56.052315","37.257447","222.6","44515.026204448026","106.50540845400624","0.8","0.751135563547907","0.430360882736371","321.060398014443","222.69359687696397","0.8062540263123879","0.7570075905211556","0.4337251150646405","250"
"445","56.053157","37.256127","223.9","44639.4614154403","124.43521099227623","1.3","1.0447203726609922","0.5985589054976913","318.80009286060135","223.48343792815507","0.7898410511911038","0.6347407979563998","0.36367480402647073","250"
"446","56.053887","37.254896","223.6","44750.9583369175","111.49692147720084","-0.3","-0.2690657248876102","-0.15416293244973933","316.7214847473814","223.08039541528746","-0.4030425128676143","-0.361483086284162","-0.20711364997943102","250"
"447","56.054571","37.253625","221.5","44860.5620577301","109.60372081260006","-2.1","-1.9159933480639497","-1.0976490205702225","313.9426311115465","221.4823859387152","-1.5980094765722583","-1.457988346312191","-0.8353066037068358","250"
"448","56.05535","37.252099","219.0","44988.940136927544","128.3780791974419","-2.5","-1.9473729593313744","-1.115621507053554","312.4340773001448","219.27837968608364","-2.204006252631558","-1.716808871428788","-0.9835624004294503","250"
"449","56.05703","37.248655","216.0","45272.88101879198","283.9408818644383","-3.0","-1.056557963862452","-0.6053405970521782","311.14215085218126","216.60664544671775","-2.6717342393658896","-0.9409473626420072","-0.5391072160827458","250"
"450","56.059039","37.244546","219.0","45611.97615662138","339.09513782940036","3.0","0.8847074656403088","0.506886814324745","311.2090083364675","219.15485045497866","2.548205008260908","0.7514719982634833","0.43055363474918346","250"
"451","56.063764","37.234893","230.0","46408.94540049727","796.9692438758955","11.0","1.3802289215708965","0.7907627079575625","311.2462035863896","230.1161494807899","10.961299025811229","1.3753729030374138","0.7879809423584483","250"
"452","56.06847","37.225163","244.0","47208.0744593754","799.1290588781291","14.0","1.7519072600931491","1.0036662483718537","310.9098832148928","243.33210564707218","13.215956166282297","1.653794968341627","0.9474683462339177","250"
"453","56.070026","37.222047","243.0","47467.575661702554","259.50120232715676","-1.0","-0.3853546692779042","-0.22079086875545495","311.8171600156051","242.96680597554894","-0.36529967152324616","-0.14076993410716757","-0.08065517779087998","250"
"454","56.070946","37.220451","242.3","47609.9749334954","142.39927179284598","-0.7","-0.49157554753392174","-0.28164977321363993","315.9231067939952","242.45361735860257","-0.5131886169463655","-0.3603871076622652","-0.20648570866517654","250"
"455","56.071871","37.218987","242.3","47747.216473405715","137.24153991030863","0.0","0.0","0.0","318.54322445648893","241.36335343859344","-1.0902639200091357","-0.7944124794298105","-0.45515524798411366","250"
"456","56.072982","37.217345","237.5","47907.36225963928","160.14578623356633","-4.8","-2.997268996512583","-1.7167946576479578","320.481172469733","238.07733205530792","-3.286021383285515","-2.051893752916472","-1.1754835690040069","250"
"457","56.073568","37.216541","236.5","47989.4331217771","82.07086213782281","-1.0","-1.2184592362642483","-0.6980911716307577","322.5567054168691","236.82910291747004","-1.2482291378378818","-1.5209163219727266","-0.8713536797754685","250"
"458","56.074156","37.215839","236.0","48068.00119723612","78.56807545901079","-0.5","-0.6363907949620728","-0.3646201444863427","326.32352641825923","236.61680175910146","-0.21230115836857522","-0.27021300589109304","-0.15482027126467582","250"
"459","56.075153","37.214591","237.7","48203.23721673994","135.2360195038222","1.7","1.2570615478311624","0.720205278685135","325.0616012972785","237.42142852437496","0.8046267652734969","0.5949796276359314","0.34089419307593016","250"
"460","56.0762","37.213435","238.2","48339.98642651608","136.74920977614514","0.5","0.36563282582655277","0.20949124417195963","328.35913508105034","238.08573974192888","0.6643112175539159","0.4857879754050322","0.27833381783672156","250"
"461","56.077258","37.212419","238.2","48473.46064113379","133.47421461770824","0.0","0.0","0.0","331.81233184488093","236.66676605173944","-1.418973690189432","-1.0631069785678098","-0.6090924846478507","250"
"462","56.078784","37.211133","229.0","48660.97279498782","187.5121538540323","-9.2","-4.9063486344259495","-2.8088782727391868","334.8131835234865","229.34658561834692","-7.3201804333925224","-3.903843181861626","-2.2356021579206917","250"
"463","56.080324","37.210033","222.0","48845.31553115186","184.34273616403777","-7.0","-3.7972746557103476","-2.1746332932232804","338.2681857387333","222.34487194353343","-7.001713674813487","-3.798204269129974","-2.1751651553830227","250"
"464","56.08069","37.20976","220.7","48889.39760470851","44.08207355665083","-1.3","-2.949044577790429","-1.6891885044629058","337.4013940179948","221.4790867246315","-0.8657852189019479","-1.9640301579491457","-1.1251617299101544","250"
"465","56.08117","37.209402","219.0","48947.209284738296","57.811680029785315","-1.7","-2.940582247608335","-1.6843441474135872","337.40351388631547","221.303486301817","-0.17560042281448318","-0.30374558000046287","-0.17403286258206144","250"
"466","56.082095","37.208652","224.0","49060.1023731493","112.89308841100376","5.0","4.428969098441855","2.5359550789945664","335.6563424303885","223.02811221823097","1.7246259164139701","1.527662978033888","0.8752183310194658","250"
"467","56.083281","37.207719","225.8","49204.12601366596","144.02364051666157","1.8","1.2497948208660679","0.7160424048489316","336.3006889684765","225.40618309384584","2.378070875614867","1.6511670355532755","0.9459630627046275","250"
"468","56.084141","37.207009","225.8","49309.41242664753","105.28641298156629","0.0","0.0","0.0","335.26671893354063","225.65937487877162","0.2531917849257752","0.24047906824416598","0.13778409111406495","250"
"469","56.085649","37.205536","225.0","49500.381749874425","190.96932322689557","-0.8","-0.41891545012677217","-0.2400194686223223","331.4096167873413","225.27837058325858","-0.38100429551303705","-0.19951073244384704","-0.11431107769615682","250"
"470","56.086951","37.204114","225.8","49669.919820573865","169.53807069944267","0.8","0.47187041630209486","0.2703598266979644","328.64384212907134","225.7574807030484","0.4791101197898229","0.2825973645997128","0.16191593190468298","250"
"471","56.088268","37.202464","226.4","49848.59299391095","178.67317333708394","0.6","0.3358086660654103","0.1924034696684816","325.04735310050836","225.67074046814443","-0.08674023490397076","-0.04854687096217128","-0.027815305961817166","250"
"472","56.088873","37.201645","225.0","49932.89683036806","84.30383645711375","-1.4","-1.660659892639874","-0.951400578172775","322.93825686284833","223.9399464582354","-1.730794009909033","-2.053042996198051","-1.1761417596295596","250"
"473","56.089749","37.20041","219.0","50056.82352844945","123.9266980813905","-6.0","-4.841571745952128","-2.771851808997494","321.81415142291667","218.33697060456126","-5.602975853674138","-4.521201597733452","-2.5886947861308274","250"
"474","56.089849","37.20026","219.0","50071.32287248865","14.499344039200938","0.0","0.0","0.0","320.07614447248517","217.39790481808782","-0.9390657864734351","-6.476608761986361","-3.7056479652095664","250"
"475","56.090902","37.198571","205.0","50228.44573219714","157.12285970849274","-14.0","-8.91022479222562","-5.091736371728678","318.17723511988925","207.7936815160662","-9.604223302021637","-6.112556326838871","-3.4978847052949282","250"
"476","56.091659","37.197211","205.0","50347.62084433091","119.17511213376518","0.0","0.0","0.0","314.93610817469005","209.25949738223852","1.4658158661723348","1.229968103178343","0.7046842785266954","250"
"477","56.09262","37.195256","227.0","50509.25430288976","161.63345855885393","22.0","13.611043280367205","7.750922883283525","311.38585526274306","223.4195160062909","14.160018624052384","8.76057392467194","5.006656922611286","250"
"478","56.093236","37.193932","229.3","50616.19665469557","106.94235180580412","2.3","2.1506914343688215","1.2320654827874995","309.8293788932701","229.2564707755819","5.8369547692909975","5.458038532657561","3.124125907783135","250"
"479","56.093841","37.192541","231.8","50725.60544105819","109.40878636262289","2.5","2.2850084377264146","1.3089856094176227","307.94361193228","231.1087831950709","1.8523124194890102","1.6930198031351273","0.9699362291399197","250"
"480","56.094584","37.190703","231.9","50866.400885728835","140.7954446706431","0.1","0.07102502515896436","0.040694334971366444","305.9306032576388","231.33262733258306","0.22384413751214538","0.15898535498486804","0.091091821701335","250"
"481","56.094948","37.189721","231.0","50939.533028169375","73.13214244054136","-0.9","-1.2306490278631277","-0.7050743605876095","303.6044518598679","229.8844211461246","-1.4482061864584637","-1.9802594839005285","-1.1344568335074017","250"
"482","56.095208","37.188975","228.7","50994.09402404431","54.56099587493481","-2.3","-4.215465577776622","-2.4138547211265298","301.99758300493585","228.19661903239788","-1.6878021137267183","-3.0934224837015676","-1.7718354978424988","250"
"483","56.095603","37.187749","224.0","51081.91088969935","87.81686565504398","-4.7","-5.352047086788782","-3.063574187008756","300.0107732456821","225.615020321846","-2.581598710551873","-2.9397527357588995","-1.6838692826341914","250"
"484","56.096077","37.186286","224.0","51186.85012565434","104.93923595498809","0.0","0.0","0.0","300.1500431066792","223.0310338756889","-2.5839864461570983","-2.4623644556221618","-1.410545872836388","250"
"485","56.096935","37.183439","217.5","51387.55798765551","200.70786200117698","-6.5","-3.238537810722075","-1.854897184831032","298.3829643947351","218.53105001604558","-4.499983859643322","-2.2420565964759933","-1.284388619998314","250"
"486","56.09726","37.182165","217.5","51474.44731837303","86.88933071751428","0.0","0.0","0.0","294.5773534864893","217.79854911691694","-0.7325008991286381","-0.8430274385586767","-0.4830077002720723","250"
"487","56.097994","37.178711","219.0","51703.693425558915","229.2461071858863","1.5","0.6543186352925554","0.37489161253716374","290.85766888732684","217.23500093856453","-0.5635481783524199","-0.24582671665410732","-0.14084804984028565","250"
"488","56.098451","37.175923","210.0","51883.921292650804","180.22786709189222","-9.0","-4.993678361299808","-2.858792215052845","286.3780780646148","212.3290471816212","-4.905953756943319","-2.722083901953928","-1.559254144392501","250"
"489","56.098752","37.174033","213.0","52005.82524514508","121.90395249428018","3.0","2.4609538399837874","1.4097381390781987","285.9364666612763","212.1450237439126","-0.18402343770861762","-0.15095772855867995","-0.08649234161271595","250"
"490","56.099626","37.168482","212.0","52363.551461152725","357.7262160076447","-1.0","-0.2795433924749395","-0.16016614859320358","285.76613902639303","210.0176017071977","-2.1274220367148757","-0.5947067733692216","-0.3407378646283855","250"
"491","56.099826","37.167118","206.0","52451.01970527269","87.46824411996347","-6.0","-6.859632384721187","-3.924132606755045","284.72986035537724","206.63602194010465","-3.381579767093058","-3.866065680311578","-2.2139898633397714","250"
"492","56.100094","37.165277","201.0","52569.02081248511","118.00110721242669","-5.0","-4.237248376830019","-2.426313092336141","284.6287728361111","201.61038512329011","-5.02563681681454","-4.258974288916918","-2.4387386991650266","250"
"493","56.100769","37.160504","194.0","52874.39933394315","305.3785214580328","-7.0","-2.29223717718536","-1.3131252038033856","284.23005922714844","195.80210863736272","-5.808276485927394","-1.90199247091633","-1.0896300312062543","250"
"494","56.102624","37.148423","221.0","53651.48722279297","777.0878888498297","27.0","3.4745104623831917","1.989947341712531","285.3978579395163","219.76432404118032","23.962215403817595","3.083591411942367","1.7662080765749877","250"
"495","56.103204","37.145226","220.0","53859.971444047136","208.4842212541659","-1.0","-0.47965260583480157","-0.27481859192795216","288.02097139522965","220.22824486136437","0.46392082018405745","0.22252083030230158","0.12749483386853178","250"
"496","56.103844","37.142222","220.5","54059.38838836465","199.41694431751458","0.5","0.25073095052739985","0.14365795154566743","290.909012491717","220.5766079369411","0.34836307557671375","0.17469081013599574","0.10009035959037332","250"
"497","56.104371","37.140151","221.2","54200.552612429194","141.16422406454168","0.7","0.4958763487269643","0.2841138907154847","294.5276058641747","221.04408155720682","0.4674736202657357","0.3311558742050692","0.18973764595019754","250"
"498","56.104778","37.138692","221.2","54301.714526640695","101.16191421150077","0.0","0.0","0.0","296.57541787740877","221.16804787608982","0.12396631888299225","0.1225424803882358","0.070211634228313","250"
"499","56.105837","37.135366","221.0","54539.20859960797","237.494072967277","-0.2","-0.08421262792000578","-0.04825027020923243","299.72557222477155","221.50716684500128","0.339118968911464","0.14279049774778563","0.08181287315213427","250"
"500","56.107153","37.131901","225.0","54799.164711359095","259.95611175112475","4.0","1.5387212760858249","0.881552780057692","304.2589431088817","225.775379056938","4.268212211936714","1.6418972353390904","0.9406532979297784","250"
"501","56.108134","37.129712","232.0","54973.29691229273","174.13220093363307","7.0","4.0199342582638735","2.3020131951807428","308.78844329551276","230.8931352763027","5.117756219364708","2.9390062216667414","1.6834419307958415","250"
"502","56.109013","37.127953","232.7","55119.75049410753","146.45358181479796","0.7","0.4779671424391688","0.27385291467604955","311.8660518859243","232.68827545317262","1.7951401768699213","1.2257400294518006","0.7022621358954715","250"
"503","56.109437","37.127152","232.7","55188.22981510236","68.4793209948264","0.0","0.0","0.0","313.5103222922402","233.3426718069017","0.6543963537290836","0.9556116273093933","0.5475084653498377","250"
"504","56.110415","37.125412","236.0","55341.41382307615","153.18400797379581","3.3","2.15427187449261","1.2341159738373515","315.2293399912156","236.34722270572186","3.004550898820156","1.9613998475181071","1.1236552533776132","250"
"505","56.111652","37.123447","242.0","55525.15941076232","183.7455876861676","6.0","3.26538453279642","1.8702629737171994","318.4683578183204","242.31679614657165","5.969573440849786","3.2488254635238656","1.8607853804445649","250"
"506","56.1128","37.121797","249.0","55688.74398047977","163.58456971745485","7.0","4.279132201827153","2.450267321759655","321.2926075385902","246.72550954537093","4.408713398799279","2.695066781918404","1.5437858231088581","250"
"507","56.114276","37.119952","243.0","55888.79484321102","200.05086273125417","-6.0","-2.9992372530081637","-1.7179213726869411","325.1267284616584","244.01146280368417","-2.714046741686758","-1.3566783490120582","-0.7772717502973868","250"
"508","56.115893","37.118184","243.5","56099.371059992016","210.57621678099372","0.5","0.23744371878426168","0.13604497391100245","328.6346680452508","244.08031195748597","0.068849153801807","0.03269559822770129","0.018733197203499405","250"
"509","56.116652","37.117491","245.5","56194.07313614903","94.70207615701732","2.0","2.1118861181923543","1.2098417695514336","333.02281572778503","245.44162500445546","1.3613130469694852","1.437469063204496","0.8235523841295049","250"
"510","56.117855","37.116441","248.2","56342.836483909654","148.7633477606232","2.7","1.8149631886105446","1.0397831454608535","334.0532627109159","247.63282400356232","2.1911989991068594","1.472942786036748","0.8438730267870074","250"
"511","56.118986","37.115516","248.2","56481.05307930616","138.21659539651165","0.0","0.0","0.0","335.49027668716275","247.73520208752154","0.10237808395922343","0.07407076094265254","0.04243941211193613","250"
"512","56.121934","37.113555","243.0","56830.66738616635","349.61430686018923","-5.2","-1.4873533199199083","-0.8521278459957141","339.6553764268427","242.30964843992143","-5.425553647600111","-1.5518683134926141","-0.8890836792814124","250"
"513","56.124908","37.111624","230.0","57182.353474983465","351.6860888171118","-13.0","-3.696478312157642","-2.116962212230963","340.1045902500247","233.90047763428092","-8.409170805640514","-2.3911013466368742","-1.3697391519717341","250"
"514","56.127298","37.109982","255.0","57466.92783330153","284.5743583180658","25.0","8.785050117571648","5.020573641884932","339.0474698014321","252.91030086236447","19.009823228083548","6.680089991395664","3.8217317336003243","250"
"515","56.129711","37.108385","261.0","57752.91273193696","285.9848986354233","6.0","2.0980128771235806","1.2018965083462487","339.75365837818134","260.7140548646972","7.80375400233271","2.728729397799784","1.5630589069212322","250"
"516","56.131627","37.107064","263.7","57981.14826655288","228.2355346159257","2.7","1.1829884441717433","0.6777708346744932","338.98202508118175","262.95997350606325","2.2459186413660746","0.9840354812170252","0.5637926022871999","250"
"517","56.132175","37.106603","262.7","58048.4470547194","67.29878816651772","-1.0","-1.4859108570063626","-0.8513015582410134","334.8825781851276","262.96344463253024","0.0034711264669908815","0.005157784503343888","0.002955192834175301","250"
"518","56.133236","37.105551","262.6","58183.23683401696","134.7897792975641","-0.1","-0.07418960140830735","-0.04250750264569235","331.07784873869997","262.9429954214692","-0.020449211061020378","-0.015171188177314518","-0.008692450460899025","250"
"519","56.134195","37.104437","263.9","58310.26491708455","127.02808306758122","1.3","1.0233957473076065","0.5863421015331152","327.08450582026666","263.9932735104859","1.0502780890166719","0.8268077921461706","0.4737151752163633","250"
"520","56.134724","37.103748","265.0","58382.94710639855","72.68218931399848","1.1","1.513438175682666","0.8670700035955092","324.02855506746187","264.6850893772468","0.6918158667609191","0.951836857544516","0.5453458782952246","250"
"521","56.135703","37.102254","265.6","58525.84520575302","142.89809935447212","0.6","0.41987962240956317","0.24057188893083423","319.6238910555405","265.415627373904","0.7305379966571763","0.5112300303204232","0.29291067919465075","250"
"522","56.136326","37.101216","265.5","58620.37233705435","94.5271313013272","-0.1","-0.10578973319440611","-0.06061302966692638","317.12657686236446","265.1577795606628","-0.25784781324119876","-0.27277651367547473","-0.15628904220631226","250"
"523","56.136998","37.099926","264.2","58729.78885835498","109.41652130062903","-1.3","-1.188120390364235","-0.680710810023946","313.0730416310015","264.5660308543667","-0.5917487062960731","-0.5408220799400165","-0.3098652054368606","250"
"524","56.137791","37.098062","264.2","58875.09299929129","145.30414093631225","0.0","0.0","0.0","307.3627990276","262.87624902886154","-1.6897818255051789","-1.162927508202138","-0.6662783462431199","250"
"525","56.13857","37.095926","257.5","59033.26096635248","158.167967061187","-6.7","-4.2360031076381714","-2.425600883988243","303.20695026685496","257.5317758320048","-5.344473196856711","-3.3789858314289463","-1.9352799576558268","250"
"526","56.139154","37.093963","251.8","59171.13126633309","137.87029998061035","-5.7","-4.1343204452312285","-2.3674428820168085","298.1005217587585","252.4908001532182","-5.040975678786623","-3.656317335565071","-2.093982726784319","250"
"527","56.139557","37.092361","249.6","59280.030556436264","108.89929010317218","-2.2","-2.020215189571668","-1.1573406105442712","294.2995081723962","251.42480909319968","-1.0659910600185185","-0.9788778779077337","-0.5608377978912685","250"
"528","56.139931","37.090659","253.9","59393.38153214678","113.35097571051033","4.3","3.79352711615105","2.172489199801598","291.5244433840059","253.5765313482061","2.151722255006405","1.898282958323833","1.087505404152046","250"
"529","56.140252","37.088716","257.3","59518.93839863884","125.55686649206412","3.4","2.7079363279704807","1.5511541523408452","286.516772084683","256.6077865727097","3.03125522450361","2.4142488652304825","1.3829940512773802","250"
"530","56.140476","37.086459","258.0","59660.96847408837","142.03007544952337","0.7","0.49285336065935964","0.28238188846724277","280.10107996542393","257.6564402466044","1.0486536738947052","0.7383321247811281","0.42302545954395854","250"
"531","56.140629","37.083812","257.0","59825.83864660288","164.87017251451317","-1.0","-0.606537850205726","-0.3475163277876125","275.9239567808082","254.88629923901706","-2.770141007587341","-1.6801953715087496","-0.9625904606919821","250"
"532","56.140657","37.08246","250.7","59909.65698564577","83.81833904288737","-6.3","-7.516254881615437","-4.298414482972069","272.1293233492804","250.92116892789304","-3.965130311124028","-4.73062381860751","-2.7084286174232606","250"
"533","56.140645","37.080708","244.0","60018.20686942163","108.54988377585869","-6.7","-6.17227745156745","-3.5319737726296867","269.29640580740875","246.08622655454278","-4.834942373350259","-4.45412026726236","-2.5503372649544285","250"
"534","56.140594","37.079486","244.3","60094.12561527762","75.91874585599103","0.3","0.39515932016193317","0.2264084343476786","265.7166593144077","244.81174313092976","-1.2744834236130202","-1.678746677441914","-0.9617606541907671","250"
"535","56.140517","37.078302","245.0","60167.97617447758","73.85055919996658","0.7","0.9478601212816771","0.5430675818052298","263.3428119390538","245.13777685083448","0.3260337199047285","0.44147765898687474","0.25294642277130885","250"
"536","56.140378","37.076802","246.3","60262.18275130249","94.20657682490504","1.3","1.3799461182165829","0.7906007044270852","260.5576297069698","245.88086733793466","0.7430904871001758","0.7887883331981209","0.4519330514734483","250"
"537","56.140146","37.075041","246.3","60374.291572790375","112.10882148788718","0.0","0.0","0.0","256.6972369049116","246.66267917460203","0.781811836667373","0.6973687050593462","0.3995563586116622","250"
"538","56.139402","37.070138","250.0","60689.11819936707","314.8266265766932","3.7","1.175250022602095","0.6733376620701798","254.76714292230054","249.0855092009455","2.422830026343462","0.7695759576273482","0.4409258394362006","250"
"539","56.139147","37.068068","247.7","60820.46267022758","131.34447086051244","-2.3","-1.751120534371481","-1.0032156259789762","257.5336542161644","247.29303743419052","-1.7924717667549714","-1.3647104861068515","-0.7818729739433025","250"
"540","56.138966","37.066262","244.2","60934.15013696996","113.6874667423852","-3.5","-3.0786155240233906","-1.763359806723829","259.8038253195077","245.15866967008262","-2.134367764107907","-1.8773993521593417","-1.075544242144497","250"
"541","56.138807","37.064086","244.2","61070.12043877795","135.97030180799158","0.0","0.0","0.0","262.52966280991643","244.77537025630474","-0.3832994137778769","-0.281899362346895","-0.16151600925886309","250"
"542","56.138688","37.061201","247.5","61249.352852810596","179.23241403264805","3.3","1.8411848201737042","1.05480201449247","265.7673629300309","246.92462974369525","2.149259487390509","1.199146649332643","0.687027491068563","250"
"543","56.138657","37.059017","247.5","61384.70910049801","135.35624768741707","0.0","0.0","0.0","268.5416270663373","245.62594858147204","-1.298681162223204","-0.9594541695794448","-0.5497098780555506","250"
"544","56.138704","37.055923","236.0","61576.47278235197","191.76368185396225","-11.5","-5.996964539280087","-3.4318974070530053","271.56296975451426","235.5860061348602","-10.039942446611832","-5.23558076771688","-2.9970303944885326","250"
"545","56.138781","37.054183","228.0","61684.61585384861","108.14307149663776","-8.0","-7.3976075298071455","-4.230810483241437","274.54175897920555","229.29562993771583","-6.290376197144383","-5.8167167901643655","-3.328982160802547","250"
"546","56.138941","37.051698","223.0","61839.60080590372","154.98495205510707","-5.0","-3.226119654650201","-1.8477895315575137","276.5927269044578","223.93335591027142","-5.362274027444414","-3.459867526711743","-1.9815676311757024","250"
"547","56.139309","37.048392","222.5","62048.473080376796","208.87227447307896","-0.5","-0.23938074177692922","-0.13715480002566918","281.2991551185597","222.57480648180842","-1.358549428462993","-0.6504211398521891","-0.37265860717708854","250"
"548","56.139593","37.046269","222.5","62183.74130789289","135.26822751609058","0.0","0.0","0.0","283.5016055291736","222.58622112694383","0.011414645135403134","0.008438526433744632","0.004834919488155212","250"
"549","56.140093","37.043485","223.0","62364.9613934239","181.22008553101244","0.5","0.27590760623189","0.1580830125915791","287.8673851422243","221.27743697770686","-1.3087841492369705","-0.7222070033804263","-0.4137869382444713","250"
"550","56.140645","37.040566","213.0","62555.93615296991","190.97475954600336","-10.0","-5.2362940651280825","-2.9974379664403643","288.74894970995325","214.65250539958478","-6.624931578122073","-3.4690089904400234","-1.9867990251810987","250"
"551","56.14103","37.038968","213.0","62663.796209680804","107.86005671089418","0.0","0.0","0.0","293.38544856613294","213.78985648692398","-0.8626489126608021","-0.799785332000175","-0.45823347016567606","250"
"552","56.141296","37.037896","215.0","62736.497686247174","72.70147656637197","2.0","2.75097576343463","1.5757955743211745","294.0069471179535","214.5758481617868","0.785991674862828","1.0811220239045158","0.6194131589864936","250"
"553","56.142082","37.03465","217.0","62955.76342243185","219.26573618467808","2.0","0.9121352176591268","0.522600490201877","293.4920376349828","216.1004243324846","1.5245761706977987","0.6953098086486773","0.3983767550614474","250"
"554","56.142928","37.030837","212.0","63210.021363417174","254.25794098531873","-5.0","-1.9665069183773136","-1.126580261227498","291.71613315308014","211.72866028869151","-4.3717640437930925","-1.7194208475264594","-0.9850585108555916","250"
"555","56.143503","37.02758","206.0","63421.676955023046","211.6555916058732","-6.0","-2.8347939945629608","-1.6237824496685096","287.5839990145386","206.68024424057455","-5.048416048116962","-2.3852032492095403","-1.3663617173179248","250"
"556","56.144105","37.022794","204.0","63725.622583530094","303.9456285070464","-2.0","-0.6580124247299821","-0.3770079068709384","282.7248180190503","206.03937671652437","-0.6408675240501793","-0.21084939671547934","-0.12080762642027094","250"
"557","56.144349","37.019522","216.0","63930.121802609734","204.49921907963818","12.0","5.86799306814313","3.3582613643122974","277.6254619114474","213.6356660592407","7.596289342716318","3.71458110055574","2.1273201235324883","250"
"558","56.144466","37.014297","210.5","64254.056028820065","323.93422621032937","-5.5","-1.6978755423111322","-0.9727175632449923","272.3038977951624","208.4706016220078","-5.1650644372329","-1.5944793786252278","-0.9134919800873534","250"
"559","56.144454","37.013907","209.0","64278.25213102057","24.196102200501905","-1.5","-6.199345611827037","-3.547423568450299","266.8388713736956","207.13690414738656","-1.333697474621232","-5.512034391198624","-3.154970457343501","250"
"560","56.144395","37.011993","198.0","64396.999925982724","118.74779496215662","-11.0","-9.26332990309888","-5.292393678047182","266.83373801419157","201.68236720793695","-5.454536939449611","-4.593379558069184","-2.629963997762765","250"
"561","56.14431","37.010091","201.0","64515.201701237376","118.20177525465418","3.0","2.5380329470828955","1.4538736386439723","265.4144415804315","199.94145130530745","-1.7409159026294958","-1.472833972991406","-0.8438106950267199","250"
"562","56.144028","37.006475","199.0","64741.38741998822","226.185718750846","-2.0","-0.884229124210575","-0.5066127663121877","262.032696699848","199.57574861681462","-0.3657026884928314","-0.1616824839837345","-0.09263715881302244","250"
"563","56.143393","37.001551","202.0","65054.48542099773","313.0980010095103","3.0","0.9581664495867782","0.5489721366696518","256.96877170262326","202.80523899450154","3.229490377686915","1.0314631097209783","0.5909638718322331","250"
"564","56.142772","36.998072","210.0","65280.798168684734","226.3127476870088","8.0","3.5349312320064374","2.024523421574492","252.23616754402593","209.89080659021437","7.085567595712831","3.130874273822256","1.7932730294325279","250"
"565","56.142185","36.99522","216.0","65469.150916876526","188.3527481917888","6.0","3.185512320685942","1.8245471301525504","249.72543355607277","214.31594512273492","4.425138532520549","2.349388886014386","1.3458530921858178","250"
"566","56.141612","36.992088","211.5","65673.37487773961","204.2239608630894","-4.5","-2.2034632865713415","-1.2622872020853533","251.8224131330042","212.1856014278382","-2.130343694896709","-1.0431409154408084","-0.5976540417825805","250"
"567","56.141343","36.990259","211.5","65790.56603906381","117.19116132420132","0.0","0.0","0.0","255.21315263167799","210.73887409930677","-1.4467273285314377","-1.2345020837613903","-0.7072816636564575","250"
"568","56.141022","36.987681","207.5","65954.21862770265","163.65258863884486","-4.0","-2.4442020949802155","-1.4001458661039619","257.4032535062858","208.09588406138866","-2.6429900379181106","-1.6150004469228212","-0.9252466590382742","250"
"569","56.140761","36.984714","206.5","66140.30907449643","186.09044679377374","-1.0","-0.5373730985278382","-0.30788914208126805","261.0289884007422","206.9560695996359","-1.1398144617527635","-0.6125056290589226","-0.35093548617269227","250"
"570","56.140584","36.981579","208.3","66335.52633399297","195.21725949654092","1.8","0.9220496203266774","0.5282805467636768","264.2149910953432","207.9114448181689","0.9553752185329927","0.48939075417659017","0.2803980089430155","250"
"571","56.14052","36.979573","207.9","66460.00798964739","124.48165565442811","-0.4","-0.32133248702156947","-0.1841093195985899","266.7235066706913","207.99618957016617","0.08474475199727749","0.06807810480327824","0.039005874798847706","250"
"572","56.140517","36.977644","207.9","66579.5162331133","119.50824346591742","0.0","0.0","0.0","269.84087010856547","205.71381495323033","-2.28237461693584","-1.909805173888905","-1.0941047548520255","250"
"573","56.140575","36.975016","196.5","66742.45688570967","162.94065259637222","-11.4","-6.996412385949788","-4.002127407251207","272.2694941343175","199.39381595715136","-6.319998996078965","-3.878712215382201","-2.2212249448888852","250"
"574","56.140641","36.973637","198.2","66828.20482096549","85.7479352558093","1.7","1.9825550258772295","1.1357715660162868","274.91033077672296","199.339487439774","-0.0543285173773711","-0.06335839716174439","-0.03630168268330479","250"
"575","56.140748","36.972248","202.4","66915.07608394882","86.8712629833314","4.2","4.834740345384277","2.767946845434603","277.8725395033983","202.17586765754967","2.836380217775684","3.2650385413642713","1.870064946358077","250"
"576","56.140923","36.970305","207.1","67037.01290930294","121.93682535411102","4.7","3.854454949397731","2.2073473030470225","279.1835446760733","205.89449184647202","3.718624188922348","3.0496317893493337","1.7467689270603628","250"
"577","56.141151","36.968369","207.1","67159.60292372583","122.590014422897","0.0","0.0","0.0","281.93610591312427","204.9284722591266","-0.9660195873454143","-0.788008380530041","-0.4514861992875204","250"
"578","56.141579","36.964471","190.0","67405.73618401938","246.13326029354928","-17.1","-6.9474560161458045","-3.9742131593012338","281.1503561230108","191.90373731102795","-13.024734948098654","-5.291741121279093","-3.02911900090625","250"
"579","56.142014","36.960779","188.0","67639.51852182059","233.78233780120584","-2.0","-0.8554966208356926","-0.49015150020363324","281.9423525500095","187.6494396353513","-4.254297675676639","-1.819768642785253","-1.04253555881659","250"
"580","56.142213","36.959279","186.0","67735.04275715614","95.52423533555422","-2.0","-2.093709510444621","-1.1994319434558007","283.3946294494127","186.30532523643225","-1.3441143989190607","-1.4070925500711964","-0.8061514442805884","250"
"581","56.142389","36.958126","186.0","67809.10398709252","74.0612299363648","0.0","0.0","0.0","285.3225937349286","184.13687000042944","-2.1684552360028135","-2.927922258199064","-1.677096747697422","250"
"582","56.142872","36.955181","174.0","67999.28714799284","190.18316090033085","-12.0","-6.3097068863467","-3.610409519311468","286.4045620633838","175.94388721048833","-8.192982789941112","-4.307943327450953","-2.4667445058492943","250"
"583","56.143102","36.953673","174.0","68096.14411041565","96.85696242281064","0.0","0.0","0.0","285.31100712198645","173.54961985177547","-2.3942673587128525","-2.4719620549952146","-1.4160415470485839","250"
"584","56.143558","36.950099","170.0","68323.28065392385","227.13654350819243","-4.0","-1.761055239381032","-1.0089060378172292","282.9006291909322","170.60537328708918","-2.9442465646862956","-1.2962452096926014","-0.7426522044050207","250"
"585","56.14378","36.948571","170.0","68421.10329686012","97.8226429362641","0.0","0.0","0.0","284.6171082860514","171.19044042296707","0.5850671358778925","0.5980896838568248","0.34267606062244527","250"
"586","56.144468","36.944645","179.5","68676.05728203703","254.9539851769038","9.5","3.726162583184678","2.1339466523875306","287.46300723373713","178.33557419275493","7.145133769787861","2.802518958403454","1.6053048963641883","250"
"587","56.144901","36.942532","179.5","68815.52467039344","139.46738835641426","0.0","0.0","0.0","290.19633879245777","179.75587681087106","1.420302618116125","1.0183761486136724","0.5834663830433164","250"
"588","56.145558","36.93982","181.0","68998.7182932973","183.19362290385658","1.5","0.8188057947777079","0.46913067882538945","293.5034729043654","179.27947761949153","-0.476399191379528","-0.26005227901931455","-0.14899864452761385","250"
"589","56.146267","36.937376","173.0","69169.4080527735","170.6897594762117","-8.0","-4.686865822852674","-2.6834125992622364","297.5091711113379","174.3902064503804","-4.88927116911114","-2.8644197426457425","-1.6407429804546796","250"
"590","56.147222","36.934453","172.5","69379.31112731945","209.90307454595023","-0.5","-0.2382051816447044","-0.13648125752495305","300.3927511650149","172.5744391192645","-1.815767331115893","-0.8650503738659628","-0.4956249923939145","250"
"591","56.147937","36.932538","172.5","69522.10939244047","142.79826512102295","0.0","0.0","0.0","303.83287824184055","172.57044910024106","-0.003990019023433433","-0.002794164915135245","-0.0016009385685911571","250"
"592","56.149107","36.929638","173.0","69743.90072756262","221.79133512214452","0.5","0.22543712076246844","0.12916573683808263","305.91585508124626","172.92955089976638","0.3591017995253196","0.16190975149121842","0.09276737316214033","250"
"593","56.151998","36.923778","173.0","70228.74428079867","484.8435532360495","0.0","0.0","0.0","311.53366933501053","173.086326606974","0.156775707207629","0.03233531850866988","0.01852677215187743","250"
"594","56.154112","36.919333","174.0","70590.74159650944","361.99731571077723","1.0","0.2762451423255757","0.15827640505359228","310.4951748921573","174.29691173829883","1.2105851313248195","0.3344182619000505","0.19160683570985085","250"
"595","56.155345","36.916897","176.5","70794.59645853512","203.85486202567935","2.5","1.2263627048959362","0.7026188490238372","312.26555246684626","176.00659770722686","1.709685968928028","0.8386780437508824","0.4805158567948774","250"
"596","56.156177","36.915161","176.0","70936.43051909236","141.83406055723933","-0.5","-0.3525246319788026","-0.20198089917409462","310.7137992697702","178.18022755668312","2.173629849456262","1.5325161254754178","0.8779983288305947","250"
"597","56.157587","36.912194","192.0","71177.96899055752","241.5384714651641","16.0","6.624203549415771","3.789852232004065","310.47577346229724","189.92993639080225","11.749708834119133","4.864528935223363","2.7849744030261068","250"
"598","56.158089","36.911017","192.0","71269.77447717992","91.80548662239593","0.0","0.0","0.0","307.4472438114605","191.85401901910453","1.9240826283022727","2.095825314031823","1.2006436778988148","250"
"599","56.159162","36.908239","192.0","71479.12592580676","209.35144862684547","0.0","0.0","0.0","304.74538246515607","192.61923236259818","0.7652133434936559","0.365516144508556","0.20942439159471657","250"
"600","56.160044","36.905673","195.7","71665.84904782596","186.72312201920732","3.7","1.9815435603199685","1.135192266519684","301.68532568535517","195.54280809794366","2.92357573534548","1.5657277490490684","0.8970226218619038","250"
"601","56.160685","36.90344","198.0","71821.40901743225","155.55996960628295","2.3","1.4785294737593626","0.8470732661186079","297.27131033366925","197.5379595394507","1.9951514415070335","1.2825609612528819","0.7348130109164025","250"
"602","56.161177","36.901399","198.0","71959.12144662593","137.71242919367367","0.0","0.0","0.0","293.4080009221409","197.36066878152639","-0.17729075792431104","-0.12873983776364578","-0.07376245283941314","250"
"603","56.163506","36.890321","183.0","72692.309481956","733.1880353300762","-15.0","-2.0458598991249364","-1.172027876104539","290.6887137181003","185.5390545213595","-11.821614260166882","-1.6123577705199283","-0.9237329111672474","250"
"604","56.163686","36.889436","187.0","72750.6461966273","58.33671467130107","4.0","6.856745400453297","3.9224862303057244","290.06600128076997","186.9368450041786","1.3977904828190901","2.3960733659667977","1.3725862780111133","250"
"605","56.164501","36.885802","197.0","72993.21099931125","242.5648026839502","10.0","4.1226096652734485","2.36074451620508","291.93977324641105","196.38656576836854","9.449720764189948","3.8957510156584676","2.230972728846582","250"
"606","56.165261","36.88314","201.0","73178.42875846547","185.21775915421296","4.0","2.159620124045225","1.2371788701213176","297.1474200298374","200.45357781673223","4.067012048363694","2.1958002660951563","1.2578987380770466","250"
"607","56.166397","36.879782","202.0","73421.69683882718","243.26808036170812","1.0","0.41106913760043223","0.2355239401209937","301.2835330735095","201.7071294606477","1.253551643915472","0.5152963932019372","0.2952404721292627","250"
"608","56.167074","36.87801","201.3","73554.74719601308","133.0503571858937","-0.7","-0.5261165883395431","-0.3014398191859918","304.45816944709657","200.95318833617867","-0.753941124469037","-0.5666584745921837","-0.3246679151755994","250"
"609","56.167594","36.87677","199.8","73650.8549873497","96.10779133661474","-1.5","-1.5607475514095352","-0.8941698759325625","306.987325230965","199.39881400984527","-1.5543743263334022","-1.6173239491991356","-0.9265775801454682","250"
"610","56.168133","36.875593","197.0","73745.20387397968","94.34888662999401","-2.8","-2.9677085761284068","-1.6998728368489258","309.4382456697643","197.90097239264847","-1.4978416171967979","-1.5875562189417782","-0.9095263056274692","250"
"611","56.168693","36.874392","197.0","73842.18662119294","96.98274721326283","0.0","0.0","0.0","309.9464864410937","197.04659103353322","-0.8543813591152514","-0.8809622161315831","-0.50474111165976","250"
"612","56.170026","36.871844","197.0","74058.63861446828","216.45199327532552","0.0","0.0","0.0","313.21974607452364","196.7990762368962","-0.24751479663700593","-0.11435089734755582","-0.06551820945801415","250"
"613","56.171072","36.870176","196.0","74214.17024257283","155.53162810455086","-1.0","-0.6429560419233726","-0.36838159999640774","318.4028009871092","197.6276100139171","0.8285337770208798","0.5327107978731671","0.3052179170475432","250"
"614","56.174097","36.865642","216.0","74652.24834113444","438.0780985616148","20.0","4.565396002600445","2.613964154564094","320.1604099031017","214.5733137491867","16.945703735269603","3.868192404712564","2.2152065671209398","250"
"615","56.177211","36.861305","216.0","75090.38075441212","438.1324132776854","0.0","0.0","0.0","322.21651694540384","216.0","1.4266862508133045","0.32562901250336856","0.18657102160578676","250"
"616","56.198816","36.830986","216.0","78138.4786346581","3048.097880245968","0.0","0.0","0.0","322.02590098150273","215.3284729204178","-0.671527079582205","-0.022031020851863713","-0.012622844927541753","250"
"617","56.200718","36.828039","210.0","78417.69298907493","279.21435441683917","-6.0","-2.1488866546748517","-1.2310318978742474","319.2418021605561","211.00512464621664","-4.323348274201152","-1.5483975683237345","-0.8870955665082204","250"
"618","56.201923","36.825922","212.0","78605.04447556936","187.3514864944368","2.0","1.0675122132320993","0.6116162117738393","315.6588479215238","211.66097558033465","0.655850934118007","0.3500644411153267","0.20057133103660507","250"
"619","56.20257","36.824785","212.0","78705.65167113383","100.60719556447033","0.0","0.0","0.0","315.6510621011634","211.8447866512984","0.18381107096374194","0.18270171425855275","0.1046802548943672","250"
"620","56.203875","36.822127","211.0","78924.9348928901","219.2832217562687","-1.0","-0.456031242149247","-0.261284843756972","311.4341984242724","211.37902066541463","-0.4657659858837633","-0.21240384109344124","-0.12169825345495684","250"
"621","56.204604","36.82044","212.0","79057.06410851568","132.1292156255747","1.0","0.7568348871711926","0.4336261690029484","307.8436761516352","211.78709625975787","0.40807559434324503","0.30884584640208723","0.17695507255816648","250"
"622","56.20518","36.819105","212.0","79161.56212139166","104.49801287598127","0.0","0.0","0.0","307.8011077790277","212.8711876154244","1.0840913556665157","1.0374277231023716","0.5943809779062605","250"
"623","56.206286","36.81628","218.0","79375.2251493531","213.66302796142796","6.0","2.8081601469596156","1.6085345176310586","305.1419563282886","216.98364831922947","4.112460703805084","1.9247413757271548","1.1026594234668914","250"
"624","56.20736","36.813194","217.0","79600.36658975578","225.14144040268516","-1.0","-0.4441652315146481","-0.2544862582062221","302.0363180299837","217.8657521534562","0.88210383422674","0.3917998537492787","0.22448363168023452","250"
"625","56.210902","36.802424","235.0","80374.14690299895","773.7803132431676","18.0","2.3262416595423687","1.3325979528397498","300.6016146901848","234.10846035021544","16.242708196759224","2.099136915060645","1.2025402511389116","250"
"626","56.214248","36.791717","231.0","81133.61381979211","759.4669167931588","-4.0","-0.5266852197973229","-0.3017656119846321","299.33810312223005","231.04391519494354","-3.064545155271901","-0.4035126596708006","-0.231194469009348","250"
"627","56.215472","36.788154","230.0","81392.57611911702","258.9622993249119","-1.0","-0.386156596001386","-0.2212503320856404","301.7080942036684","230.4863358257264","-0.5575793692171374","-0.21531295121748975","-0.12336504315417528","250"
"628","56.217852","36.782728","235.0","81819.88343358695","427.30731446993565","5.0","1.170118046353215","0.6703976605800339","308.269487731205","235.34729777032138","4.860961944594976","1.1375798588013597","0.651757134286056","250"
"629","56.218035","36.782286","236.0","81853.95537793727","34.07194435031237","1.0","2.934966052181968","1.6811290792359561","306.67176747811277","235.90589497140795","0.5585972010865703","1.639463822032948","0.9392594300132272","250"
"630","56.221291","36.774787","246.0","82442.20204703875","588.2466691014827","10.0","1.699967126932397","0.9739156071624248","307.9895668853856","245.89514431049676","9.989249339088815","1.698139549918216","0.9728687848607804","250"
"631","56.222589","36.772104","249.0","82662.07425547","219.87220843124723","3.0","1.3644289205100164","0.7817116787737299","311.02945714722904","248.4489316971898","2.5537873866930454","1.1614871224125627","0.6654531774346848","250"
"632","56.224163","36.769202","248.0","82912.70732422199","250.63306875200146","-1.0","-0.3989896484846892","-0.22860301621627824","314.2932499517355","247.33564874393494","-1.113282953254867","-0.444188374183156","-0.25449951771694296","250"
"633","56.225947","36.766069","241.0","83189.94452599197","277.23720176998614","-7.0","-2.524913667902207","-1.446361659326251","315.68809794846374","239.76827710291","-7.567371641024948","-2.7295657266456352","-1.5635377314124725","250"
"634","56.22778","36.763002","223.0","83468.3053606685","278.3608346765207","-18.0","-6.466426938587661","-3.6998385403166414","317.0738652318256","223.0924306853488","-16.67584641756119","-5.990730138792679","-3.4283381457722846","250"
"635","56.23","36.75981","203.5","83784.3175144037","316.0121537351901","-19.5","-6.17064874547214","-3.531044133488999","321.3673694149396","205.1028025072515","-17.98962817809729","-5.6927013614710935","-3.25816109899287","250"
"636","56.231103","36.758314","201.9","83937.9154418459","153.59792744220098","-1.6","-1.0416807222884443","-0.5968175036334866","322.9878640388028","202.14493833514302","-2.9578641721084864","-1.9257188045206748","-1.1032192414161865","250"
"637","56.23183","36.757363","201.6","84037.86430581227","99.94886396638233","-0.3","-0.30015348658780616","-0.17197476342507753","323.9794261589698","201.93823690786957","-0.2067014272734582","-0.20680718026268108","-0.11849161709429337","250"
"638","56.233306","36.755532","203.1","84237.22050091722","199.35619510494212","1.5","0.7524220650431216","0.4310979521394379","325.41422845421255","203.1624726948142","1.2242357869446323","0.6140946792750476","0.35184591063641635","250"
"639","56.234813","36.75378","205.0","84436.73019253161","199.50969161440239","1.9","0.9523346884181345","0.5456310885215456","327.13176904692057","205.3773057297468","2.21483303493261","1.1101380674845993","0.6360361317926911","250"
"640","56.235576","36.752937","207.2","84536.29086561472","99.5606730831121","2.2","2.2097078413315523","1.2658633271887654","328.4479815868005","206.839063889727","1.461758159980178","1.4682083946539004","0.8411610068389288","250"
"641","56.237126","36.751312","209.2","84735.76541823578","199.47455262106584","2.0","1.0026341574503106","0.5744478074193975","329.77301817902185","208.10290831691026","1.2638444271832725","0.6335867961985855","0.3630136363135105","250"
"642","56.238702","36.749774","204.2","84935.1227517176","199.3573334818144","-5.0","-2.508059228458784","-1.4367108884349544","331.52764114454243","206.628380502671","-1.4745278142392522","-0.7396406184243832","-0.4237751302371492","250"
"643","56.240306","36.748327","214.7","85134.6378964693","199.51514475169995","10.5","5.262758380105646","3.012559231447578","333.374700087738","213.25922256475687","6.630842062085861","3.323478059942797","1.9035120258921177","250"
"644","56.241931","36.746966","216.0","85333.94168622606","199.30378975676135","1.3","0.6522705873212818","0.37371821756703727","335.0423844423885","214.27657303398848","1.0173504692316158","0.5104521446748367","0.29246499518080216","250"
"645","56.24414","36.745258","203.0","85601.28311146612","267.3414252400762","-13.0","-4.862695703939569","-2.783926517615908","336.7501565601816","204.25515933844446","-10.021413695544027","-3.7485450249787","-2.1467529592238157","250"
"646","56.244654","36.744866","202.0","85663.35741520152","62.07430373539857","-1.0","-1.6109725600188065","-0.922939450111446","337.034613865298","203.20060587239266","-1.0545534660518001","-1.6988566968821739","-0.9732795612993074","250"
"647","56.26823","36.727052","242.0","88506.43968441118","2843.0822692096576","40.0","1.406923761341578","0.8060547546036074","337.23875471061575","240.6544014428854","37.45379557049273","1.317365873513904","0.7547513871081251","250"
"648","56.272229","36.724001","228.0","88989.36622674581","482.92654233464276","-14.0","-2.8989916214418248","-1.6605347721523764","337.0416563121624","228.18209741650523","-12.472304026380158","-2.582650348039372","-1.4794207788548621","250"
"649","56.274697","36.721951","221.0","89291.57495524867","302.2087285028547","-7.0","-2.3162798886313034","-1.3268933523299267","335.24209768437095","222.2099036872536","-5.972193729251643","-1.9761817465822233","-1.13212137607253","250"
"650","56.274821","36.721855","221.0","89306.5829614794","15.008006230740532","0.0","0.0","0.0","336.74003935149966","222.148578803882","-0.06132488337158293","-0.4086144583680454","-0.2341175361437322","250"
"651","56.275464","36.721391","222.7","89383.60629547028","77.02333399087294","1.7","2.20712336368281","1.2643832524208467","338.16689136189984","222.17597724083066","0.0273984369486584","0.035571606069279005","0.020381028123085905","250"
"652","56.276425","36.72064","222.7","89500.08910903703","116.4828135667529","0.0","0.0","0.0","336.5456678093578","225.65737109658122","3.4813938557505537","2.988761817429374","1.7119247655986596","250"
"653","56.277684","36.719517","237.5","89656.30885201949","156.2197429824651","14.8","9.473834559861762","5.411954529859251","333.6555760623973","234.64600736379623","8.988636267215014","5.753841413133002","3.2930773958665713","250"
"654","56.278824","36.718324","238.0","89802.91142935019","146.60257733070392","0.5","0.3410581240138142","0.195411153070388","329.84518387541374","238.27887527984382","3.632867916047587","2.4780382324743293","1.4195208090331064","250"
"655","56.281824","36.714593","243.0","90208.27552503165","405.36409568146735","5.0","1.233459019500575","0.706684122845424","325.3804770069039","242.61454405641555","4.335668776571737","1.0695739516058864","0.6127973659842435","250"
"656","56.282761","36.713348","243.0","90337.7397489496","129.46422391795738","0.0","0.0","0.0","323.5892127766234","242.13348491495847","-0.48105914145708084","-0.3715768935222848","-0.2128968978195516","250"
"657","56.286645","36.707148","227.0","90914.76374845211","577.0239995024981","-16.0","-2.7728482721333902","-1.5883180462899589","318.46007808340596","227.2488007504195","-14.884684164538982","-2.5795606729308216","-1.4776517039935009","250"
"658","56.287314","36.70613","225.0","91012.13491320267","97.37116475056052","-2.0","-2.0539961754832423","-1.176687660927714","319.8166531121334","225.11255332760513","-2.136247422814364","-2.193922018173318","-1.2568230994688758","250"
"659","56.287417","36.705975","225.0","91027.05746030196","14.92254709930012","0.0","0.0","0.0","320.1302130174209","224.80337467479706","-0.3091786528080718","-2.0718892743355624","-1.1869352902497967","250"
"660","56.291718","36.699381","211.0","91655.00540400196","627.9479436999936","-14.0","-2.2294841698993753","-1.2771887491742537","319.60888458685616","211.0771090992838","-13.726265575513253","-2.1858922723172527","-1.2522245992898418","250"
"661","56.293694","36.696009","205.0","91957.61769671971","302.6122927177443","-6.0","-1.9827350522063498","-1.1358746729747633","316.5603730820136","204.6729990452081","-6.404110054075716","-2.116275580400504","-1.2123556226137613","250"
"662","56.295577","36.692225","195.5","92271.23826015243","313.6205634327216","-9.5","-3.0291381075329125","-1.7350377494522724","311.8854532677203","196.45163826479018","-8.22136078041791","-2.6214354984989914","-1.5016279971883562","250"
"663","56.296217","36.690887","195.5","92380.23491774655","108.99665759411612","0.0","0.0","0.0","310.76181245128726","195.8225532787442","-0.6290849860459673","-0.5771598872220158","-0.3306845846029278","250"
"664","56.297791","36.686832","198.5","92685.57210307172","305.33718532516684","3.0","0.9825203559157623","0.5629245833584063","304.97576901561945","197.04091062730552","1.2183573485613124","0.3990202985803484","0.2286205771479289","250"
"665","56.299483","36.68174","185.0","93051.76658678577","366.1944837140543","-13.5","-3.686565636674521","-2.1112903967196384","300.91781955065534","186.08505726021528","-10.955853367090242","-2.9918127810044246","-1.7136712772625433","250"
"666","56.301303","36.674928","184.0","93518.22277969151","466.4561929057356","-1.0","-0.2143824040089626","-0.12283188133836585","295.71538638717726","183.65257837742567","-2.43247888278961","-0.5214806705934721","-0.29878370685069805","250"
"667","56.302162","36.671604","181.0","93744.44467263632","226.22189294481032","-3.0","-1.3261315962606182","-0.7597728990145659","294.97653349275305","181.026074950397","-2.6265034270286662","-1.1610297274231698","-0.6651911447457206","250"
"668","56.302483","36.670424","180.0","93825.52125140578","81.07657876945338","-1.0","-1.2334018222988494","-0.7066513562477839","296.120054069781","180.1139029648304","-0.9121719855666015","-1.125074589247806","-0.6445930595553139","250"
"669","56.302702","36.669652","179.3","93879.01188400091","53.490632595124374","-0.7","-1.3086403469900343","-0.7497528904022415","297.0814768018834","179.70125532965363","-0.41264763517676784","-0.7714390635462036","-0.4419932571248843","250"
"670","56.303283","36.667882","179.3","94005.88544773318","126.8735637322696","0.0","0.0","0.0","300.6114625917149","177.90049396152796","-1.800761368125677","-1.4193353722810762","-0.8131646640295833","250"
"671","56.304629","36.664149","167.0","94280.5359239961","274.6504762629121","-12.3","-4.478419323120232","-2.564231881975847","303.02225264203264","168.39950603847205","-9.500987923055902","-3.4593014555565453","-1.9812436840181733","250"
"672","56.306079","36.660468","167.0","94559.02703207356","278.49110807745507","0.0","0.0","0.0","305.37836721254064","166.5778937856108","-1.8216122528612573","-0.6541006876078151","-0.3747667430565536","250"
"673","56.307807","36.656815","163.0","94855.16102806419","296.13399599063627","-4.0","-1.3507398860502593","-0.7738698850547859","310.4561051464206","162.97923920336365","-3.59865458224715","-1.2152115700896897","-0.6962306714623266","250"
"674","56.309139","36.654363","160.0","95066.84985939832","211.68883133414053","-3.0","-1.4171744352750693","-0.8119267873195892","314.40137312778944","160.53682081107794","-2.4424183922857026","-1.153777635264311","-0.6610365585555354","250"
"675","56.309574","36.653586","160.0","95134.94205970806","68.09220030973464","0.0","0.0","0.0","315.26439862379783","160.54509561270476","0.008274801626811268","0.012152348711263897","0.006962782888991302","250"
"676","56.311382","36.650526","164.0","95410.69441152831","275.7523518202575","4.0","1.450576930204136","0.8310610729801323","316.8091324635136","164.63249307514727","4.08739746244251","1.4822711158985078","0.8492165994188531","250"
"677","56.313025","36.648254","172.0","95640.9397387166","230.2453271882852","8.0","3.474554770641633","1.9899726978636927","322.51223598781104","171.58567679430544","6.953183719158176","3.0199022078185966","1.7297508050694947","250"
"678","56.315084","36.645662","178.0","95920.17568239638","279.23594367978995","6.0","2.148720512456813","1.2309367493288002","325.0776980453993","177.32852483986318","5.742848045557736","2.056629232568737","1.178195654486512","250"
"679","56.317293","36.643282","178.0","96206.31678095102","286.1410985546426","0.0","0.0","0.0","329.1409004791708","177.87639776887","0.5478729290068145","0.191469499409289","0.10970380815634471","250"
"680","56.319284","36.641302","177.0","96459.14393231209","252.8271513610706","-1.0","-0.3955271396353581","-0.2266191760883633","331.12343484370496","176.5457801389098","-1.3306176299601873","-0.5262953851265323","-0.3015422593623475","250"
"681","56.32061","36.640204","174.0","96621.39110364785","162.2471713357678","-3.0","-1.8490306951432456","-1.0592958398255192","335.33580097624844","174.91140771837533","-1.6343724205344756","-1.0073349242879368","-0.5771408764232782","250"
"682","56.322162","36.639021","176.0","96808.7492962744","187.3581926265528","2.0","1.067474003651632","0.6115943217913163","337.08723933713367","174.8672369158715","-0.0441708025038281","-0.023575591696633456","-0.013507818787148958","250"
"683","56.323792","36.637832","171.0","97004.26281887811","195.5135226037074","-5.0","-2.5573678656154435","-1.4649445450221674","337.9778187110198","171.51615572716295","-3.351081188708548","-1.7139894694143287","-0.9819474772741347","250"
"684","56.324389","36.637401","170.0","97075.76772833387","71.50490945576793","-1.0","-1.3985053720242635","-0.8012323216904848","338.18328661053135","170.90722713825107","-0.6089285889118798","-0.8515899027724183","-0.48791327869870305","250"
"685","56.325679","36.636459","172.0","97230.52152959557","154.75380126170597","2.0","1.2923753624751204","0.7404353166577833","337.95736758024316","171.49804311019182","0.5908159719407422","0.3817780029465036","0.2187416200497047","250"
"686","56.338959","36.626768","167.0","98823.45306844609","1592.9315388505263","-5.0","-0.31388668489846366","-0.17984323226764384","337.9781471432967","168.40205042663217","-3.0959926835596434","-0.19435817598248695","-0.11135889175693764","250"
"687","56.33913","36.626643","170.0","98843.96889688734","20.515828441248026","3.0","14.622855755453486","8.319316833593","337.94356462756593","168.58722640556098","0.185175978928811","0.9026005430836324","0.5171379738219192","250"
"688","56.34909","36.619261","166.0","100041.26143994153","1197.292543054196","-4.0","-0.33408710537830005","-0.19141709911913504","337.67235864808544","164.91047725842893","-3.676749147132057","-0.3070886199418706","-0.17594826550894344","250"
"689","56.349618","36.618851","163.3","100105.17688524605","63.91544530451899","-2.7","-4.224331047270515","-2.4189252316444696","336.7185185616775","163.5380602053106","-1.3724170531183404","-2.14723850640419","-1.2300880139993962","250"
"690","56.350653","36.617861","160.0","100235.42993108215","130.25304583610327","-3.3","-2.53353000601028","-1.4512953013750955","332.0757389410747","160.15968547560274","-3.3783747297078435","-2.5937011361399063","-1.4857481755290836","250"
"691","56.351701","36.616804","157.3","100368.92566879875","133.49573771659936","-2.7","-2.0225364840725337","-1.158670071110971","330.80137901625636","157.93204265126585","-2.227642824336897","-1.6686995872976875","-0.9560057077405058","250"
"692","56.352783","36.615559","157.3","100511.61103542414","142.68536662538355","0.0","0.0","0.0","327.48068816936484","157.38796531675757","-0.5440773345082732","-0.3813126372914842","-0.21847498905160523","250"
"693","56.35992","36.606814","160.0","101470.79589503215","959.1848596080093","2.7","0.28148901360926515","0.1612808986165572","325.8329951532464","159.47030537708105","2.0823400603234745","0.21709475910352313","0.12438593909978973","250"
"694","56.363077","36.60294","154.0","101895.2639966182","424.468101586062","-6.0","-1.4135337797069976","-0.8098412631105987","325.79526053712533","151.29647282217442","-8.173832554906625","-1.9256647376715441","-1.103188274876806","250"
"695","56.363459","36.602482","146.0","101946.25474268894","50.99074607073778","-8.0","-15.689121294483247","-8.91651886710154","326.4108423555175","149.44994093438984","-1.8465318877845789","-3.621307845197923","-2.0739502914400663","250"
"696","56.369684","36.594612","149.0","102791.2761831502","845.021440461266","3.0","0.3550205777456263","0.20341095285950087","325.00189706063486","148.921402615875","-0.5285383185148476","-0.06254732639994767","-0.03583697355210035","250"
"697","56.376896","36.585863","150.0","103757.37622960462","966.1000464544213","1.0","0.10350894854730534","0.059306237755543084","326.11044934193296","150.0984258596599","1.1770232437849018","0.12183243837991384","0.06980481073215464","250"
"698","56.377012","36.585722","151.0","103772.92437744811","15.548147843497617","1.0","6.431634237503148","3.6799863564374298","326.05697562069776","150.0652752597779","-0.03315059988199209","-0.21321253319478814","-0.1221615977999192","250"
"699","56.378599","36.583797","148.0","103985.49933875931","212.57496131119336","-3.0","-1.4112668686356862","-0.8085426777929746","326.1137369188727","148.28250833851098","-1.7827669212669264","-0.838653296827886","-0.48050167884966133","250"
"700","56.38157","36.580301","146.0","104379.78986572572","394.2905269664087","-2.0","-0.5072401854002413","-0.2906247257260082","326.91636748337066","145.85836118598283","-2.4241471525281497","-0.6148124255429228","-0.35225713342967296","250"
"701","56.385581","36.57594","141.0","104900.36053306574","520.5706673400312","-5.0","-0.9604843902459171","-0.5503000966260433","328.9563946343255","141.16262516961993","-4.6957360163629005","-0.9020362288864225","-0.51681467192627","250"
"702","56.389218","36.572572","139.0","105354.81938483498","454.458851769236","-2.0","-0.4400838474625102","-0.25214784310891236","332.86031018328697","139.2411141014844","-1.9215110681355156","-0.4228129919034377","-0.24225255601088982","250"
"703","56.391655","36.570418","140.0","105656.4955483512","301.67616351621894","1.0","0.331481277255847","0.18992408611810888","333.930655914683","139.89649622519315","0.6553821237087334","0.21724690345762046","0.12447311098232468","250"
"704","56.392612","36.569628","140.0","105773.49125574094","116.99570738973222","0.0","0.0","0.0","335.44385775679416","140.02009139461816","0.12359516942501614","0.1056407727963044","0.06052768174105064","250"
"705","56.398948","36.564928","140.5","106535.08653390451","761.5952781635783","0.5","0.06565166753733577","0.03761562927456494","337.6814808949806","140.03026417846976","0.010172783851601253","0.001335720446709007","0.0007653114420120366","250"
"706","56.399623","36.564503","139.0","106614.56901332461","79.48247942009401","-1.5","-1.8872083645905795","-1.081162401722973","340.78988567523305","139.97892113895713","-0.05134303951263064","-0.06459667575449411","-0.037011163765155806","250"
"707","56.401891","36.563133","143.0","106880.47611973788","265.90710641327917","4.0","1.5042847308424712","0.8618266597583081","341.5171762219899","142.39613183110953","2.417210692152395","0.9090432838585022","0.520829089508646","250"
"708","56.403892","36.561977","142.0","107114.0699984551","233.59387871722677","-1.0","-0.4280934095925234","-0.24527795772376998","342.27264145807897","142.54056403531135","0.14443220420182","0.06183047475172072","0.03542624797114455","250"
"709","56.411131","36.557796","153.0","107959.1113130116","845.041314556502","11.0","1.3017115033923594","0.7457836316102605","342.28009433698367","153.02123414973914","10.480670114427795","1.240255350110107","0.7105775378242094","250"
"710","56.413001","36.556677","156.0","108178.143648472","219.03233546041145","3.0","1.3696607825935494","0.7847087548397967","341.6837451515795","155.4729986886084","2.45176453886927","1.119361912347599","0.6413203489517659","250"
"711","56.426527","36.548883","151.0","109756.70843647304","1578.5647880010356","-5.0","-0.316743413891272","-0.18148000113919613","342.32555879877447","150.15521075475215","-5.317787933856266","-0.33687486090388946","-0.19301434740170856","250"
"712","56.42686","36.548706","150.0","109795.30287116875","38.59443469570788","-1.0","-2.5910471493736136","-1.4842285743565846","343.6199670076709","149.37981850859524","-0.7753922461569118","-2.0090778690512696","-1.1509619848988053","250"
"758","56.592334","36.46457","123.0","129132.25319981444","300.81184457788686","-1.0","-0.33243371829431995","-0.190469788622089","339.0848251519705","123.02204720658064","-1.4942186945825853","-0.49672867658497366","-0.2846022265772328","250"
"759","56.601919","36.45771","120.0","130277.80442938016","1145.551229565718","-3.0","-0.2618826572371896","-0.1500473668533332","338.4979310848747","120.08183833038807","-2.940208876192571","-0.2566632377765605","-0.14705687989077654","250"
"760","56.604546","36.455844","120.0","130591.44714433941","313.64271495924345","0.0","0.0","0.0","338.64618541354406","120.49021156227589","0.40837323188782193","0.13020332129853177","0.07460096573316678","250"
"761","56.612544","36.450103","135.0","131547.66694019784","956.2197958584372","15.0","1.5686769992597667","0.8987120028270005","338.4459903662474","133.57181470584868","13.081603143572792","1.3680539976511266","0.7837883073526963","250"
"762","56.614761","36.448447","127.0","131814.19892452122","266.5319843233842","-8.0","-3.0015159420017565","-1.7192257910371642","337.65626795339875","127.93797373187542","-5.633840973973264","-2.113757937260432","-1.2109137643372456","250"
"763","56.615919","36.44755","127.0","131954.17166600344","139.9727414822342","0.0","0.0","0.0","336.91495018671","127.28572544334828","-0.652248288527133","-0.4659823631516987","-0.2669862949295258","250"
"764","56.618524","36.445031","130.0","132282.28385265515","328.11218665169906","3.0","0.9143214187239531","0.5238529866871942","331.98518023484417","129.7142745566517","2.4285491133034185","0.7401581569054599","0.4240716417116082","250"
"765","56.619802","36.443442","130.0","132454.4615378478","172.1776851926385","0.0","0.0","0.0","325.624926588122","130.42455540265144","0.7102808459997334","0.41252781694970864","0.23635968765230486","250"
"766","56.621381","36.441253","133.0","132675.28077466757","220.8192368197676","3.0","1.3585772884672165","0.7783595619603035","322.6671802445936","132.83868546842038","2.414130065768944","1.0932607595865182","0.6263673202384807","250"
"767","56.623017","36.438759","135.0","132912.70591213027","237.42513746270427","2.0","0.8423707874294348","0.4826314936049009","320.0149131963093","134.22839359505474","1.3897081266343605","0.5853247644650355","0.3353625566211615","250"
"768","56.624179","36.436608","132.0","133097.1204598374","184.41454770712772","-3.0","-1.6267697084095325","-0.9319881779642571","314.4794786087525","133.2367947512269","-0.9915988438278305","-0.5377009873443431","-0.3080770031064501","250"
"769","56.625236","36.434564","136.0","133268.72258262403","171.6021227866267","4.0","2.3309734955748045","1.335307625882609","313.2299282789316","135.27157078263164","2.034776031404732","1.185752249658829","0.6793541564746509","250"
"770","56.639475","36.403861","136.0","135724.89479595175","2456.172213327716","0.0","0.0","0.0","310.1502848141571","135.79436816725135","0.5227973846197074","0.021285045966357607","0.012195432821969825","250"
"771","56.649814","36.384011","125.0","137396.57177033497","1671.6769743832126","-11.0","-0.6580218647839303","-0.37701331538925287","313.4581979850834","125.20563183274865","-10.588736334502698","-0.6334200025940749","-0.3629180744527795","250"
"772","56.651269","36.381024","125.0","137640.52957337035","243.957803035374","0.0","0.0","0.0","311.5443828155562","125.07279851038754","-0.13283332236110823","-0.05444930258772962","-0.03119714927404294","250"
"773","56.653633","36.375472","126.0","138069.79659869862","429.2670253282737","1.0","0.23295523322232106","0.13347327534671438","307.7625288427095","125.92720148961246","0.8544029792249148","0.19903764529118598","0.1140400198006403","250"
"774","56.65648","36.367503","126.0","138650.71178872604","580.9151900274153","0.0","0.0","0.0","303.024888322555","126.0","0.07279851038754259","0.012531693375776073","0.007180131368253809","250"
"775","56.659988","36.357365","126.0","139382.87145709025","732.1596683642067","0.0","0.0","0.0","302.19700511977385","126.0","0.0","0.0","0.0","250"
"776","56.661257","36.35406","126.0","139629.25669668947","246.38523959920838","0.0","0.0","0.0","304.94059170782316","127.11038735684753","1.110387356847525","0.45067121660931375","0.2582138384600562","250"
"777","56.662628","36.35075","135.0","139882.54668442783","253.28998773835582","9.0","3.553239541902795","2.0350001510768765","307.00555635720735","133.47209773944317","6.361710382595646","2.5116312095080455","1.4387561944166651","250"
"778","56.663747","36.348463","132.5","140069.6657532404","187.1190688125933","-2.5","-1.336047691913133","-0.7654533968408851","311.68045759425416","131.20925415053964","-2.262843588903536","-1.209306781646","-0.6928479740077494","250"
"779","56.663888","36.348209","131.0","140091.72759829726","22.061845056854644","-1.5","-6.799068691373789","-3.8895932592022393","315.2888773085467","130.58005912154914","-0.6291950289904946","-2.85196014825153","-1.6336099858529918","250"
"780","56.664208","36.347612","128.0","140142.68798461914","50.960386321866025","-3.0","-5.8869255445827795","-3.3690715310271147","314.2859757353966","129.09534143325686","-1.4847176882922781","-2.9134741619005684","-1.6688256539510893","250"
"781","56.665627","36.344927","124.0","140370.31660404598","227.6286194268265","-4.0","-1.757248280146882","-1.0067254856454677","313.88286093219665","124.54914008754491","-4.54620134571195","-1.997201123988441","-1.1441598406487867","250"
"782","56.666436","36.3435","124.0","140495.59708990066","125.28048585469777","0.0","0.0","0.0","315.893767392246","124.1040559091717","-0.44508417837320735","-0.3552701566702278","-0.20355394924626347","250"
"783","56.672432","36.333582","127.0","141396.55505317016","900.9579632694931","3.0","0.33297890937256136","0.19078215664249173","317.7371479018264","126.85965229721367","2.7555963880419654","0.3058518266537277","0.17523964180922258","250"
"784","56.674134","36.330704","126.7","141654.87791541693","258.32286224676864","-0.3","-0.11613373953460548","-0.06653970142992303","317.10819126893233","126.73629179359972","-0.12336050361395223","-0.04775438865186829","-0.02736124714990093","250"
"785","56.675077","36.328983","126.7","141803.36519809332","148.4872826764034","0.0","0.0","0.0","314.924697710396","128.34117311374843","1.6048813201487064","1.080820721627862","0.619240545668245","250"
"786","56.676103","36.326974","135.5","141970.92826483957","167.56306674624327","8.8","5.25175396397267","3.0062715438274794","312.91133150433416","134.23580624835193","5.8946331346035095","3.5178594239566614","2.0147541446481663","250"
"787","56.676707","36.325737","136.8","142072.02576661843","101.09750177884875","1.3","1.2858873633136414","0.7367185846334205","311.631253699936","136.0747880769074","1.838981828555461","1.81901807284837","1.0421056562264837","250"
"788","56.677492","36.324054","135.6","142206.8907845439","134.86501792548557","-1.2","-0.8897785492921622","-0.5097921025278803","310.333477825262","135.87805579665303","-0.1967322802543663","-0.1458734691030576","-0.0835792819424289","250"
"789","56.678322","36.322162","135.6","142354.7915687903","147.90078424640262","0.0","0.0","0.0","308.6105240208413","135.6373780103177","-0.24067778633533976","-0.16272921577912036","-0.09323689037665657","250"
"790","56.682383","36.312308","136.5","143107.23932504174","752.4477562514476","0.9","0.11960963303068771","0.06853123893635804","306.8830162422629","136.67809112493694","1.0407131146192512","0.13831034858870297","0.07924594183934273","250"
"791","56.686727","36.301914","142.0","143904.91737668833","797.6780516465868","5.5","0.6895012328152647","0.39504884580844485","307.2725455551451","142.0980531666726","5.419962041735658","0.6794673653797592","0.38930013258878127","250"
"792","56.688353","36.298014","145.0","144203.93916691598","299.021790227651","3.0","1.0032713661823918","0.5748128644079651","307.20521172873913","144.7021643548161","2.6041111881434915","0.8708767298065241","0.4989629969741659","250"
"793","56.689443","36.295425","145.1","144403.15306240012","199.21389548412648","0.1","0.050197301627470096","0.028760932846295325","307.4753114576153","144.4876526299268","-0.2145117248892916","-0.10767909756896654","-0.0616955544799033","250"
"794","56.691124","36.291613","139.4","144701.68956065786","298.53649825775915","-5.7","-1.9093142825968863","-1.0938235973814783","308.7658498813124","139.83195264035464","-4.655699989572156","-1.5595078044870687","-0.8934597261197037","250"
"795","56.70031","36.271576","131.0","146295.41836382443","1593.7288031665582","-8.4","-0.5270658334912536","-0.30198368151394034","309.8681418275614","131.0484844247848","-8.783468215569854","-0.5511269042837214","-0.31576925887398183","250"
"796","56.701831","36.268152","130.0","146564.29651806635","268.87815424190535","-1.0","-0.37191567415339966","-0.21309100214055754","308.978734186778","130.4479934195131","-0.6004910052716923","-0.22333201704867411","-0.12795960732842315","250"
"797","56.70413","36.263618","134.0","146941.06381515475","376.7672970884058","4.0","1.0616632682590357","0.6082653929232547","312.7286153004677","133.66823022866248","3.220236809149384","0.8547017838423958","0.4896961254492262","250"
"798","56.705234","36.261691","134.0","147111.08075236122","170.01693720647512","0.0","0.0","0.0","316.22413504802995","134.33362630958854","0.6653960809260582","0.3913704668835291","0.22423761490077201","250"
"799","56.706518","36.259704","136.0","147298.41609794018","187.33534557895314","2.0","1.0676041906662472","0.6116689049563712","319.6534475338708","136.54980124276875","2.2161749331802127","1.1829988229563428","0.677776780447938","250"
"800","56.708579","36.256984","144.0","147581.40478143404","282.98868349385293","8.0","2.8269681675005125","1.6193021714966245","324.0805776057189","143.35255009259282","6.80274884982407","2.4038943062441716","1.3770647671310237","250"
"801","56.7101","36.255277","145.5","147780.04647909116","198.64169765710744","1.5","0.7551284638078755","0.4326485163088285","328.3672788967329","145.67480161751806","2.3222515249252353","1.1690654843948596","0.6697946694870003","250"
"802","56.710565","36.254801","146.0","147839.3545840757","59.30810498454325","0.5","0.8430550936171523","0.48302354432733424","330.670476135985","146.48039241848886","0.8055908009708048","1.358314856259117","0.7782092271234056","250"
"803","56.711187","36.254195","148.0","147917.78571115233","78.43112707660896","2.0","2.55000798094673","1.4607303899181043","331.86481186364995","147.63728029842676","1.1568878799378979","1.4750366634510907","0.8450724695771366","250"
"804","56.712601","36.252991","150.0","148091.3381104336","173.5523992812669","2.0","1.1523897153151477","0.660241444720149","334.95207767207614","150.04376290276647","2.4064826043397147","1.3866029016629495","0.7944140307314717","250"
"805","56.715868","36.250811","155.0","148478.20595746033","386.8678470267358","5.0","1.2924310041341995","0.7404671916559867","339.88753672124034","154.80471383215487","4.7609509293884","1.2306401180606201","0.7050692564198289","250"
"806","56.727323","36.243565","164.0","149826.4897263058","1348.283768845468","9.0","0.6675152670351195","0.38245239528909497","340.8615611479653","164.52902309167385","9.724309259518975","0.7212360991222104","0.4132306800558928","250"
"807","56.733082","36.239921","180.0","150504.34405085846","677.8543245526726","16.0","2.3603891603935208","1.3521522919109195","340.8588852983746","177.8557889714241","13.32676587975024","1.9660221078540434","1.1263025926111625","250"
"808","56.736672","36.237671","161.0","150926.46438907838","422.1203382199297","-19.0","-4.501086131059806","-2.5771928795976216","341.0291929401232","162.044360111624","-15.811428859800088","-3.7457159554255233","-2.1451342945354335","250"
"809","56.739606","36.235827","157.0","151271.54966657062","345.0852774922467","-4.0","-1.1591337738509784","-0.6641049895410052","340.98131217940505","157.7085438438505","-4.3358162677735095","-1.256447768297193","-0.7198536644517435","250"
"810","56.742675","36.233899","161.0","151632.493218557","360.94355198638385","4.0","1.1082065264739498","0.6349295764494891","340.9905053752791","159.631566893816","1.9230230499655079","0.5327766736329042","0.3052556600063896","250"
"811","56.743396","36.233459","158.0","151717.03539251167","84.54217395466111","-3.0","-3.5485247890702003","-2.0323021984746292","341.4965734751051","158.67609071312845","-0.9554761806875547","-1.1301769708453018","-0.6475161371837139","250"
"812","56.746233","36.231641","155.0","152051.4063716582","334.37097914652895","-3.0","-0.8972070505811846","-0.5140479804863659","340.63905326651866","155.4614448439032","-3.214645869225251","-0.9614009796635252","-0.5508252151877752","250"
"813","56.747651","36.23049","156.0","152223.9938085778","172.58743691959555","1.0","0.5794164499156892","0.33197745655255206","336.0071380716491","156.0171982001513","0.5557533562481183","0.322012636706014","0.18449901262986673","250"
"814","56.750179","36.22815","158.0","152539.22713252658","315.2333239487863","2.0","0.6344506903479931","0.3635085913043893","333.09168518694395","157.8953102990836","1.8781120989322915","0.5957847588592553","0.34135548293463347","250"
"815","56.752685","36.225131","159.0","152873.1797839451","333.9526514185178","1.0","0.29944364740101287","0.17156805918514112","326.55616363953857","158.7399053570181","0.8445950579344981","0.2529086247247759","0.14490565904014677","250"
"816","56.755259","36.221148","157.0","153248.51344842254","375.33366447745163","-2.0","-0.532859210160231","-0.30530294861060486","319.6924706017291","156.63964212906362","-2.1002632279544855","-0.5595723023882021","-0.3206079663159357","250"
"817","56.756914","36.217333","152.0","153545.07258008682","296.5591316642788","-5.0","-1.6860043971467633","-0.9659178446227503","308.3574339057931","152.82367532423137","-3.815966804832243","-1.2867473624626493","-0.7372112463332336","250"
"818","56.759984","36.210758","157.0","154071.5232293771","526.4506492902859","5.0","0.9497566403879559","0.544154109397483","310.42644207652785","155.59115873108803","2.7674834068566554","0.5256871485651183","0.3011937751246052","250"
"819","56.764354","36.201197","130.0","154830.26234006218","758.7391106850838","-27.0","-3.5585354201157564","-2.038030633936067","309.82820508020166","130.61754142948985","-24.973617301598182","-3.291463027264919","-1.8851888079440888","250"
"820","56.764386","36.201127","130.0","154835.81757537552","5.555235313339027","0.0","0.0","0.0","309.83067838469805","130.47370615425706","-0.14383527523278872","-2.5891842040861297","-1.4831619009313668","250"
"821","56.765051","36.199673","128.0","154951.22950473824","115.41192936271426","-2.0","-1.7329231137921979","-0.9927924350987644","309.84484198677444","128.14968121299148","-2.324024941265577","-2.013678268874337","-1.1535967539045406","250"
"822","56.765422","36.199074","127.0","155006.31521827416","55.085713535937664","-1.0","-1.8153527218043652","-1.0400062580296212","318.4949365098435","127.55923939479888","-0.5904418181926019","-1.0718601617230579","-0.6141071177375997","250"
"823","56.765459","36.199015","127.0","155011.7792058775","5.463987603348626","0.0","0.0","0.0","318.8483198821578","127.5119383649081","-0.047301029890775226","-0.8656869913428539","-0.4959897200267131","250"
"824","56.766472","36.197381","127.0","155162.1248057052","150.34559982770787","0.0","0.0","0.0","318.5227842789325","127.0","-0.5119383649081044","-0.34050771389037815","-0.19509579496199547","250"
"825","56.767852","36.195615","127.0","155349.5510615719","187.42625586669564","0.0","0.0","0.0","324.9573837964863","127.20619217318297","0.2061921731829699","0.11001242714341007","0.06303245226425308","250"
"826","56.770209","36.193116","129.0","155652.66634977717","303.11528820526775","2.0","0.659814954185225","0.378040635335557","329.84312049048225","129.37127278922497","2.1650806160420046","0.714276283740537","0.4092432050062282","250"
"827","56.770654","36.192782","129.0","155706.1701477792","53.5037980020159","0.0","0.0","0.0","337.6425734094997","130.12197437275947","0.750701583534493","1.403080924285428","0.8038534057103636","250"
"828","56.771043","36.192491","132.0","155752.91839137222","46.74824359301706","3.0","6.417353400734226","3.6718376726791133","337.7096743552747","130.51156525315344","0.3895908803939676","0.8333807870637564","0.4774809644062309","250"
"829","56.771494","36.192153","132.0","155807.131754443","54.21336307077811","0.0","0.0","0.0","337.6730036851952","130.61766706079246","0.10610180763902122","0.19571153979232075","0.11213430915183914","250"
"830","56.773092","36.190955","127.0","155999.23073679663","192.0989823536446","-5.0","-2.6028248243373047","-1.490972137117447","337.6674270860004","129.91901860326527","-0.6986484575271845","-0.36369190974734456","-0.20837919596258359","250"
"831","56.77512","36.189734","143.0","156236.6887004","237.45796360337417","16.0","6.738034706102671","3.8547828406216063","341.74280907391494","141.61862373808026","11.699605134814988","4.927021590380026","2.8206944398027267","250"
"832","56.777399","36.188865","149.0","156495.57378002102","258.8850796210121","6.0","2.3176306679332543","1.3276668766108402","348.199742241163","147.79901849110425","6.1803947530239896","2.387312069923695","1.3675692949626326","250"
"833","56.77749","36.18883","149.0","156505.91475999457","10.340979973546357","0.0","0.0","0.0","348.1002962939976","147.78360658654572","-0.015411904558533251","-0.14903717634072414","-0.08539194872431609","250"
"834","56.778126","36.188588","148.0","156578.15526658742","72.24050659285056","-1.0","-1.384264932741996","-0.7930747302824616","348.2241522227061","146.8604194379002","-0.9231871486455248","-1.2779355962280723","-0.7321633062666242","250"
"835","56.78071","36.188325","135.0","156865.9297110972","287.77444450978777","-13.0","-4.517426841756216","-2.5865364185625164","356.80850649187266","136.73650309798123","-10.123916339918964","-3.5180039552034055","-2.014836852594569","250"
"836","56.782439","36.188456","137.0","157058.3515480745","192.4218369773084","2.0","1.0393830718058537","0.5955011893972729","2.3767709125231926","135.90013221794368","-0.8363708800375491","-0.43465486723119645","-0.24903732606822243","250"
"837","56.78388","36.188757","133.0","157219.62926558143","161.27771750692622","-4.0","-2.480193830761659","-1.4207551172671025","6.527715291793475","133.61415144349635","-2.2859807744473244","-1.4174188535060033","-0.8120668005254053","250"
"838","56.785609","36.189208","132.0","157413.83825960883","194.2089940273933","-1.0","-0.5149092115985882","-0.2950186392974033","8.131585713363801","132.30298073892294","-1.3111707045734136","-0.6751338737630618","-0.38681733868197554","250"
"839","56.7864","36.189717","133.0","157507.09759954637","93.2593399375403","1.0","1.0722786593490174","0.6143468716589315","19.416452686930846","130.49252981826663","-1.810450920656308","-1.9413078860185404","-1.1121477892469995","250"
"840","56.786993","36.190128","127.0","157577.6282248288","70.53062528244203","-6.0","-8.506942871940831","-4.862412333798173","20.788746048277957","128.7700991230458","-1.7224306952208224","-2.4421032541868106","-1.3989440362823047","250"
"841","56.787077","36.190186","127.0","157587.61432962865","9.986104799828805","0.0","0.0","0.0","20.717099851861626","128.49688321629168","-0.27321590675413177","-2.7359607397552606","-1.5671990697367628","250"
"842","56.787733","36.19064","126.0","157665.6235512519","78.00922162324127","-1.0","-1.2818997282522175","-0.7344342145927343","20.76058160492328","126.26446660387516","-2.2324166124165146","-2.861734248802466","-1.6392055660743259","250"
"843","56.787829","36.190706","126.0","157677.03006981846","11.406518566567092","0.0","0.0","0.0","20.634961006553574","126.03143846388161","-0.2330281399935501","-2.042938330688943","-1.170354640035597","250"
"844","56.790607","36.192628","122.0","158007.3655873046","330.33551748615196","-4.0","-1.2108900763805044","-0.6937550022482436","20.753327748740958","122.73162715117634","-3.2998113127052733","-0.9989271931207352","-0.5723240860145957","250"
"845","56.795071","36.195717","128.0","158538.19021636175","530.8246290571288","6.0","1.130316807390311","0.6475962473884787","20.754179529315273","127.95216292998195","5.220535778805612","0.9834765557277417","0.5634723925603441","250"
"846","56.798513","36.1981","132.0","158947.5070101943","409.3167938325362","4.0","0.9772381833022273","0.5598984119468564","20.762068780434493","132.06114788861572","4.108984958633769","1.0038642490478606","0.5751525270582665","250"
"847","56.798724","36.198246","132.0","158972.59685653762","25.089846343328038","0.0","0.0","0.0","20.751465133060062","132.44082731166483","0.3796794230491116","1.5132791881369057","0.8669789312997106","250"
"848","56.798899","36.198367","132.0","158993.404015343","20.8071588053798","0.0","0.0","0.0","20.73725949600571","132.79297325669228","0.3521459450274449","1.6924268628948789","0.9695965967225173","250"
"849","56.803121","36.199844","146.0","159471.4048388787","478.0008235356834","14.0","2.928865246809534","1.6776365774420503","10.843104273267345","144.53345721942188","11.740483962729598","2.456163961368815","1.406995398641255","250"
"850","56.805664","36.200163","141.0","159754.84003818664","283.43519930796145","-5.0","-1.7640716510186651","-1.0106337776333867","3.9287477167304194","141.11130345782638","-3.422153761595496","-1.2073848872515003","-0.6917469703905368","250"
"851","56.808219","36.200197","137.0","160038.95100736938","284.11096918274114","-4.0","-1.40790058599504","-0.8066143230634545","0.417389976706262","137.60257232500612","-3.508731132820259","-1.2349861544991707","-0.7075589734806003","250"
"852","56.814964","36.197426","141.0","160807.69265884606","768.7416514766737","4.0","0.5203308539762885","0.2981249283324006","347.3272154744188","139.8918420421034","2.2892697170972838","0.29779441671982154","0.17062312803667043","250"
"853","56.818558","36.194834","128.0","161237.3347065812","429.6420477351424","-13.0","-3.025774611337388","-1.7331123727907751","338.4605897206536","129.16111487539112","-10.730727166712285","-2.497597063248186","-1.4307202619465755","250"
"854","56.823058","36.190018","132.0","161817.21882526626","579.8841186850545","4.0","0.6897929898598364","0.39521600233123255","329.64497584643254","131.65440960213542","2.4932947267442955","0.42996430604067787","0.2463498826971228","250"
"855","56.826659","36.185648","130.0","162297.87680758507","480.65798231881416","-2.0","-0.41609628333883075","-0.23840423319085866","326.41545358620607","130.74616059195995","-0.9082490101754672","-0.1889595187400919","-0.1082657003696743","250"
"856","56.827685","36.184403","132.7","162434.82019787532","136.9433902902553","2.7","1.971617610953895","1.129507337489308","326.41798503563257","132.1842123220265","1.4380517300665474","1.0501067098007117","0.601644710812325","250"
"857","56.828051","36.184005","132.7","162482.17663678003","47.35643890469654","0.0","0.0","0.0","329.2477344208861","132.7223542895168","0.5381419674903043","1.136364937771819","0.6510611257851736","250"
"858","56.831062","36.180513","136.0","162878.69974494496","396.5231081649145","3.3","0.8322339687268682","0.4768239314702294","327.60492772412914","135.74282105605303","3.020466766536231","0.7617378922794115","0.4364352220523534","250"
"859","56.831792","36.17966","136.0","162975.0418018011","96.34205685614435","0.0","0.0","0.0","327.41008508073793","136.04139237990975","0.29857132385672003","0.3099075664354349","0.17756338750509146","250"
"860","56.853111","36.154013","141.0","165812.73738350568","2837.6955817045964","5.0","0.17619930877139797","0.10095466298204529","326.6666668250131","141.28446678729355","5.243074407383801","0.1847652172836066","0.10586255104661213","250"
"861","56.860127","36.14598","151.0","166733.1298519211","920.3924684154206","10.0","1.086493028046649","0.6224901562406474","327.95729614526783","150.73225581468643","9.447789027392872","1.0264956908717986","0.5881180517965294","250"
"862","56.866938","36.138914","153.0","167603.7866644775","870.6568125563753","2.0","0.2297116350732625","0.13161484044854596","330.44535380948594","152.7122132947445","1.9799574800580615","0.22740963505983694","0.1302958984866688","250"
"863","56.872711","36.133427","148.0","168327.16020138277","723.3735369052785","-5.0","-0.6912058217378113","-0.3960254567749819","332.55191838754337","148.14890929952264","-4.563303995221844","-0.6308364575713504","-0.3614378713398792","250"
"864","56.876499","36.130155","147.0","168792.93492725212","465.77472586934755","-1.0","-0.21469606323819848","-0.1230115940116061","334.73252166686177","147.2646555119604","-0.884253787562244","-0.18984580709308008","-0.1087735043685852","250"
"865","56.880385","36.126927","150.0","169267.46712053238","474.5321932802631","3.0","0.6322015750421748","0.3622199948436874","335.58830965345675","149.41587902902066","2.1512235170602594","0.4533356319177542","0.25974040479156946","250"
"866","56.892325","36.117122","132.0","170722.61752717296","1455.1504066405848","-18.0","-1.236985532069876","-0.7087043574692619","335.84229617213913","132.14719810910523","-17.268680919915425","-1.1867282475481387","-0.6799132833949225","250"
"867","56.894465","36.115352","130.0","170983.73063725638","261.113110083411","-2.0","-0.76595158296001","-0.4388493481194095","335.68908106897453","130.53878995853663","-1.6084081505686072","-0.6159813844869033","-0.3529268722049053","250"
"868","56.914149","36.099121","153.0","173384.12400697343","2400.3933697170582","23.0","0.9581762843608871","0.5489777710628515","335.76705110411285","152.38717262107133","21.848382662534704","0.9102000921253186","0.5214918369860869","250"
"869","56.915735","36.097587","151.0","173583.55138551965","199.42737854620714","-2.0","-1.0028713281895754","-0.5745836825808112","332.167231322737","151.31339729005097","-1.0737753310203573","-0.5384292461987934","-0.30849425261401825","250"
"870","56.917318","36.095758","151.0","173791.65702949502","208.10564397536425","0.0","0.0","0.0","327.7616436859326","150.28835796403885","-1.02503932601212","-0.4925571966387731","-0.2822122031022669","250"
"871","56.91859","36.094042","147.0","173967.30713682857","175.6501073335504","-4.0","-2.277254515082196","-1.3045452495662477","323.63396595039706","148.04859571002424","-2.2397622540146074","-1.2751271764163603","-0.7305544624099255","250"
"872","56.919906","36.092164","149.0","174152.792575362","185.48543853340578","2.0","1.0782517570185444","0.617768808885985","322.08526035201743","148.37333665531872","0.3247409452944794","0.1750762474198177","0.10031119821125457","250"
"873","56.921322","36.089734","147.0","174368.5257949827","215.73321962071708","-2.0","-0.9270709460120337","-0.53115730854742","316.8745834110907","147.71053575323523","-0.6628009020834895","-0.307231729656085","-0.1760302605616597","250"
"874","56.922671","36.08702","150.0","174591.30191052056","222.77611553784587","3.0","1.3466434643395833","0.7715232351522365","312.325847851704","149.75109021027387","2.0405544570386382","0.9159664410666963","0.524795436132563","250"
"875","56.923703","36.084697","151.0","174773.0764210929","181.77451057234148","1.0","0.5501321372569595","0.31519931663190665","309.14669645088935","150.22352479447426","0.47243458420038564","0.2599014475202611","0.14891222502857182","250"
"876","56.925025","36.081194","146.0","175031.52931416314","258.45289307023364","-5.0","-1.9345885204083468","-1.1082993216908665","304.6658702999661","146.24545478495955","-3.9780700095147097","-1.539185714757576","-0.8818188208065296","250"
"877","56.925827","36.078731","144.0","175205.57354029574","174.044226132596","-2.0","-1.1491332085192503","-0.6583758508183427","300.82416435809705","144.88027283726632","-1.3651819476932303","-0.7843879558826405","-0.44941197697358426","250"
"878","56.926591","36.076118","147.0","175385.45770884305","179.8841685473173","3.0","1.6677398707329103","0.9554559836394617","298.1825341701455","147.02053994613885","2.1402671088725356","1.189802930494994","0.6816746982493471","250"
"879","56.927211","36.073502","150.0","175558.5212163296","173.0635074865459","3.0","1.7334676984015378","0.9931043653929835","293.4765631166593","148.70611681698261","1.6855768708437608","0.9739643529268001","0.5580228238315573","250"
"880","56.928087","36.068986","143.0","175849.34467826158","290.82346193198407","-7.0","-2.4069584872891427","-1.3788193983033372","289.57046374049526","143.7521745272726","-4.953942289710028","-1.7034190628225945","-0.9758928481773856","250"
"881","56.929074","36.061924","143.0","176291.67977338113","442.3350951195331","0.0","0.0","0.0","284.36889728958755","143.11009256358446","-0.6420819636881276","-0.1451573639018212","-0.08316898475404202","250"
"882","56.933637","36.025443","151.0","178562.49618337542","2270.816409994304","8.0","0.35229620346191115","0.2018500209001294","282.92623791992617","151.11455856992305","8.004466006338589","0.35249287309662636","0.20196270290109838","250"
"883","56.934747","36.0165","155.0","179118.91447536086","556.4182919854338","4.0","0.7188836272307011","0.4118828828293157","282.8198937790456","154.7753488664776","3.660790296554552","0.6579205517295226","0.37695526979792665","250"
"884","56.93563","36.008748","155.0","179599.34229393402","480.42781857315924","0.0","0.0","0.0","281.7958973287594","152.75439577308296","-2.0209530933946382","-0.42065696765785615","-0.24101726708383814","250"
"885","56.935944","36.005822","142.0","179780.2512872151","180.90899328106218","-13.0","-7.1859335261476245","-4.110171692364622","281.12908059749725","146.02285442210734","-6.731541350975618","-3.7209545135865207","-2.1309667798742957","250"
"886","56.936273","36.002987","152.0","179956.08471846077","175.8334312456672","10.0","5.687200624566334","3.2550195797440398","282.0096347879506","150.01276296915114","3.9899085470437967","2.269141038071003","1.2998989706008768","250"
"887","56.936505","36.000571","151.0","180104.90357131758","148.81885285680508","-1.0","-0.6719578741560449","-0.3849977075000799","279.98347360107084","151.0108080674857","0.9980450983345577","0.6706442625887502","0.38424509742884105","250"
"888","56.936976","35.995471","149.0","180418.69203667034","313.78846535274425","-2.0","-0.6373720581958635","-0.3651823441013882","279.6100582903406","149.5763007823527","-1.4345072851330087","-0.4571574304110931","-0.2619300886484132","250"
"889","56.937565","35.988727","154.0","180833.01417678563","414.3221401152758","5.0","1.206790445378773","0.6914064299046201","279.0979961243269","153.70433484877645","4.128034066423766","0.9963344139116567","0.5708386807932967","250"
"890","56.938059","35.982468","155.0","181216.6528152209","383.6386384352876","1.0","0.26066196149548704","0.14934796448699614","278.2346732497786","154.31637638238072","0.6120415336042697","0.15953594666599497","0.09140728669682606","250"
"891","56.938452","35.976523","148.0","181579.92428165488","363.2714664339636","-7.0","-1.9269336148845253","-1.103915018299551","276.91160752055345","148.77067551568152","-5.545700866699207","-1.526599631162421","-0.874609220193101","250"
"892","56.938815","35.970445","150.0","181950.82487826282","370.90059660794185","2.0","0.5392280352986565","0.3089519117679412","276.25021985659845","149.83149123896658","1.0608157232850601","0.2860107891404631","0.16387166429525502","250"
"893","56.939384","35.958428","150.0","182682.51996879364","731.6950905308217","0.0","0.0","0.0","274.9656222206837","149.85584949417412","0.0243582552075452","0.0033290171716027304","0.0019073863378895385","250"
"894","56.939625","35.951294","148.0","183116.094583345","433.5746145513591","-2.0","-0.46128161863662104","-0.2642930246102801","273.54653730625387","148.4450873889178","-1.4107621052563104","-0.325379313711919","-0.18642795625261085","250"
"895","56.939812","35.944455","152.0","183531.4640744851","415.3694911400879","4.0","0.9629980259313162","0.5517401705869491","272.8723034097916","152.0316169875711","3.5865295986533","0.863455230861841","0.4947111110361796","250"
"896","56.939877","35.941359","154.0","183719.40354989472","187.9394754096428","2.0","1.0641723861582004","0.6097028491794183","272.2052926623709","152.4535194322765","0.4219024447053812","0.22448846565405184","0.12862220024957274","250"
"897","56.939924","35.937116","144.0","183976.83260286864","257.42905297392406","-10.0","-3.8845654305432795","-2.2245735447654513","271.16504216642994","144.41859209614992","-8.034927336126572","-3.121220096684448","-1.7877469935269072","250"
"898","56.939916","35.935168","141.0","184094.99955775068","118.1669548820498","-3.0","-2.538780831743102","-1.4543018690592182","269.5694897004694","140.93185057362913","-3.486741522520788","-2.950690847539512","-1.6901309274784344","250"
"899","56.939913","35.934458","139.0","184138.06870025757","43.0691425069002","-2.0","-4.6436958889524576","-2.6587317669489203","269.5565176779537","140.08697365385294","-0.8448769197761976","-1.9616757395177722","-1.123813267051612","250"
"900","56.939943","35.928144","138.0","184521.083664296","383.01496403841355","-1.0","-0.2610864049425775","-0.14959115101358428","270.50166732205406","138.18064197447896","-1.9063316793739773","-0.49771728479589805","-0.2851686433544464","250"
"901","56.939932","35.922943","139.0","184836.57301125696","315.48934696095284","1.0","0.3169679133805323","0.18160862858018315","269.78004433046766","138.8052969494015","0.6246549749225494","0.19799558398396921","0.1134429650045957","250"
"902","56.939875","35.917558","138.0","185163.2830088717","326.70999761471535","-1.0","-0.3060818485203769","-0.17537143339699351","268.8906582634779","138.09565057766437","-0.7096463717371364","-0.21720987325708124","-0.12445189434038793","250"
"903","56.939783","35.911978","138.0","185501.9152519134","338.63224304170666","0.0","0.0","0.0","268.2711918644634","138.0","-0.09565057766437235","-0.02824615187414148","-0.01618385246833157","250"
"904","56.939704","35.908807","138.0","185694.4661292615","192.550877348124","0.0","0.0","0.0","267.38651626487376","137.53106949321926","-0.4689305067807368","-0.24353589723350358","-0.13953551485407914","250"
"905","56.939499","35.902006","131.8","186107.64035699246","413.17422773095893","-6.2","-1.5005776217090603","-0.8597031220292152","266.8402125388162","130.65587890927495","-6.875190583944317","-1.6639930863309174","-0.9533098298914302","250"
"906","56.939393","35.90019","126.0","186218.42716453772","110.78680754526629","-5.8","-5.235280380861397","-2.9968587559547726","263.8934682407667","127.76181616239249","-2.8940627468824545","-2.612281020644062","-1.4963864571236074","250"
"907","56.93924","35.896544","127.0","186440.24660057976","221.81943604205995","1.0","0.4508171230813095","0.2582974350121125","265.6028035412754","126.95283118113875","-0.8089849812537437","-0.36470428186479986","-0.20895923476519837","250"
"908","56.938976","35.891068","128.0","186773.7167648142","333.4701642344277","1.0","0.2998769027195505","0.17181629396812273","264.95198901992285","128.02271323284506","1.0698820517063155","0.32083291594092783","0.1838230894045794","250"
"909","56.938742","35.886664","129.0","187042.13044825802","268.4136834438154","1.0","0.37255924778861765","0.21345973756237027","264.43893654027164","129.12939616546035","1.1066829326152856","0.4123049609156523","0.23623200272215855","250"
"910","56.938692","35.885791","129.0","187095.3784563588","53.2480081007682","0.0","0.0","0.0","264.0070505206523","129.70769390155374","0.5782977360933899","1.086045763437763","0.6222339227315729","250"
"911","56.938216","35.877551","141.0","187598.0222304124","502.6437740535964","12.0","2.3873766312124762","1.3676062647856742","263.9589480763779","140.73085383562744","11.023159934073703","2.193036202393768","1.256315808488413","250"
"912","56.937922","35.873264","145.0","187860.12672283905","262.10449242663964","4.0","1.526108905256387","0.8743281204493862","262.83683958305573","144.96395004205405","4.233096206426609","1.6150414543586693","0.9252701484415778","250"
"913","56.93722","35.864005","153.0","188427.20136007044","567.0746372313903","8.0","1.41074903985446","0.8082460428145751","262.0918807880462","151.33970238493382","6.375752342879764","1.1243233120084313","0.6441626638475192","250"
"914","56.936644","35.857329","137.0","188837.22612437894","410.0247643085001","-16.0","-3.902203328373039","-2.2346640202021404","261.01604514355233","138.89228390049934","-12.447418484434479","-3.0357723649757697","-1.7388354067237883","250"
"915","56.936112","35.850508","146.0","189255.22707461964","418.00095024071624","9.0","2.153105153186165","1.233447801693331","261.8670066814155","145.43073663020135","6.538452729702016","1.5642195851317289","0.8961587191712318","250"
"916","56.936083","35.850107","146.0","189279.7665943029","24.539519683263066","0.0","0.0","0.0","262.44928028342844","145.72577053527533","0.29503390507397853","1.202280683901093","0.6888229017578703","250"
"917","56.935349","35.840565","149.0","189864.36482706512","584.598232762222","3.0","0.5131729505621363","0.29402386128804964","261.97857763982364","148.54485374946893","2.819083214193597","0.4822257503026397","0.2762928610085051","250"
"918","56.934319","35.827596","141.5","190659.45009663462","795.0852695694964","-7.5","-0.943295051115828","-0.5404522231125009","261.72324385341807","142.44516326195003","-6.099690487518899","-0.7671743800286492","-0.43954991806493343","250"
"919","56.934094","35.824455","145.5","190851.644377031","192.19428039638964","4.0","2.0812273870742826","1.1922833286066983","262.52161035865225","143.99692364415526","1.5517603822052308","0.8073915514055956","0.4625912314590409","250"
"920","56.933582","35.818182","135.0","191236.45471084575","384.8103338147457","-10.5","-2.728616951605795","-1.5629945279322426","261.49460544640175","136.98603318537772","-7.0108904587775385","-1.821908052540164","-1.0437609440419737","250"
"921","56.932974","35.810307","152.5","191718.9884719233","482.5337610775701","17.5","3.626689241581746","2.077029560329765","261.9492317470134","150.51283713932335","13.526803953945631","2.803286535586288","1.6057443404555842","250"
"922","56.932821","35.808751","149.8","191814.9122840611","95.92381213780916","-2.7","-2.814733839102473","-1.612297991048221","259.78474852445584","150.20714457638562","-0.30569256293773606","-0.31868266713437343","-0.1825911001859201","250"
"923","56.932645","35.807252","148.6","191907.93937426776","93.02709020665642","-1.2","-1.2899468287508962","-0.7390441012589175","257.856450192798","149.2324435032606","-0.9747010731250043","-1.0477604652147454","-0.600300559579382","250"
"924","56.932444","35.805764","149.2","192000.94320050415","93.00382623637908","0.6","0.6451347479780417","0.36962985483675914","256.09549297983017","149.19484303742647","-0.03760046583414578","-0.04042894508294767","-0.02316407797213502","250"
"925","56.932184","35.804103","149.7","192105.7832617003","104.84006119616339","0.5","0.4769169287916225","0.2732512002962739","253.9933711241294","150.00294188776613","0.8080988503396611","0.7707920437280643","0.4416225641185963","250"
"926","56.9319","35.802461","151.2","192210.29164928748","104.50838758718169","1.5","1.4352914963391705","0.8223049875810449","252.41264353009288","151.37853463247419","1.375592744708058","1.3162510459368901","0.7541127486965666","250"
"927","56.931569","35.800761","153.4","192319.80462582936","109.51297654186841","2.2","2.008894351582991","1.1508568795555933","250.36223655448936","152.8317641646564","1.4532295321822062","1.3269929994338299","0.7602663598397711","250"
"928","56.931004","35.798245","153.7","192484.88039993576","165.0757741063901","0.3","0.18173472250789038","0.1041262112726199","247.63118435422842","153.70102235811947","0.8692581934630823","0.5265813219224111","0.3017060845382536","250"
"929","56.930598","35.796646","153.9","192591.88720433693","107.00680440116025","0.2","0.1869040021513169","0.10708798027666905","245.04664112137007","153.87141221426427","0.1703898561447943","0.15923273019724604","0.09123355689877663","250"
"930","56.922939","35.768869","155.7","194480.34287080038","1888.4556664634501","1.8","0.09531597865735959","0.054612016433675206","243.2054907198533","154.57702779334784","0.7056155790835703","0.037364688597905565","0.021408388598516535","250"
"931","56.922454","35.767049","151.4","194603.2560906405","122.9132198401261","-4.3","-3.4984031868931864","-2.0036202444682205","243.97586281100638","151.63362690211832","-2.9434008912295155","-2.3946983856236237","-1.3717989240790784","250"
"932","56.92199","35.765199","148.0","194726.81603156906","123.55994092855535","-3.4","-2.751700894682317","-1.576210729655144","245.31971673195147","151.3180843426287","-0.3155425594896144","-0.25537610095821184","-0.14631940965114162","250"
"933","56.921808","35.764415","154.0","194778.52070583988","51.70467427081739","6.0","11.604366693373517","6.619206597588856","246.95833354073378","152.14472589743139","0.8266415548026771","1.598775287651781","0.9159527273525826","250"
"934","56.921183","35.761477","155.4","194969.88981256378","191.36910672388768","1.4","0.7315705361053686","0.4191515638560046","248.7070595646872","155.39247431918977","3.247748421758388","1.697112181457963","0.9722803156859197","250"
"935","56.920806","35.759498","156.3","195097.1003864853","127.2105739215298","0.9","0.7074883574970485","0.40535420628572044","250.76017520720322","156.28527060720324","0.8927962880134714","0.7018255326512365","0.4021098077465413","250"
"936","56.920534","35.757886","157.0","195199.50153536315","102.40114887784215","0.7","0.6835860804990128","0.3916598729170414","252.82163243937447","156.1528153245598","-0.1324552826434342","-0.12934941071944872","-0.07411171183453623","250"
"937","56.920483","35.757562","157.0","195219.96666895706","20.465133593912352","0.0","0.0","0.0","253.91275961810405","156.0385492975712","-0.11426602698861643","-0.5583448867522004","-0.31990473093094624","250"
"938","56.920269","35.756213","154.4","195305.22642678223","85.25975782517185","-2.6","-3.049504322228304","-1.7466959616366071","253.79424374727","155.69281915588678","-0.3457301416844132","-0.4055021389966238","-0.23233433804604445","250"
"939","56.919889","35.75338","156.9","195482.28051247873","177.05408569648748","2.5","1.4119979158716454","0.8089614535557264","256.19425330753955","156.89567748148738","1.2028583256006016","0.6793733795347625","0.389246285151921","250"
"940","56.919568","35.750373","159.5","195668.23842209319","185.95790961444598","2.6","1.3981658566665354","0.8010378317491527","258.9349678555727","159.13427705609797","2.238599574610589","1.2038205738341368","0.6897050660202817","250"
"941","56.919332","35.747513","159.9","195843.7906376455","175.55221555231375","0.4","0.22785243623473486","0.1305496035569239","261.4042422156679","159.8574270863533","0.72315003025534","0.4119287403922536","0.23601644790157886","250"
"942","56.919218","35.745765","160.0","195950.63577423352","106.84513658802231","0.1","0.09359340368067845","0.05362505455364952","263.1870413434883","159.9710881061852","0.1136610198318806","0.106379217118828","0.060950778696427316","250"
"943","56.919137","35.744019","160.0","196056.98725026168","106.35147602814547","0.0","0.0","0.0","265.14258936291606","160.05570956990124","0.08462146371604717","0.07956773791616438","0.04558894605916925","250"
"944","56.91907","35.742146","160.2","196170.9087112984","113.92146103672387","0.2","0.17555954618202074","0.10058810715331792","266.25116253932197","160.38879655343294","0.3330869835317003","0.29238299833981757","0.16752264069211023","250"
"945","56.919039","35.74026","161.1","196285.42735378898","114.51864249059555","0.9","0.7858982436627376","0.4502772547900415","268.27590845889165","160.76493889656663","0.37614234313369366","0.3284551187066185","0.188190243866062","250"
"946","56.919037","35.737992","160.7","196423.0790226091","137.6516688201319","-0.4","-0.29058855837242054","-0.1664945110603198","269.90838302562344","160.63077763989568","-0.13416125667095002","-0.09746431541360914","-0.05584292158104569","250"
"947","56.919077","35.735741","160.0","196559.77104539122","136.69202278212","-0.7","-0.5121001107107499","-0.293409185485724","271.86561180689114","160.20739236977695","-0.42338527011872884","-0.30973663385871686","-0.17746545129290617","250"
"948","56.919113","35.73466","160.1","196625.501971835","65.73092644378293","0.1","0.15213538802853485","0.08716708923632152","273.4919346008131","160.17096596923471","-0.03642640054223989","-0.05541744580976499","-0.03175185431251486","250"
"949","56.919155","35.733561","160.2","196692.36658890478","66.86461706977298","0.1","0.14955593015009774","0.08568917210065496","274.00557437795516","160.3158910714686","0.14492510223388422","0.21674408466686562","0.1241850183931669","250"
"950","56.91928","35.731359","160.9","196826.73254343955","134.36595453475454","0.7","0.5209653013843927","0.298488430066871","275.93846291525745","160.7638599051535","0.4479688336849108","0.3333945977878206","0.1910203259163614","250"
"951","56.919422","35.729454","161.0","196943.42473428365","116.69219084410011","0.1","0.08569553735913592","0.049099914118634874","277.77738432928095","160.9665954940915","0.2027355889379976","0.17373535235862597","0.09954292427039212","250"
"952","56.919589","35.727554","161.0","197060.22538514837","116.8006508647118","0.0","0.0","0.0","279.14879629716336","159.59987102678417","-1.3667244673073355","-1.1701342905104093","-0.6704069665223583","250"
"953","56.92023","35.721413","144.0","197439.68594452497","379.46055937660014","-17.0","-4.48004399401313","-2.565160885919862","280.8290480504021","145.56587870642542","-14.033992320358749","-3.6984060592264467","-2.118065222007693","250"
"954","56.923498","35.690951","154.0","199323.74875781036","1884.0628132853883","10.0","0.5307678666276638","0.30410473092003626","281.13327992023596","153.88630338576436","8.320424679338942","0.44162140564888935","0.25302878193611056","250"
"955","56.925036","35.676415","155.5","200222.28216653544","898.5334087250686","1.5","0.16693870093582316","0.09564874115726583","280.97814440573205","155.20096277967096","1.3146593939065951","0.14631168759456242","0.08383036210722522","250"
"956","56.927993","35.648779","142.0","201931.18531535516","1708.903148819708","-13.5","-0.7899804040576598","-0.4526160152074005","281.10482943843783","142.30680062034727","-12.894162159323685","-0.7545285505635194","-0.43230481092224043","250"
"957","56.928032","35.648414","142.0","201953.75346725943","22.568151904268","0.0","0.0","0.0","281.0787916681856","142.25502370023727","-0.0517769201100009","-0.22942472352026777","-0.13145045310409142","250"
"958","56.92862","35.642745","143.0","202303.89457090973","350.1411036502914","1.0","0.2855991454801504","0.163635811777812","280.7645302355917","142.9107502670586","0.655726566821329","0.1872749471528043","0.1073005153629105","250"
"959","56.929163","35.637279","143.0","202641.00557336968","337.1110024599373","0.0","0.0","0.0","280.3200376073586","143.12566479560732","0.21491452854871795","0.06375185828420378","0.03652711920943898","250"
"960","56.933523","35.584599","156.0","205873.8123274296","3232.806754059915","13.0","0.40212734595638827","0.23040075559709428","278.64701894356284","155.84755083647372","12.721886040866394","0.39352448224409436","0.22547175578476839","250"
"961","56.936505","35.546526","154.0","208207.2629493726","2333.4506219430164","-2.0","-0.0857099773696793","-0.0491081876291606","278.1853454635333","154.18887194755672","-1.6586788889169952","-0.07108266501632023","-0.04072736016027546","250"
"962","56.937103","35.540265","156.0","208592.85696068857","385.5940113159581","2.0","0.5186802546995959","0.29717923013327613","279.932766186293","156.13354517275096","1.9446732251942365","0.5043318018756155","0.2889583873426418","250"
"963","56.937848","35.535219","159.0","208909.9733804625","317.1164197739404","3.0","0.9460248075891434","0.5420161188033026","285.1451752880339","157.8827569271624","1.7492117544114478","0.5515992377999194","0.3160398778171392","250"
"964","56.938905","35.529919","150.0","209252.2889441845","342.31556372198065","-9.0","-2.629153025396635","-1.5060467688887478","290.08317573495077","150.35313811418413","-7.529618812978271","-2.199613342469471","-1.2600824152113377","250"
"965","56.940099","35.524875","145.0","209585.819936858","333.5309926734937","-5.0","-1.499111060091106","-0.8588630330989647","293.459364915493","143.0531847845316","-7.2999533296525385","-2.188688154926203","-1.2538257559932555","250"
"966","56.941037","35.521927","129.0","209792.83463643215","207.01469957415853","-16.0","-7.728919749618238","-4.419558538790317","300.2551977236793","131.83255598530172","-11.220628799229871","-5.420208720593933","-3.1025149563087293","250"
"967","56.941478","35.520539","130.0","209890.26590965505","97.43127322291143","1.0","1.02636449973523","0.5880428927306295","300.2190610266144","132.11756934735178","0.28501336205005146","0.29252759675835704","0.1676054887745755","250"
"968","56.942347","35.517846","144.0","210080.05241483878","189.78650518372237","14.0","7.376709943864204","4.218902033067009","300.6079097477692","143.2141496039331","11.09658025658132","5.846875280115044","3.346203134316419","250"
"969","56.943199","35.515628","152.0","210244.59413906487","164.5417242260816","8.0","4.861988676506111","2.783522376222637","305.1545115239016","150.20092985221743","6.986780248284333","4.246205806549373","2.431436104064659","250"
"970","56.945799","35.510009","148.0","210691.5036387524","446.90949968752557","-4.0","-0.8950357964636594","-0.5128040434068967","310.3108799002913","147.82459245705604","-2.3763373951613858","-0.5317267582861621","-0.30465411986539614","250"
"971","56.947936","35.505923","143.0","211034.8300753937","343.32643664129716","-5.0","-1.4563399337709413","-0.8343623333912537","313.80005612886373","143.59718465733528","-4.2274077997207655","-1.2313085590136201","-0.705452186849069","250"
"972","56.948202","35.505415","143.0","211077.5382112832","42.708135889504774","0.0","0.0","0.0","313.8332083896892","143.5250644374788","-0.07212021985648676","-0.1688676369370872","-0.09675393695975437","250"
"973","56.954854","35.493158","154.0","212126.13455227154","1048.5963409883607","11.0","1.0490213984183738","0.6010229416888119","314.86622003147073","153.4929456849694","9.967881247490624","0.9505927932282634","0.5446331464362588","250"
"974","56.956916","35.488825","152.0","212474.83851835816","348.70396608662395","-2.0","-0.573552409639977","-0.3286177206221324","311.11378780106196","151.9464651414156","-1.5464805435538267","-0.44349382110831936","-0.25410157595783534","250"
"975","56.960088","35.482146","148.0","213011.8493324204","537.0108140622245","-4.0","-0.7448639571598109","-0.42676771800837154","311.05937213622605","148.92745425596834","-3.019010885447244","-0.5621880987106948","-0.3221066600624","250"
"976","56.960711","35.480792","150.3","213119.26093229253","107.4115998721349","2.3","2.1412957285227754","1.2266846179296815","310.1620919795235","151.3148948558569","2.3874405998885493","2.22270276462748","1.2733052146457426","250"
"977","56.961166","35.479879","155.0","213194.25022870713","74.98929641458484","4.7","6.267561138346521","3.586356905487603","312.42967038065626","153.37955972254275","2.0646648666858596","2.753279421733977","1.5771144743389642","250"
"978","56.964074","35.474155","157.0","213668.55804914125","474.30782043413416","2.0","0.4216670933592027","0.2415960162127769","312.982274311417","157.89423573324083","4.514676010698082","0.9518451554447905","0.5453506322111648","250"
"979","56.964172","35.473958","158.0","213684.72467625613","16.16662711486619","1.0","6.185582143355305","3.539567806098227","312.3805169148426","158.16383844429254","0.26960271105170364","1.6676497152815979","0.9554043427332581","250"
"980","56.964864","35.472558","160.7","213799.28104288265","114.55636662651719","2.7","2.356918327204532","1.3501647566949175","312.1986460896126","159.9634603918791","1.7996219475865587","1.5709488704838053","0.9000133684571123","250"
"981","56.965569","35.471193","160.7","213913.26279013773","113.98174725506561","0.0","0.0","0.0","313.4539343304674","161.76885595223308","1.8053955603539862","1.5839339226077271","0.907451404458867","250"
"982","56.966492","35.469296","166.0","214067.39297099246","154.1301808547301","5.3","3.438651645387561","1.9694262716867181","311.75109285545125","165.31377377969028","3.5449178274571977","2.299950475499885","1.317542269498944","250"
"983","56.967419","35.467257","168.0","214228.329267403","160.93629641052547","2.0","1.2427277404832817","0.7119938948577664","309.8291064892946","167.68842287242413","2.374649092733847","1.4755211507269044","0.8453499999354198","250"
"984","56.968043","35.465793","168.3","214340.9742475007","112.64498009771246","0.3","0.26632345244303723","0.15259173733559314","308.0229216995288","167.63505026236177","-0.05337261006235394","-0.04738125925900697","-0.027147459804042474","250"
"985","56.968627","35.464363","166.3","214449.27795879074","108.30371129004821","-2.0","-1.846658785906052","-1.0579372998163767","306.8412077758117","166.19506932279467","-1.439980939567107","-1.329576726794425","-0.7617464654303845","250"
"986","56.969369","35.462405","163.2","214593.81767863574","144.53971984499356","-3.1","-2.144739178493278","-1.2286566637654845","304.8085306528335","162.96101870071888","-3.2340506220757845","-2.2374822820633846","-1.2817690450260595","250"
"987","56.970448","35.459431","156.9","214810.35126667912","216.53358804337273","-6.3","-2.909479336174894","-1.6665387259712006","303.64943155890336","157.52605399724843","-5.434964703470456","-2.5099869043789207","-1.4378146705273047","250"
"988","56.971118","35.457408","155.6","214953.82225330648","143.47098662736218","-1.3","-0.9061065449953973","-0.519146600670185","301.28439041064564","155.38558041486144","-2.1404735823869885","-1.4919208633773808","-0.8547442750333304","250"
"989","56.972122","35.454164","152.0","215179.91751280034","226.09525949385352","-3.6","-1.5922492174577714","-0.9122145161858995","299.5902696597363","151.21695526713134","-4.168625147730097","-1.8437472581522314","-1.0562696850793651","250"
"990","56.973075","35.45099","143.0","215399.53724859684","219.61973579650444","-9.0","-4.09799236273521","-2.346663629949416","298.85085074444675","144.36201356369256","-6.854941703438783","-3.1212776386319145","-1.78777993054637","250"
"991","56.976444","35.439929","145.0","216167.43588776886","767.8986391720289","2.0","0.26045104105881206","0.14922711679908207","299.20373563376614","145.37514542496206","1.0131318612694997","0.1319356239987466","0.07559350036366046","250"
"992","56.979157","35.431065","154.0","216783.48756563346","616.0516778646013","9.0","1.460916400909156","0.8369838981486932","299.3237008699715","153.6542104499042","8.279065024942156","1.343891319903485","0.7699466578645325","250"
"993","56.980397","35.427002","155.0","217065.6626974678","282.1751318343458","1.0","0.3543898406281464","0.20304957165810958","299.25289868491717","154.8892531747818","1.2350427248775873","0.4376865944383198","0.2507743447582251","250"
"994","56.983024","35.41865","155.0","217649.97443012494","584.3117326571384","0.0","0.0","0.0","299.99824899008024","155.28783005055786","0.39857687577605816","0.06821305366632686","0.03908319476596945","250"
"995","56.984943","35.412407","159.0","218084.25847989437","434.28404976943347","4.0","0.9210561617733019","0.5277113852779787","299.4316497800193","158.68157665121555","3.3937466006576926","0.7814578045082413","0.44773322680488203","250"
"996","56.994502","35.383607","157.0","220127.18956389406","2042.9310839996979","-2.0","-0.09789855446735646","-0.0560917219944431","301.36368726414116","157.18028523623943","-1.501291414976123","-0.0734871296802073","-0.042105016212659864","250"
"997","56.994568","35.383407","157.0","220141.35319529093","14.163631396851175","0.0","0.0","0.0","301.2082738565594","157.2144473526478","0.03416211640836764","0.24119602841374763","0.13819487664935529","250"
"998","56.99686","35.376451","160.0","220633.75248299818","492.39928770726056","3.0","0.6092616449485095","0.34907688954840266","301.173400581376","160.00103358441592","2.7865862317681263","0.5659200371193058","0.3242448352367756","250"
"999","57.003046","35.35812","168.0","221939.7275646669","1305.9750816686949","8.0","0.6125691150077757","0.35097185957723137","301.7902210958852","167.66718754395842","7.666153959542498","0.587006143313788","0.33632588264018676","250"
"1000","57.007079","35.345537","164.0","222823.84077971647","884.1132150495724","-4.0","-0.4524307443787863","-0.25922195305601464","300.4848496933514","163.5346486671567","-4.132538876801732","-0.46742191005142025","-0.26781107658252123","250"
"1001","57.008225","35.341841","159.0","223081.36631855665","257.52553884017954","-5.0","-1.941555009463742","-1.1122893272034224","299.6596299919832","159.60956902754307","-3.925079639613614","-1.5241516073671901","-0.8732069321573104","250"
"1002","57.008607","35.340657","159.0","223164.69371850145","83.32739994479545","0.0","0.0","0.0","300.6479778741181","159.092924829036","-0.5166441985070662","-0.6200171838427023","-0.3552391265947405","250"
"1003","57.014039","35.323036","160.0","224390.63952579544","1225.9458072939847","1.0","0.08156967412836036","0.046735970272693605","299.5249544662681","160.15393973642588","1.0610149073898754","0.08654664024112459","0.04958755978764655","250"
"1004","57.021788","35.298032","170.0","226132.2632671127","1741.623741317263","10.0","0.5741768306647325","0.3289754757340956","299.663084014697","169.92930008488892","9.775360348463039","0.5612785423486203","0.32158553909831844","250"
"1005","57.021856","35.29781","170.0","226147.68135847797","15.418091365294224","0.0","0.0","0.0","299.36796437569666","170.00358281078934","0.07428272590041729","0.4817893741869116","0.27604284172012045","250"
"1006","57.023812","35.291457","172.0","226589.44192713124","441.760568653248","2.0","0.45273393370014964","0.2593956641829516","299.49733966213455","171.96126791238785","1.9576851015985142","0.44315523849643623","0.2539075862236704","250"
"1007","57.032077","35.265405","178.0","228414.30799057567","1824.866063444447","6.0","0.32879125324271524","0.18838283268890282","300.2502893454726","177.54826470828056","5.586996795892702","0.306159279730766","0.17541579779683444","250"
"1008","57.034123","35.259032","173.0","228862.03108924223","447.7230986665446","-5.0","-1.1167616803536649","-0.6398307119756612","300.542557757043","171.24351420083642","-6.30475050744414","-1.4081807541807878","-0.8067748157904827","250"
"1009","57.034192","35.258815","169.0","228877.2381904956","15.207101253380767","-4.0","-26.303500801053325","-14.736977762806095","300.30034358973296","170.85317643725872","-0.39033776357769057","-2.5668124192367867","-1.4703523258043092","250"
"1010","57.040947","35.237621","155.0","230363.27928887247","1486.0410983768497","-14.0","-0.9421004584120659","-0.539767832731222","300.3702667600121","155.2202084554732","-15.632967981785526","-1.0519875929986637","-0.6027222584655888","250"
"1011","57.041024","35.237383","155.0","230380.03045050104","16.751161628577204","0.0","0.0","0.0","300.7392274098137","155.12184859108925","-0.09835986438395139","-0.5871823492894432","-0.33642683774776994","250"
"1012","57.046051","35.221616","151.5","231485.51504369933","1105.4845931982734","-3.5","-0.3166032364027945","-0.18139968615988572","300.38048719270677","151.5989385113716","-3.522910079717633","-0.31867563794132264","-0.18258707279586892","250"
"1013","57.046718","35.219464","151.5","231635.32735261825","149.81230891893176","0.0","0.0","0.0","299.67506616400664","151.04449209165574","-0.5544464197158732","-0.3700940354746831","-0.21204729442577727","250"
"1014","57.047407","35.216927","149.0","231806.83919372715","171.51184110889636","-2.5","-1.4576253067056164","-0.8350986415304451","296.53287315880254","149.1419453187287","-1.902546772927053","-1.1092801293638306","-0.6355446299848605","250"
"1015","57.049269","35.209433","144.0","232305.14481172382","498.305617996656","-5.0","-1.0034002867761274","-0.5748867230318784","294.553857818034","145.0538517076373","-4.088093611091381","-0.8203988603473491","-0.47004337685134556","250"
"1016","57.049556","35.208308","146.0","232380.2979402167","75.1531284928927","2.0","2.6612331916283987","1.5244144980575869","295.12832003208877","145.60768392422796","0.5538322165906493","0.7369383386920821","0.42222692238837223","250"
"1017","57.052685","35.195476","153.0","233230.77619019576","850.4782499790488","7.0","0.8230663159431111","0.4715716131347058","294.1536026273063","152.78528669613598","7.1776027719080275","0.8439490101110575","0.48353568431216953","250"
"1018","57.052741","35.195243","153.0","233246.18151606552","15.405325869771847","0.0","0.0","0.0","293.8414756804016","152.85756441792844","0.07227772179246017","0.46917359881547643","0.26881469830480065","250"
"1019","57.05486","35.186746","154.0","233811.47226792594","565.2907518604109","1.0","0.17690011674681233","0.10135619512287944","294.637312184807","153.8540603401661","0.9964959222376422","0.1762802449815613","0.10100103587053039","250"
"1020","57.058662","35.171139","151.0","234845.57421053914","1034.1019426132057","-3.0","-0.29010679473427087","-0.16621848315539606","294.1374089891655","151.46028914129735","-2.393771198868734","-0.23148309661034042","-0.1326298077478593","250"
"1021","57.059304","35.168604","153.0","235014.66186616858","169.08765562945212","2.0","1.1828184574176774","0.6776734530649068","294.9740388833525","152.9067408258319","1.4464516845345372","0.8554448751151711","0.4901218542592756","250"
"1022","57.06003","35.166137","154.5","235184.2704694315","169.60860326291743","1.5","0.8843891000474704","0.5067044185477407","298.42318471968304","154.32946218797565","1.4227213621437613","0.8388261767230882","0.4806007247655136","250"
"1023","57.060729","35.164061","155.0","235331.90763918307","147.63716975156626","0.5","0.33866810156369553","0.19404178689424909","301.76758839456625","154.52518207386137","0.19571988588572253","0.13256816438236155","0.07595591867329644","250"
"1024","57.061057","35.163161","154.0","235397.41556699385","65.50792781077917","-1.0","-1.5265327929293049","-0.874570933628742","303.83218407296494","154.34501113906504","-0.18017093479633672","-0.27503684029933556","-0.1575841042487541","250"
"1025","57.061246","35.162684","154.0","235433.10062519548","35.68505820163218","0.0","0.0","0.0","306.08105405247966","154.22246005129813","-0.12255108776690804","-0.34342409384469696","-0.1967667380501453","250"
"1026","57.061567","35.161876","154.0","235493.6036491725","60.503023977015545","0.0","0.0","0.0","306.1536370554092","154.04642072823643","-0.17603932306170123","-0.2909595446478455","-0.16670706874154523","250"
"1027","57.061891","35.161057","154.0","235554.84025433983","61.23660516732768","0.0","0.0","0.0","306.038787254311","154.08099794033168","0.03457721209525744","0.05646493955825272","0.03235202383323815","250"
"1028","57.070314","35.140768","158.0","237098.08937260005","1543.249118260216","4.0","0.25919340906602334","0.14850655160977919","307.374121610037","158.50733048933745","4.426332549005764","0.2868190557591762","0.1643347631560258","250"
"1029","57.073204","35.133771","168.0","237629.2552728828","531.1659002827283","10.0","1.882650974898278","1.0785521371902822","307.23156316987195","166.394136369586","7.886805880248545","1.4848102779283394","0.8506711119742172","250"
"1030","57.073635","35.132736","165.0","237708.06011197544","78.80483909265823","-3.0","-3.8068728196660855","-2.18012469783118","307.4562138602281","166.01737232553958","-0.3767640440464106","-0.4780975995692522","-0.2739276593976326","250"
"1031","57.080876","35.115245","168.0","239036.8552539922","1328.7951420167415","3.0","0.22576843526435794","0.12935556509841836","307.30349933867603","168.28573245605827","2.268360130518687","0.17070803909441956","0.09780840668212797","250"
"1032","57.080976","35.115005","168.0","239055.13043162378","18.275177631586967","0.0","0.0","0.0","307.47751874418054","168.43731913098694","0.15158667492866584","0.8294675870436531","0.4752390209290628","250"
"1033","57.082715","35.110792","173.0","239374.82350784357","319.6930762198025","5.0","1.5640000900620972","0.8960329885193381","307.2202417982012","172.5112499718368","4.073930840849869","1.27432564039919","0.73009529071288","250"
"1034","57.083575","35.108818","173.0","239527.70421126584","152.88070342227832","0.0","0.0","0.0","308.72015111175153","172.2483866701126","-0.26286330172419525","-0.17194014407307462","-0.09851434876198167","250"
"1035","57.084573","35.106768","169.0","239694.01312973563","166.3089184697804","-4.0","-2.4051626556195966","-1.3777910578689416","311.8574494305532","169.26034025385977","-2.9880464162528426","-1.7966844134073263","-1.0293135928725183","250"
"1036","57.085808","35.104575","166.0","239884.84386028943","190.8307305538061","-3.0","-1.5720738432923038","-0.9006577712522411","316.02417199352715","167.0117813088894","-2.2485589449703696","-1.1783002341629523","-0.6750850625806648","250"
"1037","57.089409","35.09857","175.0","240425.18113497298","540.3372746835454","9.0","1.6656263451880033","0.9542453589946026","317.8229115776079","174.0792768112719","7.0674955023825135","1.3079785225851153","0.7493737578455548","250"
"1038","57.089651","35.098166","174.0","240461.51083400464","36.3296990316549","-1.0","-2.7525689082331155","-1.5767076883765638","317.79078226107686","174.21933027324081","0.140053461968904","0.3855068049060143","0.2208780347545871","250"
"1039","57.101231","35.078814","177.0","242200.62272297507","1739.1118889704305","3.0","0.1725018395323619","0.09883617559932843","317.7736522653689","176.11858199375868","1.8992517205178672","0.1092081385081118","0.06257162937477798","250"
"1040","57.103001","35.075892","170.0","242464.96960422685","264.3468812517847","-7.0","-2.648035780430733","-1.5168582633895094","318.12033195553784","170.86362392678856","-5.254958066970119","-1.9879024265714278","-1.1388341939045743","250"
"1041","57.103127","35.075683","170.0","242483.82739992125","18.85779569439588","0.0","0.0","0.0","317.9842287680347","170.64674890840053","-0.2168750183880377","-1.1500549793976618","-0.6589039168410087","250"
"1042","57.107279","35.068733","171.0","243107.77151729295","623.9441173717053","1.0","0.1602707633838088","0.09182830458678393","317.7293266368102","171.05741446128488","0.41066555288435325","0.0658176816562092","0.03771074831697383","250"
"1043","57.10922","35.065508","172.0","243398.47169347524","290.70017618230355","1.0","0.34399703953838723","0.19709500787345116","317.9416877868384","171.9760125465095","0.9185980852246303","0.3159950218429039","0.18105120837303632","250"
"1044","57.116667","35.052954","175.0","244521.0699430525","1122.5982495772719","3.0","0.2672371884714489","0.1531152657897168","317.53576374886376","174.89151844224332","2.9155058957338156","0.25971053284927936","0.14880283971796956","250"
"1045","57.116784","35.052761","175.0","244538.53464171363","17.464698661109743","0.0","0.0","0.0","318.1524126004272","174.90445498859881","0.012936546355490464","0.0740725425987307","0.04244043292511427","250"
"1046","57.128827","35.031556","173.0","246390.97685684604","1852.4422151324238","-2.0","-0.1079655809861269","-0.06185969719611423","316.3029714662827","173.19378069853784","-1.7106742900609788","-0.09234697180223186","-0.05291090231007757","250"
"1047","57.128931","35.031369","173.0","246407.1354295281","16.158572682072425","0.0","0.0","0.0","315.69863307569375","173.23666844049097","0.04288774195313749","0.2654178855829295","0.15207288941167718","250"
"1048","57.130847","35.027962","175.0","246703.22012432112","296.08469479301596","2.0","0.6754823991824842","0.3870170199315494","316.01933696638287","175.21677227145435","1.9801038309633725","0.6687626431847835","0.3831670572742943","250"
"1049","57.131201","35.02734","176.0","246757.61152922097","54.39140489985423","1.0","1.8385257778158255","1.053279010992998","316.3610695168546","175.65627122178674","0.4394989503323927","0.8080301495091012","0.4629570973514246","250"
"1050","57.140041","35.01175","181.0","248118.1793496592","1360.567820438248","5.0","0.3674936247124724","0.2105573890731477","316.26503361060884","180.150083886832","4.493812665045255","0.3302895010112592","0.1892412561047027","250"
"1051","57.140164","35.011546","180.0","248136.5789477048","18.39959804559893","-1.0","-5.434901336006054","-3.110908478889441","318.0160448959684","180.05217104133965","-0.09791284549234547","-0.5321466547785028","-0.3048946960265677","250"
"1052","57.140633","35.010768","179.0","248206.7424198676","70.16347216279314","-1.0","-1.4252430348369904","-0.8165488207577227","318.0111544594041","179.69959361165763","-0.35257742968201455","-0.50250852589502","-0.28791375363126026","250"
"1053","57.141534","35.009372","179.7","248337.62722676844","130.88480690084248","0.7","0.5348214331173791","0.30642718751047415","319.9483036947505","180.06361549305916","0.364021881401527","0.2781238632817847","0.15935282460003045","250"
"1054","57.142593","35.007908","182.2","248484.82536805977","147.19814129132624","2.5","1.6983910109653773","0.9730128198867098","323.1288209813837","182.27586236414314","2.212246871083977","1.5029040799541231","0.8610357838704026","250"
"1055","57.143699","35.006502","185.1","248634.22130032568","149.39593226589392","2.9","1.941150576200829","1.1120576913129345","325.4063544536893","184.8368278055489","2.560965441405756","1.7142136352466184","0.9820758771094247","250"
"1056","57.144812","35.005231","186.7","248779.80825658177","145.5869562560945","1.6","1.098999554043511","0.6296550122397383","328.22058011546835","186.4638637844026","1.627035978853712","1.1175698844831106","0.6402937210454","250"
"1057","57.145964","35.004083","187.2","248925.4264603176","145.61820373582782","0.5","0.3433636641384969","0.1967321147871958","331.6036981903253","186.5694941907227","0.10563040632010257","0.07253928671701732","0.04156194248785305","250"
"1058","57.147177","35.003021","184.7","249074.74661233264","149.32015201503816","-2.5","-1.6742549255831343","-0.959187793092393","334.5946043463784","185.22320466426015","-1.3462895264625558","-0.9016127483763677","-0.5165720551986615","250"
"1059","57.148379","35.002055","184.7","249220.5526399648","145.80602763215393","0.0","0.0","0.0","336.44488647268633","185.07506572574377","-0.14813893851638227","-0.10160000990501841","-0.05821249763038411","250"
"1060","57.149996","35.000956","187.0","249412.1857193669","191.63307940210657","2.3","1.2002103223389085","0.6876368431092866","339.76251548207387","186.57508840590717","1.5000226801633971","0.7827576975976455","0.44847796512819516","250"
"1061","57.160727","34.994569","185.0","250666.05092580608","1253.8652064391708","-2.0","-0.1595067786975096","-0.0913905747244413","342.11209494202285","184.83526378664374","-1.7398246192634303","-0.13875691025866543","-0.07950180233811756","250"
"1062","57.171934","34.987832","176.0","251976.73818251042","1310.687256704344","-9.0","-0.6866626614368739","-0.39342254120876136","341.9499427867223","176.30535677042604","-8.529907016217692","-0.6507965170627893","-0.3728736733724395","250"
"1063","57.172098","34.987734","176.0","251995.90717757962","19.168995069187492","0.0","0.0","0.0","342.0503627916842","176.28045172101258","-0.024905049413462166","-0.1299236048815876","-0.07444070030276576","250"
"1064","57.188849","34.97688","184.0","253970.0612969271","1974.1541193474823","8.0","0.4052368516518985","0.23218234209159946","340.65371603764993","183.67637985906006","7.395928138047481","0.3746378292132561","0.21465066036997968","250"
"1065","57.205009","34.966444","172.0","255873.772838101","1903.7115411738985","-12.0","-0.6303475994372739","-0.361157787398682","340.72148765685796","172.95891130816938","-10.717468550890686","-0.5629775477582019","-0.322558966732545","250"
"1066","57.2067","34.965085","177.0","256078.84479363562","205.07195553463922","5.0","2.4381685867112326","1.396690979410601","336.477864169263","175.5416003847122","2.5826890765428345","1.2594062751337962","0.7215484958188071","250"
"1067","57.206882","34.964924","174.0","256101.285179173","22.440385537356363","-3.0","-13.368754271204118","-7.614582652388829","334.40027460764213","175.84605886238813","0.30445847767592227","1.3567435246114299","0.7773090862927947","250"
"1068","57.208625","34.96319","181.0","256321.44032851557","220.1551493425895","7.0","3.1795758677018755","1.8211492347288072","331.68503365345794","180.7122189950645","4.866160132676356","2.210332189461528","1.2662208776823098","250"
"1069","57.210316","34.96125","186.0","256542.80888942446","221.36856090890063","5.0","2.2586766519468138","1.293906390372333","328.14749380800987","185.35764777979256","4.645428784728068","2.0985043068693896","1.202177952938564","250"
"1070","57.211391","34.95981","186.3","256690.48335095865","147.67446153418985","0.3","0.20314954724283418","0.11639595654923236","324.042582796246","186.23651576650144","0.8788679867088831","0.5951387786204361","0.34098537664433615","250"
"1071","57.212425","34.958292","186.3","256837.3669034454","146.88355248675026","0.0","0.0","0.0","321.5153324491591","186.1343584522009","-0.1021573143005412","-0.06954986625187758","-0.03984913159406767","250"
"1072","57.213451","34.956651","185.5","256988.29522023143","150.92831678604034","-0.8","-0.5300529529750865","-0.30369512709354596","319.10443574383527","185.87881294301152","-0.2555455091893748","-0.16931581470668777","-0.09701072317224751","250"
"1073","57.2144","34.954961","186.5","257134.8908737798","146.59565354836585","1.0","0.6821484647019723","0.3908362181473951","316.04125948095475","186.5564339646697","0.677621021658183","0.46223813957391147","0.26484105905219213","250"
"1074","57.215109","34.953566","187.5","257250.0881938353","115.19732005551377","1.0","0.8680757499550323","0.49735827504955565","313.18647806914095","187.2292809945941","0.6728470299243838","0.5840821901066255","0.33465063829542246","250"
"1075","57.215812","34.952096","187.5","257368.17450920228","118.08631536696697","0.0","0.0","0.0","311.45125937569964","187.56367914634944","0.3343981517553516","0.2831811211283631","0.16225039708162886","250"
"1076","57.217142","34.94891","188.0","257610.38873622078","242.21422701850668","0.5","0.20642883209407714","0.11827484048725957","307.63228224848706","187.58982860943675","0.026149463087307367","0.010796006250000082","0.006185655913186588","250"
"1077","57.221422","34.937948","179.0","258424.04395538193","813.6552191611556","-9.0","-1.106119617751438","-0.6337340123826898","305.801228793735","178.90789391493797","-8.681934694498779","-1.0670286984024375","-0.6113392097354903","250"
"1078","57.226685","34.92449","165.0","259423.4306961248","999.3867407428517","-14.0","-1.4008590898047832","-0.80258063849017","305.84954888901376","164.93487205988168","-13.973021855056288","-1.398159619835464","-0.8010342590065942","250"
"1079","57.227313","34.922782","163.0","259547.7106387781","124.2799426533066","-2.0","-1.609270134263928","-0.9219642848152816","304.1866839083033","163.01540563327075","-1.9194664266109385","-1.5444699970336435","-0.8848457719507139","250"
"1080","57.22972","34.916798","156.0","259996.43859987942","448.7279611012966","-7.0","-1.5599651920108022","-0.8937217261280378","306.6190241810846","156.19887218031286","-6.816533452957884","-1.5190792738273575","-0.870301371845098","250"
"1081","57.23011","34.915848","155.0","260068.20101406588","71.76241418647042","-1.0","-1.3934871218261395","-0.7983576363424237","307.17894112724264","155.8189998973608","-0.37987228295205","-0.5293471342323771","-0.3032907340895081","250"
"1082","57.231592","34.912711","158.0","260318.80353345672","250.60251939084756","3.0","1.1971148603343071","0.6858635288127415","311.1168597454993","157.82048569482566","2.001485797464852","0.7986694636310787","0.45759416552177595","250"
"1083","57.232542","34.910701","159.0","260479.4024817658","160.59894830908206","1.0","0.6226690837821937","0.3567584946790581","311.12999291493963","159.05923386985063","1.2387481750249663","0.7713301911796602","0.44193088156535826","250"
"1084","57.233263","34.909149","160.0","260602.4935024983","123.09102073250915","1.0","0.8124069441044885","0.46546465132273107","310.6418564782278","159.74613665884732","0.6869027889966901","0.5580445957056513","0.3197326821957362","250"
"1085","57.234109","34.907544","160.0","260737.32256705768","134.82906455936174","0.0","0.0","0.0","314.2439137933605","160.0","0.2538633411526803","0.188285324074848","0.10787941665512499","250"
"1086","57.235048","34.905895","160.0","260881.36936379122","144.04679673353078","0.0","0.0","0.0","316.4569833532428","159.619506950289","-0.3804930497109922","-0.26414544324429406","-0.15134383876623658","250"
"1087","57.236119","34.904015","158.0","261045.6299200489","164.2605562576737","-2.0","-1.2175777591198598","-0.6975861973460764","316.4701587169551","159.35180834555626","-0.2676986047327432","-0.16297193363500329","-0.09337595709539281","250"
"1088","57.237403","34.901856","164.0","261238.66713547162","193.03721542272274","6.0","3.1082089465810485","1.7802993789255122","317.7000945237098","162.8522466070652","3.500438261508947","1.8133489202294535","1.0388585421104528","250"
"1089","57.238625","34.899968","163.0","261415.7830787458","177.1159432741576","-1.0","-0.564601910767627","-0.32348962859898495","320.1024119667737","163.69490630000828","0.842659692943073","0.47576727276252084","0.27259251085846997","250"
"1090","57.240344","34.897526","167.0","261656.87790250347","241.09482375767274","4.0","1.6590982492516917","0.9505060688753898","322.45068062541253","166.48153179708123","2.786625497072947","1.1558213708784628","0.6622073766709673","250"
"1091","57.242118","34.895227","167.0","261897.80463454092","240.92673203745753","0.0","0.0","0.0","324.9613684832071","168.06710335940122","1.5855715623199842","0.6581135886878137","0.377065867039217","250"
"1092","57.243671","34.893391","174.0","262102.79883502977","204.99420048885702","7.0","3.414730750092856","1.9557366829321878","327.3946012175371","172.7621015292704","4.694998169869194","2.2903078031831456","1.312020333978011","250"
"1093","57.24507","34.89179","173.0","262285.7666012575","182.9677662277045","-1.0","-0.5465443562094396","-0.31314373132000495","328.23572171497176","172.85493604919316","0.0928345199227465","0.05073818292518988","0.029070834923131752","250"
"1094","57.246619","34.890171","171.0","262483.63966392993","197.87306267246962","-2.0","-1.0107489988723275","-0.5790967979241585","330.5131682369177","170.6031823360622","-2.2517537131309666","-1.1379789056270855","-0.6519857416812918","250"
"1095","57.249778","34.887181","162.0","262878.27862111863","394.6389571887076","-9.0","-2.280565523513787","-1.306441332938906","332.88615624972766","162.64613469666241","-7.957047639399775","-2.016285390596877","-1.1550899183708048","250"
"1096","57.249903","34.887066","162.0","262893.8043272971","15.525706178476867","0.0","0.0","0.0","333.5405795616945","162.45987981912495","-0.18625487753746484","-1.1996547879778128","-0.6873185911897597","250"
"1097","57.258646","34.879221","159.0","263974.4405303671","1080.6362030700202","-3.0","-0.27761424163628673","-0.15906083516016142","334.1134828339326","159.59376677799224","-2.8661130411327065","-0.2652245994526426","-0.15196214539622518","250"
"1098","57.2601","34.877729","162.0","264159.34727705544","184.90674668835254","3.0","1.6224394478457247","0.929507776082062","330.9715993319343","162.1512643147409","2.557497536748656","1.3831282971297636","0.7924236107126322","250"
"1188","57.379309","34.57383","185.8","287843.5930172999","129.16818050118368","-2.7","-2.090298082332481","-1.1974781941810508","298.54095226438056","185.3092533353865","-2.7601873798966494","-2.1368942174356595","-1.2241638912581554","250"
"1189","57.37996","34.571791","180.6","287985.6428407018","142.04982340192404","-5.2","-3.660687409154193","-2.096483247655037","300.63777041297845","181.7439648153484","-3.5652885200381093","-2.509885922174133","-1.4377568484125671","250"
"1190","57.380585","34.569919","180.6","288117.6306004399","131.98775973813133","0.0","0.0","0.0","301.77280764752146","179.35190302583575","-2.3920617895126384","-1.8123360789353335","-1.0382784174478101","250"
"1191","57.381553","34.567301","173.0","288307.9203014131","190.28970097321493","-7.6","-3.9939103173375483","-2.287126476711463","304.44834904676856","174.57057221111654","-4.781330814719212","-2.512658746251448","-1.4393445582946407","250"
"1192","57.382579","34.564687","175.0","288501.73363291315","193.81333150005744","2.0","1.031920758247431","0.5912260572161898","306.0616121218916","175.17572499340773","0.6051527822911851","0.31223485897873116","0.17889681500631155","250"
"1193","57.383623","34.562216","178.0","288689.91098468594","188.1773517727567","3.0","1.5942407371227145","0.9133552833263445","308.0915567286009","177.50179976963997","2.3260747762322467","1.2361077219543501","0.7082014862123368","250"
"1194","57.384812","34.559725","178.0","288889.3332842897","199.4222996037834","0.0","0.0","0.0","311.52780644699305","178.10843970292805","0.6066399332880792","0.3041986450328598","0.17429244732553575","250"
"1195","57.386625","34.556289","179.0","289177.5118679534","288.1785836637183","1.0","0.34700704933955856","0.19881959586562864","314.3927349028857","179.52888154372573","1.4204418407976789","0.4929033319336535","0.28241051920285826","250"
"1196","57.387923","34.554073","183.0","289373.6452946399","196.13342668650287","4.0","2.039427989188986","1.168344200145276","317.3827971133811","180.534705783695","1.0058242399692574","0.5128265267995108","0.2938253803162335","250"
"1197","57.389345","34.551892","171.0","289578.7905600347","205.14526539474133","-12.0","-5.8495135029850935","-3.347709572449073","320.4238225233598","172.76412145245075","-7.770584331244237","-3.7878448309747963","-2.169238161730761","250"
"1198","57.392848","34.546947","170.0","290068.2072778631","489.41671782839825","-1.0","-0.20432485519438776","-0.11706935560654459","322.74041753059026","170.06385151726008","-2.7002699351906756","-0.5517322634935936","-0.3161160936057686","250"
"1199","57.399756","34.537392","170.0","291026.2111496648","958.0038718016992","0.0","0.0","0.0","323.30717116449193","169.4090651088655","-0.6547864083945854","-0.06834903570516279","-0.03916110669879337","250"
"1200","57.399871","34.537228","170.0","291042.3372304543","16.12608078951468","0.0","0.0","0.0","322.46363086745947","169.2210457599759","-0.18801934888958272","-1.1659333184776957","-0.668000315189598","250"
"1201","57.401026","34.535622","166.0","291202.8087878027","160.47155734839038","-4.0","-2.492653568081124","-1.4278896101208414","323.1623722684842","166.93292952880265","-2.2881162311732623","-1.4258702719545917","-0.8169081281347784","250"
"1202","57.403873","34.531381","168.0","291608.7180768763","405.909289073587","2.0","0.4927209240676977","0.2823060097323224","321.2540500340365","167.71781603059173","0.7848865017890887","0.19336500122489123","0.11078984667625384","250"
"1203","57.405552","34.528765","167.0","291852.46132296405","243.74324608775498","-1.0","-0.41026777810285237","-0.23506480269344324","319.99319641191136","167.12820868065953","-0.5896073499322085","-0.24189689740979817","-0.13859644266108173","250"
"1204","57.407163","34.526131","167.0","292091.16922136646","238.70789840241702","0.0","0.0","0.0","318.62936868836823","167.15324749583007","0.025038815170546513","0.010489311555303351","0.0060099327991253145","250"
"1205","57.411146","34.519085","170.0","292702.92473154346","611.7555101770108","3.0","0.4903919866830383","0.2809716591450834","316.3858420866088","169.84675250416993","2.693505008339855","0.44029109072683176","0.25226658245194067","250"
"1206","57.412112","34.517264","170.0","292855.9990242153","153.0742926718519","0.0","0.0","0.0","314.56548638160734","170.18712609800696","0.3403735938370289","0.22235842994662328","0.12740178577921016","250"
"1207","57.412203","34.517084","170.0","292870.7840549643","14.785030749013625","0.0","0.0","0.0","313.1878622481722","170.2406984092295","0.05357231122255257","0.36234156108283117","0.20760551336479613","250"
"1208","57.413824","34.513963","172.0","293130.44509799965","259.66104303534433","2.0","0.7702349095654544","0.44130336870754094","313.96191324460176","171.87392042014002","1.633222010910515","0.6289823039369851","0.3603755617126704","250"
"1209","57.415485","34.510614","173.0","293403.0879103669","272.6428123672586","1.0","0.36678025410512854","0.21014866333204973","312.64415232465603","173.32146245622636","1.4475420360863325","0.5309298358236002","0.3041975298183414","250"
"1210","57.41634","34.508823","175.0","293546.4098140161","143.321903649204","2.0","1.3954601139650074","0.7994878577901176","311.55619793629756","173.28284016644955","-0.0386222897768107","-0.0269479324467689","-0.015440027584288085","250"
"1211","57.417059","34.507285","170.0","293668.36816156824","121.95834755218648","-5.0","-4.099760369301888","-2.347674924039902","310.9616839962302","170.1620748755336","-3.120765290915955","-2.5588779723180215","-1.4658092065949555","250"
"1212","57.418028","34.505139","164.0","293836.065842103","167.6976805347134","-6.0","-3.577867016925139","-2.0490927386480333","309.9804093976666","164.59476656869055","-5.567308306843046","-3.319848127351179","-1.9014345199231093","250"
"1213","57.418711","34.503619","162.0","293954.60551543004","118.53967332708858","-2.0","-1.6871988456399447","-0.9666020185759577","309.84333676042894","163.47392146572471","-1.1208451029658306","-0.9455442819325672","-0.5417408225080923","250"
"1214","57.420011","34.5006","169.0","294186.0640580897","231.4585426596365","7.0","3.0242996951266616","1.7322680806497448","308.6492247275919","167.9601611290574","4.486239663332697","1.9382476065831729","1.1103950378037581","250"
"1215","57.423522","34.491719","167.0","294845.7279703234","659.6639122337356","-2.0","-0.3031846919179883","-0.17371150034247232","306.2904004314823","167.19559666222335","-0.7645644668340594","-0.11590212116426266","-0.06640699405776591","250"
"1216","57.434291","34.461507","174.0","297014.75983493385","2169.031864610426","7.0","0.32272462725010503","0.1849069489228248","303.5219447948892","173.9805725606382","6.784975898414842","0.3128112596738395","0.17922706505211772","250"
"1217","57.434367","34.461301","174.0","297029.70761021186","14.947775278033232","0.0","0.0","0.0","304.4271572220923","174.02687133279443","0.046298772156234236","0.3097368758565257","0.17746558994610698","250"
"1218","57.440238","34.444677","178.0","298219.6753032627","1189.967693050838","4.0","0.33614357964162905","0.1925953588466269","303.27860323246057","177.6182337115705","3.5913623787760685","0.30180335144801596","0.1729200577943923","250"
"1219","57.44031","34.444475","178.0","298234.1743531384","14.49904987568174","0.0","0.0","0.0","303.5165965020139","177.5638066893816","-0.054427022188889396","-0.37538337101782165","-0.21507781835125073","250"
"1220","57.445976","34.428452","165.0","299381.4363168007","1147.261963662273","-13.0","-1.1331326594757476","-0.6492094051772681","303.3162132012525","165.76442390567064","-11.799382783710968","-1.0284819995291352","-0.589256002687981","250"
"1221","57.446231","34.427703","166.0","299434.46825131576","53.03193451502059","1.0","1.8856562732343156","1.080273435231671","302.32205593190065","165.77286887440084","0.008444968730202618","0.0159243082633742","0.009123956474443574","250"
"1222","57.449224","34.418718","167.0","300066.72652658814","632.2582752723989","1.0","0.1581632125841556","0.09062076998863927","301.76484563516266","167.31123624277114","1.5383673683703023","0.24331312511608014","0.13940787658919043","250"
"1223","57.451653","34.411293","173.0","300586.60350765486","519.8769810666944","6.0","1.1541191894453713","0.661232228630666","301.30400927209786","172.99841783565282","5.687181592881672","1.0939475683675384","0.6267607856260464","250"
"1224","57.454114","34.403859","179.0","301108.7711498957","522.1676422408085","6.0","1.149056263665027","0.65833177048477","301.60862238489767","178.2217450298667","5.22332719421388","1.000316138280555","0.5731198134583654","250"
"1225","57.454182","34.403651","178.0","301123.3310459216","14.559896025931847","-1.0","-6.868180914334511","-3.9290075858374762","301.28683041270233","178.2568161933124","0.03507116344570704","0.24087509542131127","0.13801099665793296","250"
"1226","57.463045","34.376744","182.0","303010.4895067298","1887.1584608082464","4.0","0.21195888331957297","0.12144331257768293","301.4929830663408","181.4670575505793","3.2102413572669093","0.1701097933181511","0.09746563809658439","250"
"1227","57.466212","34.367221","172.0","303680.07693395566","669.5874272258657","-10.0","-1.4934569547445808","-0.8556241944995515","301.73475519921584","172.771518496722","-8.695539053857317","-1.2986413275236321","-0.7440248477291421","250"
"1228","57.466293","34.366978","172.0","303697.17331307527","17.096379119622068","0.0","0.0","0.0","301.7912914221686","172.75682715204357","-0.014691344678425367","-0.08593249234607599","-0.0492356792255192","250"
"1229","57.470229","34.354981","183.0","304537.5247550833","840.3514420080669","11.0","1.3089761557039616","0.7499452616697639","301.39168956665213","182.89972021201254","10.14289305996897","1.2069822877595067","0.6915163314841118","250"
"1230","57.472152","34.349232","187.0","304942.3499335066","404.825178423276","4.0","0.9880808341959627","0.5661101934683538","301.8862534097528","186.69122473931313","3.7915045273005887","0.9365782390482338","0.5366041132545452","250"
"1231","57.473516","34.345373","187.0","305218.4642834987","276.11434999211843","0.0","0.0","0.0","303.3207485509078","186.3209563192725","-0.3702684200406168","-0.13409966560998585","-0.07683340267991387","250"
"1232","57.474925","34.34157","181.0","305494.5879045839","276.1236210851762","-6.0","-2.172939778357163","-1.2448068902230394","304.57105535646036","182.1019642969072","-4.218992022365313","-1.5279359316615204","-0.8753746854323305","250"
"1233","57.476922","34.336631","186.0","305864.0425824141","369.45467783021127","5.0","1.3533459717886773","0.7753627892874158","306.9464105876092","185.5356697668433","3.4337054699361147","0.9293982932093576","0.5324906653814164","250"
"1234","57.479047","34.33171","185.5","306241.3703902758","377.32780786164994","-0.5","-0.13251077434063083","-0.07592303665928682","308.7737316180768","185.37460536116362","-0.1610644056796957","-0.04268553823065995","-0.024457010383210714","250"
"1235","57.479562","34.330584","185.0","306329.74525371596","88.37486344014366","-0.5","-0.56577173704902","-0.3241598682759724","310.39022416983175","185.0398701657951","-0.33473519536852336","-0.378767425870185","-0.2170167113895609","250"
"1236","57.479649","34.330413","185.0","306343.8192499665","14.073996250543493","0.0","0.0","0.0","313.421955584521","184.97569973620773","-0.06417042958736374","-0.45595031038100275","-0.261238474233633","250"
"1237","57.480819","34.327952","184.0","306540.2055098344","196.3862598679174","-1.0","-0.5092005930926967","-0.2917479275840469","311.48887361605256","182.89120287594199","-2.0844968602657445","-1.0614270375471813","-0.6081300579460507","250"
"1238","57.482014","34.325515","176.0","306737.3784739381","197.1729641036663","-8.0","-4.057351390119537","-2.3234167217879302","312.3710968368899","176.8871308451891","-6.004072030752894","-3.045078750044136","-1.7441626479876193","250"
"1239","57.482293","34.324951","175.0","306783.1933058052","45.81483186712138","-1.0","-2.1826992684385282","-1.250396015272299","312.62142502644843","175.98590986731648","-0.9012209778726117","-1.9670943691040046","-1.1269167155498239","250"
"1240","57.48341","34.322728","175.4","306965.08010214195","181.88679633673084","0.4","0.2199170077521579","0.1260029607422742","313.06920442780734","175.22745498266815","-0.7584548846483301","-0.41699282186717207","-0.238917903016651","250"
"1241","57.486116","34.317792","174.0","307386.4786636124","421.39856147042383","-1.4","-0.3322270477418941","-0.19035137642583821","315.56636050300654","174.10382095241548","-1.1236340302526742","-0.2666440118665515","-0.15277540305182216","250"
"1242","57.488637","34.313484","174.0","307767.09930580703","380.62064219465947","0.0","0.0","0.0","317.43497476802406","174.34034906867146","0.23652811625598247","0.062142745304658416","0.03560516574989358","250"
"1243","57.491161","34.30952","178.0","308134.3692986183","367.26999281127644","4.0","1.0891170197112783","0.6239934148356074","319.8348000304982","177.23956307077407","2.8992140021026103","0.7893958283688006","0.45228109889525203","250"
"1244","57.493799","34.305693","173.0","308506.31530007004","371.94600145178083","-5.0","-1.344281153845984","-0.7701699759167732","322.0604944377062","173.03369488298893","-4.205868187785143","-1.130773868079986","-0.6478580904064614","250"
"1245","57.49497","34.304087","171.0","308668.06772215106","161.75242208104163","-2.0","-1.2364575282822996","-0.7084018798466639","323.610179740587","171.83072986155747","-1.202965021431453","-0.7437075785045989","-0.4261051985447669","250"
"1246","57.495368","34.303538","172.0","308723.155738914","55.08801676294337","1.0","1.8152768220051088","1.0399627849739588","323.45263073643065","171.90531176403164","0.07458190247416496","0.13538679890239713","0.07757087439422877","250"
"1247","57.499365","34.298465","175.0","309261.12203661824","537.966297704242","3.0","0.5576557514480789","0.3195098977802485","325.7085078147086","175.20404829975962","3.2987365357279828","0.6131864672202069","0.3513255630539028","250"
"1248","57.50382","34.293473","182.0","309839.34278514737","578.2207485291125","7.0","1.21061031064809","0.6935947317853506","328.95253490071957","181.67893600946664","6.474887709707019","1.1197951173799878","0.6415685260440547","250"
"1249","57.508161","34.289207","183.0","310385.1778046724","545.8350195250024","1.0","0.1832055409105524","0.10496892533578589","332.1708834985341","183.2497013874054","1.5707653779387556","0.28777292070883803","0.16488128300351312","250"
"1250","57.511484","34.286341","187.0","310792.40611508774","407.22831041534295","4.0","0.9822499805871291","0.5627696846552287","335.1437657511055","186.83415473213793","3.5844533447325375","0.8802073070697513","0.5043086141653031","250"
"1251","57.513315","34.284882","188.0","311013.8679243825","221.46180929479056","1.0","0.45154512337108543","0.25871453996222316","336.83006577603254","188.0845928005576","1.250438068419669","0.5646292118724612","0.32350527048116673","250"
"1252","57.513466","34.284763","189.0","311032.1005787588","18.232654376277754","1.0","5.4846649278948965","3.1393361754165126","337.0581085858224","188.10751998853684","0.022927187979234986","0.1257479438049636","0.07204822664921419","250"
"1253","57.519117","34.280821","182.0","311703.1135485809","671.0129698221119","-7.0","-1.0431989119160732","-0.5976872676995179","339.4637119232419","178.69586350107193","-9.41165648746491","-1.4026042581501779","-0.8035803498689954","250"
"1254","57.519958","34.28029","170.0","311801.85787529184","98.74432671095836","-12.0","-12.152596913366036","-6.928948240197798","341.27024317829574","173.6577449723482","-5.0381185287237145","-5.102185306778337","-2.9208040929833348","250"
"1255","57.520875","34.279733","170.0","311909.11098461365","107.253109321831","0.0","0.0","0.0","341.9348650177549","170.73270169571043","-2.92504327663778","-2.727234012265971","-1.5622027512640484","250"
"1256","57.524575","34.277719","179.0","312337.74644210073","428.63545748706525","9.0","2.099686305179638","1.2028548898122446","343.7080980240687","178.06985099846125","7.337149302750817","1.7117457677826913","0.9806623079921991","250"
"1257","57.527571","34.276412","176.0","312679.90343411535","342.15699201460956","-3.0","-0.8767904996873204","-0.5023510788160805","346.8178919699733","176.05887094810606","-2.0109800503551867","-0.5877360677373856","-0.33674408410038975","250"
"1258","57.530124","34.275377","174.0","312970.4307338214","290.5272997060881","-2.0","-0.688403465706424","-0.39441990143938294","347.72140151869985","173.971221901834","-2.0876490462720483","-0.7185724193161944","-0.4117045830392245","250"
"1259","57.532381","34.27451","172.0","313226.6789034429","256.2481696215271","-2.0","-0.78049337989573","-0.44718068590606536","348.3481422326891","172.1568339509666","-1.8143879508674274","-0.708058892107303","-0.405681082163422","250"
"1260","57.535568","34.273558","171.0","313585.5845812263","358.90567778336555","-1.0","-0.2786247367765514","-0.15963980174938033","350.8906150435339","170.3247792637646","-1.8320546872019747","-0.5104557549818974","-0.2924670636804779","250"
"1261","57.535988","34.273439","169.0","313632.82353619917","47.23895497290492","-2.0","-4.233793912560406","-2.424337374471659","351.352451585193","169.97071910336615","-0.3540601603984612","-0.7495088758875831","-0.4294289118295839","250"
"1262","57.54702","34.270372","174.0","314873.1069293926","1240.2833931934588","5.0","0.403133673113698","0.23097732923941006","351.51511097584597","173.54313573762775","3.5724166342616","0.28803228793247065","0.165029888244337","250"
"1263","57.549532","34.269576","171.0","315156.4380050642","283.3310756716112","-3.0","-1.0588319664155321","-0.6066433587986719","350.3504132886806","171.73825773856043","-1.8048779990673154","-0.6370208402975255","-0.3649811192388643","250"
"1264","57.556987","34.266933","182.0","316000.259789408","843.8217843437988","11.0","1.3035927969736159","0.7468613505541287","349.23157535288675","181.2945340205729","9.556276282012476","1.1324993570110247","0.648846596151701","250"
"1265","57.557747","34.266638","181.0","316086.58072358737","86.32093417935637","-1.0","-1.1584675368807","-0.6637233151274451","348.23755364111713","181.58155463004113","0.2870206094682146","0.3325040584846399","0.19051009013696876","250"
"1266","57.558643","34.266253","182.0","316188.824029855","102.24330626767511","1.0","0.9780591380544552","0.5603687394178383","347.02004415415684","181.64674113169312","0.06518650165199347","0.06375625361853406","0.036529637549482116","250"
"1267","57.570428","34.261233","179.0","317533.0232627353","1344.1992328802874","-3.0","-0.22318120161188756","-0.1278731968789903","347.13284973542665","178.86651888749003","-2.780222244203088","-0.20683111373644797","-0.11850532990599728","250"
"1268","57.581205","34.256571","171.0","318763.1854338463","1230.162171111007","-8.0","-0.6503207615931558","-0.3726010971036885","346.9433339311545","172.14748929479717","-6.719029592692863","-0.5461905552358717","-0.3129410243454304","250"
"1269","57.581765","34.256348","173.0","318826.8578236924","63.672389846085856","2.0","3.1410788959462095","1.7991141029041748","347.9493433763381","173.1301398791373","0.9826505843401208","1.5432915062799821","0.8841707073931343","250"
"1270","57.584762","34.255194","182.0","319167.134945084","340.27712139163276","9.0","2.644903061126373","1.5150646036877187","348.3375245395942","180.55301962012052","7.422879740983234","2.181421927699944","1.249664501241345","250"
"1271","57.587877","34.25409","175.0","319519.70266857604","352.5677234920448","-7.0","-1.9854341545129968","-1.1374205361379066","349.243824482801","176.36510934856534","-4.187910271555182","-1.1878314413116369","-0.6805452777732118","250"
"1272","57.59086","34.25322","183.0","319855.42582467303","335.72315609699956","8.0","2.3829157610113083","1.3650518276307402","351.11573590556236","182.2553388247192","5.8902294761538485","1.7544900818375486","1.0051456415017668","250"
"1273","57.593983","34.252367","183.0","320206.38892713067","350.9631024576228","0.0","0.0","0.0","351.6723545427702","182.6133318260014","0.35799300128221034","0.1020030307389468","0.05844341131947464","250"
"1274","57.600461","34.250672","174.0","320933.75678131974","727.3678541890548","-9.0","-1.237338156775451","-0.708906365624326","352.01917086747596","173.17378411823512","-9.43954770776628","-1.2977680623912735","-0.7435245879748932","250"
"1275","57.600888","34.250572","171.0","320981.6094386958","47.85265737607576","-3.0","-6.269244310557075","-3.5873175176051983","352.84772065573225","172.36026970231532","-0.8135144159197978","-1.7000402078537846","-0.9739574673483632","250"
"1276","57.601984","34.25029","171.0","321104.6319267157","123.02248801990082","0.0","0.0","0.0","352.15066492407675","171.40016094976664","-0.9601087525486776","-0.7804335353657982","-0.44714639960460323","250"
"1277","57.605455","34.249245","176.0","321495.5788466228","390.946919907066","5.0","1.2789460014644893","0.7327421312192857","350.83740214160207","175.67286466643213","4.2727037166654895","1.092911466774358","0.6261672141083964","250"
"1278","57.605612","34.249199","176.0","321513.2502396265","17.671393003734405","0.0","0.0","0.0","351.0790979268903","175.8037325796187","0.1308679131865631","0.7405636508616352","0.4243039599005209","250"
"1279","57.608427","34.248294","177.0","321830.87300163315","317.6227620066618","1.0","0.31483889683543087","0.1803888041279843","350.2281588204458","177.0990618416965","1.2953292620778143","0.4078200359112318","0.23366237318937189","250"
"1280","57.614009","34.246202","181.0","322463.94788122183","633.0748795886582","4.0","0.6318367903965814","0.36201099698583367","348.6494669841661","180.66190768626333","3.562845844566823","0.5627842707772247","0.32244823068817935","250"
"1281","57.619852","34.2437","178.0","323130.5277243178","666.5798430959626","-3.0","-0.450058613543781","-0.25786284987739005","347.08439190799874","177.97283015832306","-2.6890775279402703","-0.4034141679788454","-0.23113803834528038","250"
"1282","57.631255","34.23862","171.0","324434.0607851745","1303.5330608566942","-7.0","-0.5370021068280029","-0.3076765856286714","346.58546131345224","171.70159483543037","-6.271235322892693","-0.48109522582965236","-0.2756451332262066","250"
"1283","57.631831","34.238364","172.0","324499.8972340618","65.83644888730288","1.0","1.5189154592948566","0.8702075346832916","346.616103001402","172.04637140130995","0.3447765658795845","0.5236864559170924","0.3000474942329781","250"
"1284","57.632142","34.238222","173.0","324535.4970488762","35.599814814373914","1.0","2.8090033760406987","1.6090172715035398","346.26409809596424","172.2160229136944","0.16965151238443354","0.4765516710382842","0.2730419277755206","250"
"1285","57.63242","34.238102","173.0","324567.22392046655","31.726871590385166","0.0","0.0","0.0","346.98816156382924","172.35422085636853","0.13819794267413954","0.435586415384303","0.24957105373901614","250"
"1286","57.634688","34.237239","171.0","324824.5933434946","257.3694230280177","-2.0","-0.7770930891748847","-0.44523258098827934","348.4867340172014","171.4912891279161","-0.8629317284524234","-0.3352891413050582","-0.19210580725874743","250"
"1287","57.636917","34.236516","173.0","325076.15550675284","251.56216325824695","2.0","0.7950321201312193","0.4555102535325992","350.1502408747675","172.06463158112766","0.5733424532115521","0.22791283306900734","0.13058420821421785","250"
"1288","57.638536","34.23607","169.0","325258.1269730323","181.97146627946188","-4.0","-2.1981468203685393","-1.259242566015161","351.6120466601407","170.12253349763154","-1.94209808349612","-1.0672541817702075","-0.6114683874780833","250"
"1289","57.64046","34.235677","172.0","325473.3411254705","215.21415243824032","3.0","1.393960372034969","0.7986287360784204","353.7607932102046","171.676002810508","1.553469312876473","0.7218248871073986","0.4135680131599125","250"
"1290","57.647988","34.234513","175.0","326313.27878190076","839.9376564302446","3.0","0.3571693657300796","0.20464210207381067","355.27003128350117","174.84628970614077","3.1702868956327563","0.3774431198985116","0.21625795080747764","250"
"1291","57.654646","34.23359","174.0","327055.6495785718","742.3707966709972","-1.0","-0.13470357461315638","-0.07717941642579691","355.7581345849955","172.93804746094347","-1.9082422451973002","-0.2570470516559116","-0.14727678759399834","250"
"1292","57.656422","34.23332","167.0","327253.7841865501","198.13460797833295","-7.0","-3.5329516995665324","-2.0233906477244386","355.3501574640714","168.35637648597358","-4.581670974969882","-2.3124031796963562","-1.3246733507985289","250"
"1293","57.66364","34.232277","173.5","328058.7845460635","805.0003595133686","6.5","0.807453055540164","0.4626264684351677","355.58032230678043","171.97531744638084","3.618940960407258","0.44955768250773787","0.25757584334239453","250"
"1294","57.665068","34.231999","167.0","328218.4296479856","159.6451019220716","-6.5","-4.071531116045689","-2.331527707186121","354.0553931618548","168.59898421820998","-3.3763332281708642","-2.1148993533287173","-1.2115674553459619","250"
"1295","57.666769","34.231512","169.0","328409.77722033544","191.34757234979799","2.0","1.0452183821511187","0.5988442127626672","351.2941225274461","168.67336925557257","0.07438503736258895","0.03887430420418787","0.02227333450208576","250"
"1296","57.668197","34.231058","169.0","328570.84291984624","161.06569951079751","0.0","0.0","0.0","350.3500517854276","168.51363375589253","-0.15973549968003908","-0.09917412594065737","-0.056822569903697225","250"
"1297","57.670172","34.230244","165.5","328795.7248916698","224.88197182357078","-3.5","-1.556371981096775","-0.891663467647901","347.56988278434216","166.06620159000158","-2.4474321658909446","-1.0883185281793315","-0.6235359671096063","250"
"1298","57.671199","34.229768","165.8","328913.37793277897","117.65304110915724","0.3","0.25498703405521256","0.1460964921878268","346.07913652193906","165.8459254347086","-0.22027615529299283","-0.18722521170415216","-0.10727201914982604","250"
"1299","57.673813","34.228313","167.0","329216.64492084156","303.26698806256604","1.2","0.39569094139334143","0.22671302611364194","343.4246629790338","167.04620563203096","1.2002801973223711","0.3957833343452289","0.22676596254661469","250"
"1300","57.675368","34.227256","168.0","329400.6209867304","183.97606588882687","1.0","0.5435489639202745","0.3114275489422172","340.02540933864617","169.74010977771877","2.69390414568781","1.4642688072891414","0.8389042747138105","250"
"1301","57.677013","34.226056","180.0","329596.95926949015","196.33828275973812","12.0","6.111900252629064","3.497510201583186","338.69187360080554","178.25101154515147","8.5109017674327","4.334815221872755","2.482112268885739","250"
"1302","57.67861","34.224737","181.0","329791.0823119216","194.12304243143026","1.0","0.5151371972511858","0.2951492619894845","336.1740863333375","180.54769345155358","2.296681906402114","1.1831062802414951","0.6778383403211075","250"
"1303","57.681224","34.222414","178.0","330112.88655836915","321.8042464475474","-3.0","-0.9322437578489151","-0.5341208552831281","334.5872068337777","177.52854289862515","-3.019150552928437","-0.9381947523245453","-0.5375302257602215","250"
"1304","57.683197","34.220549","172.0","330358.696876936","245.8103185668639","-6.0","-2.44090648227524","-1.3982587449850281","333.1910132586407","172.88079387387634","-4.647749024748805","-1.890786787082964","-1.0832119554393584","250"
"1305","57.683322","34.220431","172.0","330374.265946986","15.569070049980482","0.0","0.0","0.0","333.2217193090161","172.73858214637636","-0.14221172749998345","-0.913424674970627","-0.5233392332703276","250"
"1306","57.699721","34.20544","182.0","332403.7664526412","2029.5005056552725","10.0","0.4927320772837779","0.28231239989927626","333.96676527136106","180.8894620399773","8.150879893600944","0.40161999816645716","0.23011007142063208","250"
"1307","57.701569","34.203751","175.0","332632.45068173594","228.68422909471624","-7.0","-3.060989394725924","-1.7532702866189707","333.9712863902999","176.38047762855888","-4.5089844114184245","-1.97170763776233","-1.1295588990066714","250"
"1308","57.70693","34.198849","184.0","333295.90377000096","663.4530882650307","9.0","1.356539016727699","0.7771919334683363","333.9644970915799","182.1608945339918","5.780416905432929","0.8712623405746838","0.4991839189069494","250"
"1309","57.707807","34.198042","179.0","333404.5685076829","108.6647376818951","-5.0","-4.601308673506384","-2.6344974645169303","333.82153515179994","180.29869878417253","-1.8621957498192785","-1.7137074910820342","-0.9817859630317892","250"
"1310","57.712464","34.193575","177.0","333986.4280448928","581.8595372099039","-2.0","-0.34372556813114613","-0.19693946805362947","332.87092406778174","176.87934939950705","-3.4193493846654803","-0.5876589049415136","-0.3366998746019454","250"
"1311","57.712853","34.19317","176.0","334035.9220637279","49.49401883515732","-1.0","-2.0204461539697505","-1.1574728894038115","330.92014195429334","176.9141962144077","0.03484681490064645","0.07040611314410691","0.040339724685284545","250"
"1312","57.715951","34.189896","182.0","334431.4986861445","395.5766224165576","6.0","1.5167731508870022","0.8689803651031114","330.5573162880325","181.3090606557727","4.3948644413650015","1.1110020644084064","0.6365311045169059","250"
"1313","57.719283","34.186151","179.0","334863.6304168097","432.1317306652006","-3.0","-0.6942327505971291","-0.39775967604185475","329.02548594583266","179.50891623193024","-1.800144423842454","-0.416573071612077","-0.23867740801357767","250"
"1314","57.722513","34.182227","183.0","335291.7587975456","428.1283807359363","4.0","0.9342991915472068","0.5352984294766979","327.0265921383037","182.77324395009876","3.2643277181685164","0.7624646870074958","0.436851620572909","250"
"1315","57.722629","34.182081","183.0","335307.3002047015","15.541407155881766","0.0","0.0","0.0","326.09391788846784","182.86116519325972","0.08792124316096306","0.5657225390153207","0.324131680781256","250"
"1316","57.725348","34.178564","184.0","335674.7510218399","367.4508171383938","1.0","0.2721452649874957","0.15592736603477053","325.3678059232351","183.42208262202143","0.5609174287617122","0.1526510222864609","0.08746252521772475","250"
"1317","57.72674","34.176702","181.0","335864.9626859221","190.2116640822063","-3.0","-1.5771903444908877","-0.9035885838120501","324.464122021406","182.2906290233433","-1.131453598678121","-0.5948392303582001","-0.340813754208109","250"
"1318","57.728158","34.174745","186.0","336060.82432302326","195.8616371011321","5.0","2.5528225302325422","1.4623419587849074","323.61404414685114","185.682885563612","3.3922565402686757","1.731965784865314","0.9922440906057359","250"
"1319","57.731379","34.170015","193.0","336515.9441938629","455.1198708396186","7.0","1.5380563338371038","0.8811718863568081","321.9039558672598","192.6577699804902","6.974884416878211","1.5325378793087496","0.8780107899323132","250"
"1320","57.734506","34.165162","195.0","336967.4927296603","451.54853579739967","2.0","0.44292027134318024","0.25377296260403814","320.3588527665635","194.2257527421117","1.5679827616214936","0.3472456751194105","0.19895631671887262","250"
"1321","57.737489","34.160232","186.0","337409.82469407486","442.33196441457636","-9.0","-2.0346709539545587","-1.1656197502562142","318.5818787840148","185.53502367806433","-8.69072906404736","-1.9647526661450947","-1.1255755369318228","250"
"1322","57.737594","34.160052","183.0","337425.6507971892","15.826103114321224","-3.0","-18.956024602703778","-10.733646967564896","317.5389752044029","185.28889581635593","-0.24612786170840195","-1.5552019339851135","-0.8909932422608611","250"
"1323","57.739641","34.156422","187.0","337739.0675220228","313.41672483357803","4.0","1.276256077949883","0.7312011700989794","316.5737847449417","186.05333460369707","0.7644387873411347","0.2439049121411903","0.13974694356607864","250"
"1324","57.74148","34.153072","182.0","338024.2809419646","285.2134199417562","-5.0","-1.7530731902520775","-1.0043340720415084","315.8058040534395","182.09546528831123","-3.9578693153858353","-1.3876869174648505","-0.7950350065488437","250"
"1325","57.74366","34.148926","177.0","338369.68397731934","345.40303535474266","-5.0","-1.4475842677134556","-0.8293467636546299","314.5736820085541","179.12701636326312","-2.968448925048108","-0.859415992682112","-0.492396969760814","250"
"1326","57.74525","34.145685","191.0","338630.9331768232","261.2491995038408","14.0","5.358868094749578","3.067471159810194","312.5915010371445","189.55944667699933","10.432430313736205","3.9932869970699483","2.2867699091887688","250"
"1327","57.746851","34.142332","193.0","338897.9211328314","266.9879560082576","2.0","0.7490974611372142","0.4291932017753931","311.8207603098519","192.76590704339742","3.2064603663980904","1.2009756598529557","0.6880752860056731","250"
"1328","57.748219","34.139409","193.0","339128.62324862217","230.7021157907641","0.0","0.0","0.0","311.2520271827214","192.73531421419978","-0.030592829197644278","-0.013260749296894409","-0.007597849634395813","250"
"1329","57.749583","34.136359","191.0","339364.75228671863","236.12903809643615","-2.0","-0.8469945145768947","-0.48528050511212506","309.96622459402414","191.26468578580022","-1.47062842839955","-0.6228071059176292","-0.3568375724707981","250"
"1330","57.75154","34.131786","191.0","339712.5696031036","347.81731638499485","0.0","0.0","0.0","308.73118402154626","190.51901875454186","-0.745667031258364","-0.21438467728070043","-0.12283318382114224","250"
"1331","57.753317","34.12744","186.0","340037.42634435144","324.8567412478017","-5.0","-1.5391399854577696","-0.881792626053335","307.464810473823","186.6283279581964","-3.890690796345467","-1.1976635551415682","-0.6861778627123714","250"
"1332","57.755014","34.123123","187.5","340355.55356370413","318.1272193526843","1.5","0.47150948072037185","0.2701530304439153","306.3828867398645","187.747727981925","1.1194000237286161","0.35187181593776784","0.20160686777421832","250"
"1333","57.755617","34.12148","189.0","340473.8619988086","118.30843510450433","1.5","1.267872403751278","0.7263984557678494","304.5242025591158","189.1320596768856","1.3843316949605935","1.1701039691191792","0.6703895960232259","250"
"1334","57.755688","34.121282","189.0","340488.0150974762","14.15309866758464","0.0","0.0","0.0","303.90510337760173","189.35930773189665","0.22724805501104584","1.605641706798246","0.919885886055457","250"
"1335","57.757098","34.117382","195.0","340767.50059480086","279.4854973246478","6.0","2.146801911882553","1.2298379790234308","304.1250715505865","195.21001747307182","5.850709741175166","2.0933858097041202","1.199246557846675","250"
"1336","57.758485","34.113366","203.0","341051.3034857155","283.8028909146574","8.0","2.81885782566101","1.6146589879986537","302.9192762255575","202.5094214962721","7.299404023200282","2.571997769182447","1.4733213523709048","250"
"1337","57.760003","34.108778","207.0","341371.5579948321","320.2545091165767","4.0","1.2490066138441003","0.7155908659768359","301.80913187536106","205.99898850274087","3.489567006468775","1.0896230676329146","0.6242833245326489","250"
"1338","57.761664","34.103604","200.0","341729.75530860707","358.19731377498573","-7.0","-1.9542301772808093","-1.1195489089064987","301.04134195443277","200.49867214298249","-5.500316359758386","-1.5355548878330239","-0.8797390017843387","250"
"1339","57.761735","34.103385","200.0","341744.95644886326","15.20114025616809","0.0","0.0","0.0","301.28936438495634","200.3260051588118","-0.17266698417068937","-1.135881790845441","-0.6507843387145315","250"
"1340","57.7637","34.097132","198.0","342175.4250934156","430.4686445523402","-2.0","-0.46460991417385855","-0.26619995661352885","300.505576720944","198.00477930477263","-2.32122585403917","-0.5392322724116402","-0.3089543393842664","250"
"1341","57.764733","34.093918","197.0","342397.9855388117","222.5604453961128","-1.0","-0.44931613891237554","-0.25743745185198647","301.0726903868675","196.99032066071032","-1.0144586440623016","-0.45581264103635727","-0.2611595971487539","250"
"1342","57.765727","34.090943","196.0","342606.19306937186","208.20753056015647","-1.0","-0.4802900247217881","-0.2751837976346796","302.06446806237204","198.06794647997617","1.0776258192658474","0.517572931376031","0.29654479763498415","250"
"1343","57.766773","34.087958","209.0","342818.01816591574","211.82509654390276","13.0","6.137138711184596","3.511916734545371","303.30554814203595","207.0821441527605","9.01419767278432","4.2554908836857495","2.4367464657141715","250"
"1344","57.767925","34.084914","209.0","343039.3772662992","221.35910038347902","0.0","0.0","0.0","305.3592474894867","208.27440241348742","1.1922582607269305","0.5386081975674283","0.3085967812222725","250"
"1345","57.769779","34.080259","201.0","343383.9208599518","344.54359365258927","-8.0","-2.3219122768152736","-1.330118738365025","306.75337403360146","201.46061205384134","-6.813790359646077","-1.9776279359634732","-1.1329496578465685","250"
"1346","57.76986","34.080058","201.0","343398.86092298944","14.940063037630505","0.0","0.0","0.0","307.0752595504593","201.22070613980293","-0.23990591403841677","-1.6057891685875099","-0.9199703536586311","250"
"1347","57.771936","34.075275","197.0","343764.56208718254","365.70116419308914","-4.0","-1.0937892442387773","-0.6266700834352688","309.1428381196913","196.93069418555498","-4.2900119542479445","-1.173092233303045","-0.6721015102965924","250"
"1348","57.773292","34.07239","194.0","343992.60049651173","228.0384093292039","-3.0","-1.315567850532188","-0.7537213743349228","311.393189469393","193.05203905525804","-3.8786551302969485","-1.7008779975734667","-0.9744373467388718","250"
"1349","57.773497","34.071972","191.0","344026.27485949756","33.674362985849555","-3.0","-8.908854493433603","-5.09095743157305","312.60393155026793","192.40289315134288","-0.649145903915155","-1.927715467662849","-1.1043628206037905","250"
"1350","57.775164","34.068594","190.0","344299.18352128536","272.90866178781914","-1.0","-0.36642296123876034","-0.20994395235036845","312.7833425310009","190.47811258780956","-1.924780563533318","-0.7052837938246882","-0.40409114736910695","250"
"1351","57.776803","34.065518","193.0","344557.0179670539","257.83444576853407","3.0","1.163537319871214","0.6666276953217167","314.9800140138142","192.6363945875466","2.158281999737028","0.8370805511667686","0.4796006252192399","250"
"1352","57.778539","34.062384","193.0","344824.953421801","267.93545474703626","0.0","0.0","0.0","316.0931443728106","192.84756292110683","0.2111683335602379","0.0788131357082274","0.04515659111304609","250"
"1353","57.779918","34.060089","192.0","345029.9560381523","205.00261635132287","-1.0","-0.48779865242609965","-0.2794858236105744","318.41673850977793","190.87979309758543","-1.9677698235213938","-0.9598754681984799","-0.549951242154819","250"
"1354","57.78043","34.059252","188.0","345105.4782284446","75.5221902923089","-4.0","-5.296456557361466","-3.0318131956170764","318.9247377610815","190.2059073482156","-0.6738857493698447","-0.89230164904059","-0.511237617429547","250"
"1355","57.78317","34.054946","198.0","345502.9589131471","397.4806847025071","10.0","2.515845520263321","1.4411692918072267","320.04369660699916","196.82137031927704","6.615462971061447","1.664348288021282","0.9535132891214652","250"
"1356","57.783551","34.054387","197.0","345556.744935311","53.78602216390853","-1.0","-1.8592191052028004","-1.0651313626602188","321.96799899707617","197.13724923461675","0.31587891533970947","0.5872881143303258","0.3364874345627437","250"
"1357","57.78454","34.052939","197.0","345696.25030431896","139.5053690079095","0.0","0.0","0.0","322.0274401763377","197.0","-0.1372492346167462","-0.09838276160465524","-0.05636915198100672","250"
"1358","57.785995","34.050928","197.0","345897.21276016755","200.96245584855234","0.0","0.0","0.0","323.61786559802897","197.6687649551332","0.6687649551332129","0.33278104226453226","0.1906687883967696","250"
"1359","57.787362","34.049093","201.0","346084.1244681468","186.9117079792823","4.0","2.140047856415377","1.2259699673653166","324.4142710852184","199.23269903922082","1.563934084087606","0.8367234460566567","0.4793960333924334","250"
"1360","57.788635","34.047484","195.0","346254.8061745587","170.68170641189525","-6.0","-3.5153152180940723","-2.0132982225164193","326.0305813039847","196.43426052743197","-2.798438511788845","-1.6395655812319758","-0.9393177180716572","250"
"1361","57.790039","34.045773","197.0","346440.97071110323","186.1645365445015","2.0","1.0743184696307142","0.6155154622422702","326.9934772928658","196.14229768031836","-0.2919628471136093","-0.15683053955005946","-0.08985720647944413","250"
"1362","57.791416","34.044189","194.0","346620.57605135173","179.60534024850313","-3.0","-1.6703289533870098","-0.9569390056064326","328.48656850789285","194.1009104577899","-2.0413872225284706","-1.1365960609545316","-0.6511935325128512","250"
"1363","57.79431","34.041071","189.0","346991.6568384796","371.08078712789967","-5.0","-1.3474154883358755","-0.7719654920719327","330.1353569082868","189.97383827224374","-4.1270721855461545","-1.112176196857016","-0.6372037497417566","250"
"1364","57.794714","34.040663","189.0","347042.67333262303","51.01649414343399","0.0","0.0","0.0","331.70951867698733","190.7254610544443","0.7516227822005703","1.4732936765261966","0.8440740286092243","250"
"1365","57.796275","34.039054","199.0","347240.71410578035","198.04077315734114","10.0","5.0494652391884545","2.8906753437048227","331.2193437537404","196.88341302999854","6.1579519755542265","3.1094364445152936","1.7810020043635097","250"
"1366","57.79815","34.037334","195.0","347472.7847532742","232.0706474938096","-4.0","-1.7236130648994283","-0.9874597628379745","333.94843259352353","195.53862908279896","-1.3447839471995735","-0.579471795215052","-0.33200916600858343","250"
"1367","57.800086","34.035636","195.0","347710.4105479516","237.62579467740645","0.0","0.0","0.0","334.95031211691054","194.84611262333394","-0.6925164594650255","-0.2914315175274489","-0.16697748698899667","250"
"1368","57.80176","34.034266","194.0","347913.4811355314","203.0705875797925","-1.0","-0.49243960532052444","-0.28214482987400574","336.43883917251054","193.99644272825122","-0.8496698950827124","-0.41841110778726226","-0.2397305068123782","250"
"1369","57.803415","34.033011","193.0","348111.9635883574","198.48245282596443","-1.0","-0.5038228749000956","-0.2886668010738969","337.9990916557002","193.92306664046646","-0.07337608778476579","-0.036968551496642486","-0.02118141878976027","250"
"1370","57.805124","34.031755","198.0","348316.0460227969","204.08243443952787","5.0","2.449990374591284","1.4034603212380639","338.61612140967856","196.79090912926196","2.867842488795503","1.4052372986785788","0.8050886736749014","250"
"1371","57.806921","34.03059","195.0","348527.44755401777","211.40153122085272","-3.0","-1.419100411749562","-0.8130300686714245","340.94519774772675","195.71607662409545","-1.074832505166512","-0.5084317502145368","-0.29130742446813335","250"
"1372","57.807051","34.030511","195.0","348542.6416569115","15.194102893759197","0.0","0.0","0.0","342.06004503003896","195.6954814879298","-0.020595136165638905","-0.13554690467509023","-0.07766260807639577","250"
"1373","57.809317","34.029105","198.0","348808.01933401625","265.3776771047411","3.0","1.1304643377430494","0.6476807652545505","341.70865809075036","197.64672989445924","1.9512484065294302","0.735272245886491","0.42127237325036015","250"
"1374","57.811624","34.027842","198.0","349075.2335298066","267.2141957903555","0.0","0.0","0.0","343.7414187978675","197.73056468635798","0.0838347918987381","0.03137362955241764","0.017975765023816835","250"
"1375","57.820699","34.023332","189.0","350119.0833363123","1043.8498065057236","-9.0","-0.8621930036206461","-0.4939879619350728","345.17549017282715","189.3084086048305","-8.422156081527476","-0.8068360054326739","-0.46227294779733963","250"
"1376","57.827665","34.019832","190.0","350920.9145144422","801.8311781298839","1.0","0.1247145318460061","0.07145612614033646","345.02233578704784","189.87971073403955","0.5713021292090446","0.07124967758693247","0.04082305126602861","250"
"1377","57.834337","34.016439","188.0","351689.52117748023","768.606663037998","-2.0","-0.26021111918218237","-0.1490896526212707","344.85140473618526","188.24078062456846","-1.6389301094710902","-0.21323391902342453","-0.12217385092143397","250"
"1378","57.836037","34.015566","189.0","351885.4893750159","195.9681975356744","1.0","0.5102868794912288","0.2923703076719825","344.71040867812616","189.05913203793764","0.8183514133691858","0.4175939890553985","0.2392623404455018","250"
"1379","57.844728","34.011177","196.0","352886.1907223981","1000.7013473822336","7.0","0.699509400912822","0.4007828271586342","344.9561701768284","195.56319033250213","6.504058294564487","0.6499499887332678","0.37238866888222427","250"
"1380","57.853398","34.006533","189.0","353888.6517138618","1002.4609914636733","-7.0","-0.6982815351028712","-0.40007934623332586","344.0922047489613","189.21821297973395","-6.344977352768183","-0.6329400751548455","-0.3626431073092755","250"
"1381","57.853531","34.006458","189.0","353904.092033581","15.440319719176197","0.0","0.0","0.0","343.29822546715417","189.16763398382068","-0.050578995913269864","-0.3275773872120859","-0.18768734617515168","250"
"1382","57.863498","34.001023","189.0","355058.0686055528","1153.9765719717839","0.0","0.0","0.0","343.8245522995885","188.80897882711886","-0.3586551567018148","-0.031079933978987603","-0.017807489872033514","250"
"1445","58.003045","33.775754","185.0","376158.45920154836","571.4696845472007","6.0","1.0499244600794617","0.6015403009254061","320.2118157973451","185.11900218084455","4.988722831994295","0.8729636876446155","0.5001586448370534","250"
"1446","58.003212","33.77549","185.0","376182.6826923352","24.223490786881616","0.0","0.0","0.0","320.04910662985577","185.4746163752973","0.35561419445275533","1.4680551105596245","0.8410732004481285","250"
"1447","58.00942","33.765462","205.0","377091.277960689","908.5952683537678","20.0","2.2012001048868397","1.260991123130102","319.44581456662866","204.17363996580244","18.699023590505135","2.05801463443507","1.1789890954554783","250"
"1448","58.01724","33.753256","200.0","378219.55899059604","1128.2810299070427","-5.0","-0.4431520044622165","-0.2539057332949432","320.420319297069","199.80848557397724","-4.3651543918252","-0.386885383704877","-0.221667890443091","250"
"1449","58.02506","33.740833","188.0","379355.92459867505","1136.3656080790179","-12.0","-1.0559981677275094","-0.605019893274649","319.9299442304412","188.53519158020615","-11.273293993771091","-0.9920481501396506","-0.5683830752695688","250"
"1450","58.033457","33.727539","196.0","380574.29477773415","1218.370179059075","8.0","0.6566148890953859","0.37620721253003564","320.03340220255564","195.73645880445838","7.201267224252234","0.5910574099748273","0.3386470069201009","250"
"1451","58.037217","33.721853","195.0","381109.86483261146","535.5700548772983","-1.0","-0.18671693663476105","-0.10698080000479757","321.32266560993924","194.70366380530595","-1.0327949991524292","-0.1928403184134422","-0.11048922669043464","250"
"1452","58.039112","33.719142","192.0","381374.18369934266","264.31886673116816","-3.0","-1.1349927597303229","-0.6502750270683784","322.86458163465545","194.7084742897749","0.004810484468947607","0.0018199550143502337","0.0010427574121442671","250"
"1453","58.039216","33.71899","197.0","381388.80479410855","14.621094765919151","5.0","34.19716567089548","18.879234055424707","322.2727366589154","194.922774695158","0.21430040538311346","1.4656932932452784","0.8397202699200194","250"
"1454","58.040284","33.717484","197.0","381536.9952356633","148.19044155477678","0.0","0.0","0.0","323.2623944121184","196.21488113820553","1.2921064430475155","0.8719229320670485","0.4995623812011095","250"
"1455","58.042889","33.713903","188.0","381895.22124917695","358.22601351361203","-9.0","-2.5123803577871695","-1.4391851540819238","323.96133434799225","189.10648881456257","-7.10839232364296","-1.984331694373963","-1.136789121769554","250"
"1456","58.045034","33.711049","191.0","382186.94111659215","291.7198674152082","3.0","1.0283838487181491","0.5891997723630648","324.84759196926456","190.36053260365128","1.254043789088712","0.4298794594280468","0.24630127006754635","250"
"1457","58.047224","33.708228","188.0","382481.6621270241","294.7210104319195","-3.0","-1.0179118195894619","-0.5832003696847916","325.71800159583165","188.73601441425086","-1.624518189400419","-0.5512054220429196","-0.31581424486956755","250"
"1458","58.049463","33.705411","192.0","382780.76460139744","299.1024743733782","4.0","1.3373343060367617","0.7661904407415431","326.3448069168205","193.1323679780364","4.396353563785539","1.4698486105793442","0.8421005785753042","250"
"1459","58.051754","33.702643","207.0","383083.12837032665","302.3637689292269","15.0","4.96091183580629","2.840064773382761","327.4085071932592","205.65568533965944","12.523317361623043","4.141804888188944","2.3717238214561966","250"
"1460","58.05642","33.697292","211.0","383690.01201842126","606.8836480945911","4.0","0.6591049227572112","0.37763383498532543","328.7530362775041","210.2851495102048","4.629464170545361","0.7628256561336443","0.4370584286190092","250"
"1461","58.060741","33.692649","202.0","384242.69612602645","552.6841076052109","-9.0","-1.628416644545316","-0.9329315529556628","330.3847460087188","202.71838572582604","-7.5667637843787645","-1.3690937879805651","-0.7843839517633739","250"
"1462","58.064291","33.689066","205.0","384690.17835955205","447.4822335256293","3.0","0.6704176781195441","0.3841152799277017","331.90326949545204","204.0323813690841","1.3139956432580675","0.29364196940409015","0.1682439717841368","250"
"1463","58.067917","33.685539","194.0","385143.60674254224","453.42838299016086","-11.0","-2.4259619407721758","-1.3897012208773203","332.7757248789961","195.33251179260014","-8.699869576483962","-1.9186865892938036","-1.0991915670571506","250"
"1464","58.071011","33.682762","201.0","385524.4397863525","380.83304381029114","7.0","1.8380757956200335","1.0530212772834848","334.6073694750452","200.3471708986461","5.014659106045968","1.316760503729813","0.7544045959277152","250"
"1465","58.074267","33.679933","200.0","385922.88214976725","398.44236341474124","-1.0","-0.2509773286730291","-0.14379911493644532","335.32290174836413","200.58131937846542","0.23414847981931075","0.058765959977901266","0.03367041098172892","250"
"1466","58.074386","33.679835","200.0","385937.3147190647","14.432569297455043","0.0","0.0","0.0","336.4670246472431","200.7041082456112","0.12278886714577197","0.85077621742252","0.4874471051095616","250"
"1467","58.077597","33.677211","208.0","386326.272365793","388.95764672829205","8.0","2.0567792065001957","1.1782815468868453","336.6307012646325","206.80381546014547","6.099707214534277","1.5682188705741662","0.8984495789824378","250"
"1468","58.086935","33.669658","188.0","387455.5706239109","1129.2982581179213","-20.0","-1.7710113210775538","-1.014608673849439","336.84983562720384","188.5534410378337","-18.25037442231178","-1.616080985790919","-0.9258656006636675","250"
"1469","58.088192","33.668638","188.0","387607.6593305873","152.08870667639604","0.0","0.0","0.0","336.78333149590895","187.68047885099054","-0.8729621868431536","-0.5739822541200136","-0.3288639952600814","250"
"1470","58.093039","33.664689","182.0","388194.4749469516","586.8156163643","-6.0","-1.022467676844365","-0.5858104119622012","336.70263247825864","183.39394560489058","-4.286533246099964","-0.7304736149759942","-0.4185231079285543","250"
"1471","58.093702","33.664155","185.0","388274.5992843409","80.12433738930977","3.0","3.744180729287705","2.144255906659705","336.94081428495974","184.44998783504963","1.0560422301590506","1.318004322491843","0.7551171279234683","250"
"1472","58.099139","33.659777","194.0","388931.6327472918","657.033462950899","9.0","1.3697932460819857","0.7847846365914958","336.94950270191646","193.0084412820339","8.558453446984288","1.3025901920651297","0.7462869977842053","250"
"1473","58.102308","33.657005","187.0","389319.8326565273","388.19990923546436","-7.0","-1.8031946513810542","-1.0330424763893176","335.19346279848213","187.8466074143052","-5.161833867728717","-1.3296844602294289","-0.7618081812309218","250"
"1474","58.104078","33.655303","189.0","389540.59561734437","220.76296081706053","2.0","0.9059490743364954","0.5190563840344237","333.06599715274126","187.78513497948646","-0.06147243481873943","-0.02784544771062377","-0.01595426591236155","250"
"1475","58.104213","33.655165","187.0","389557.6566336528","17.06101630844571","-2.0","-11.722631078020486","-6.686057667999835","331.6257506578081","187.720654866755","-0.06448011273144516","-0.3779382867099517","-0.21654165644491327","250"
"1476","58.105049","33.654293","187.0","389663.7984893662","106.14185571339294","0.0","0.0","0.0","331.14022311444484","187.08256257075072","-0.6380922960042881","-0.6011693424008733","-0.3444405115496467","250"
"1477","58.10703","33.652114","187.0","389918.5732936107","254.7748042445243","0.0","0.0","0.0","329.83761005474844","187.18294591629504","0.10038334554431572","0.039400813530984465","0.022575002078874366","250"
"1478","58.107421","33.651654","187.0","389969.76480096893","51.19150735823441","0.0","0.0","0.0","328.13650814009844","187.52472296708822","0.34177705079318343","0.6676440457231563","0.3825261767540884","250"
"1479","58.109674","33.648914","192.0","390267.5409796401","297.77617867116436","5.0","1.679113494676659","0.9619707657584227","327.28003141055507","191.49638932257892","3.9716663554906972","1.333775714771539","0.7641518817558953","250"
"1480","58.110452","33.647946","192.0","390371.0657825582","103.52480291805985","0.0","0.0","0.0","326.6832576751312","192.69980056631564","1.2034112437367241","1.16243760897495","0.6659976926016963","250"
"1481","58.111726","33.646204","196.0","390545.8205239152","174.75474135702618","4.0","2.2889221596728806","1.3112268347065852","324.1588831997558","195.20789805936812","2.5080974930524746","1.435209982616952","0.8222582932772579","250"
"1482","58.11261","33.64497","195.7","390667.95256661467","122.13204269948899","-0.3","-0.24563578350864282","-0.14073865386681791","323.59509098740716","195.59970817875862","0.3918101193904988","0.32080861887700024","0.18380916835568703","250"
"1483","58.11349","33.643678","195.0","390791.78395248676","123.83138587212282","-0.7","-0.5652847984136027","-0.32388088191166414","322.20483690383173","195.32958021545411","-0.2701279633045033","-0.21814175897494745","-0.12498582299670521","250"
"1484","58.113607","33.643513","195.0","390808.00690157234","16.222949085584215","0.0","0.0","0.0","323.31578638748846","195.3357312272787","0.006151011824584884","0.03791549731269699","0.02172397870056941","250"
"1485","58.11501","33.641351","196.3","391009.16340300534","201.15650143299382","1.3","0.6462629796894912","0.3702762570402865","320.85573950660216","196.61347317683698","1.2777419495582762","0.6351979381506087","0.3639367155043032","250"
"1486","58.116939","33.638157","201.0","391294.119455218","284.9560522126854","4.7","1.6493771455298012","0.9449378104802612","318.82887558221","200.50112450104953","3.8876513242125554","1.3642985625414588","0.7816370030602849","250"
"1487","58.129577","33.616694","202.0","393181.7827684335","1887.6633132154607","1.0","0.052975548817367865","0.030352750806837053","318.1215587612956","200.49870592588186","-0.0024185751676668588","-0.00012812534686320934","-7.341041623907618e-05","250"
"1488","58.130673","33.614715","194.0","393350.16250641475","168.37973798122965","-8.0","-4.751165488149061","-2.7201717331478408","316.36825406945604","195.23128679442405","-5.267419131457814","-3.1282974986248084","-1.7917980905974285","250"
"1489","58.13304","33.610288","191.0","393720.05441653717","369.8919101224006","-3.0","-0.8110477460854099","-0.4646859395320053","315.36352530046804","191.5736754773259","-3.6576113170981444","-0.9888324715963125","-0.5665408079029589","250"
"1490","58.134851","33.606668","194.0","394012.81909434794","292.76467781078213","3.0","1.0247137811956064","0.5870972001371838","313.46064524311504","193.87293081396817","2.2992553366422612","0.7853595433149562","0.4499686212757953","250"
"1491","58.136789","33.602556","196.0","394336.3953177387","323.5762233907738","2.0","0.6180923860974349","0.35413634098449687","311.75948174840585","195.5789126316905","1.7059818177223462","0.5272271861774221","0.30207612722433264","250"
"1492","58.138356","33.598949","194.0","394610.59810338507","274.20278564634185","-2.0","-0.729387192506329","-0.41790066686932015","309.4550434305447","194.7737394619584","-0.8051731697321145","-0.2936414988761644","-0.1682437021938185","250"
"1493","58.140178","33.59459","199.7","394936.9503451072","326.35224172213674","5.7","1.746579085812777","1.0006143632164113","308.3759735391939","198.99357573324443","4.219836271286027","1.2930311889442714","0.74081101476331","250"
"1494","58.140603","33.593538","198.8","395014.70497761125","77.75463250407788","-0.9","-1.1574873046346135","-0.6631617587207717","307.42978603365634","200.0780420114398","1.0844662781953787","1.3947288325727774","0.7990689459483409","250"
"1495","58.142668","33.588075","212.0","395409.074999702","394.37002209072716","13.2","3.347110393944513","1.9170373100330815","305.6105382294876","210.91885223019122","10.840810218751415","2.7488930728759655","1.5746031822342919","250"
"1496","58.147275","33.575707","211.0","396297.4705771108","888.3955774088581","-1.0","-0.11256246940317435","-0.0644935170453053","305.21912980033585","210.34056963199376","-0.5782825981974611","-0.06509291726598988","-0.03729548908787976","250"
"1497","58.149351","33.570038","202.0","396702.3762984007","404.9057212898707","-9.0","-2.222739646979927","-1.2733263362419773","304.7603363739353","202.88513808333875","-7.455431548655014","-1.8412759209489395","-1.0548541937023568","250"
"1498","58.156153","33.551764","210.0","398014.4922364103","1312.1159380096444","8.0","0.6097022197699421","0.34932931095002745","305.20791634933164","209.10651792919637","6.221379845857626","0.4741486377564219","0.27166512223477596","250"
"1499","58.156454","33.550907","208.0","398074.8913804358","60.39914402546169","-2.0","-3.3113052051811955","-1.8965451609716542","303.6520212037275","208.91513517284395","-0.19138275635242508","-0.31686335864585485","-0.18154872373158937","250"
"1500","58.1664","33.523389","221.0","400031.5836200564","1956.6922396205853","13.0","0.6643865466814945","0.3806598500715445","304.42871387562144","220.9223561770916","12.00722100424764","0.613648930634892","0.3515905251022832","250"
"1501","58.167704","33.520119","222.0","400272.0108226984","240.42720264202111","1.0","0.41592631325038887","0.23830684918912695","307.0926576521029","221.87002302712202","0.9476668500304299","0.3941595791227659","0.2258356338478964","250"
"1502","58.168368","33.518541","222.0","400390.40059376054","118.38977106214098","0.0","0.0","0.0","308.5836866328135","221.99963591307403","0.1296128859520138","0.10947980115949543","0.06272728042243604","250"
"1503","58.169109","33.516941","222.0","400515.2761551168","124.87556135626511","0.0","0.0","0.0","311.28692474185334","221.38663734865187","-0.6129985644221563","-0.490887534569951","-0.28125558033498976","250"
"1504","58.170703","33.513821","217.0","400770.0194128958","254.7432577789587","-5.0","-1.9627604842592188","-1.1244345407979197","314.09063531873016","217.30752554887533","-4.079111799776541","-1.6012638902953795","-0.9173782266993737","250"
"1505","58.172385","33.510854","214.5","401025.46585602144","255.4464431256869","-2.5","-0.9786787278811039","-0.5607237042613596","317.06985098887895","214.8058371024728","-2.5016884464025395","-0.979339706512037","-0.5611023808257684","250"
"1506","58.173382","33.509309","214.5","401168.63814684376","143.1722908223123","0.0","0.0","0.0","320.74428503868336","215.4367662537098","0.6309291512370123","0.4406782538808737","0.25248840629506036","250"
"1507","58.17445","33.507743","219.0","401318.7556382079","150.11749136415474","4.5","2.9976520118391186","1.7170139122697274","322.2880931983896","218.5515602389574","3.114793985247587","2.0749041014092926","1.188661916650361","250"
"1508","58.175529","33.506289","221.3","401465.9420003614","147.18636215349275","2.3","1.5626447765598372","0.8952566408209783","324.6031690921817","220.98608428108693","2.4345240421295387","1.6540418599317674","0.947609766010423","250"
"1509","58.176603","33.504937","222.1","401609.281769213","143.33976885159254","0.8","0.5581144761216152","0.3197727194778175","326.42425764650056","221.92558922624588","0.9395049451589443","0.6554391378513139","0.37553358568059353","250"
"1510","58.177755","33.503607","222.1","401759.24793270323","149.96616349025456","0.0","0.0","0.0","328.66882447563967","221.9087305817604","-0.01685864448546681","-0.011241632174288675","-0.006440980757119682","250"
"1511","58.179166","33.502112","221.0","401938.9682472173","179.7203145140382","-1.1","-0.6120621383144073","-0.35068139421924693","330.8100648577207","219.7205882975459","-2.188142284214507","-1.2175264049204568","-0.6975567779184492","250"
"1512","58.180705","33.500656","212.0","402130.206168245","191.23792102767788","-9.0","-4.706179585950126","-2.694454215495865","333.48977096788474","213.0099097634554","-6.710678534090505","-3.5090731472233836","-2.009726185643387","250"
"1513","58.18238","33.499259","209.0","402333.66933616303","203.46316791804213","-3.0","-1.4744683426970147","-0.8447469165753128","336.2642920356788","209.46077135711909","-3.5491384063363114","-1.7443640746643416","-0.9993456418503296","250"
"1514","58.184536","33.497575","209.0","402592.9360352531","259.26669909005375","0.0","0.0","0.0","337.61962546704865","209.96819732421636","0.5074259670972765","0.1957158280944623","0.11213676615856774","250"
"1515","58.18689","33.495426","218.0","402883.4243406401","290.48830538698166","9.0","3.098231437582457","1.774588187237139","334.3013141737793","217.03180267572404","7.063605351507675","2.4316315736351957","1.3929477660664131","250"
"1516","58.188055","33.49423","218.0","403030.7192775859","147.2949369458101","0.0","0.0","0.0","331.5796498354598","218.0","0.9681973242759625","0.6573188083390558","0.37661051114124977","250"
"1517","58.189161","33.492969","218.0","403174.20263820066","143.4833606147677","0.0","0.0","0.0","328.99473208298775","218.0","0.0","0.0","0.0","250"
"1518","58.190572","33.491279","218.0","403359.75062139676","185.54798319609915","0.0","0.0","0.0","327.73519341965726","217.84491102451085","-0.15508897548915002","-0.08358429599595374","-0.04789026278882593","250"
"1519","58.192056","33.489306","217.0","403561.24785806955","201.49723667279994","-1.0","-0.49628472157354886","-0.28434786536323475","324.9793413168383","216.32715277332068","-1.5177582511901733","-0.7532402311078716","-0.43156670019742704","250"
"1520","58.192947","33.488018","213.7","403685.802978963","124.5551208934892","-3.3","-2.649429406296292","-1.5176561923828897","322.69638832574685","214.52793816655876","-1.7992146067619217","-1.4445127537554106","-0.8275872837068152","250"
"1521","58.193837","33.486639","213.7","403813.57327351207","127.77029454908904","0.0","0.0","0.0","320.76422790457457","213.12020165652038","-1.4077365100383759","-1.1017713585198998","-0.6312429469461817","250"
"1522","58.195524","33.483734","209.0","404066.89410765603","253.32083414398343","-4.7","-1.8553546990645848","-1.0629179845480716","317.7759404384007","209.28973823845388","-3.8304634180665005","-1.5120996387882284","-0.8663032539161285","250"
"1523","58.199279","33.476559","203.5","404659.44371053594","592.5496028799168","-5.5","-0.9281923358430809","-0.5317997623093164","314.8039761301913","203.65387519180774","-5.635863046646136","-0.951120888319669","-0.5449356952811389","250"
"1524","58.199913","33.475397","203.0","404757.45342449495","98.00971395900399","-0.5","-0.5101535141803828","-0.2922938969666922","315.99661670793625","203.50452147907018","-0.1493537127375646","-0.15238664281791195","-0.08731104729271502","250"
"1525","58.202246","33.470925","207.0","405126.1764118552","368.7229873602775","4.0","1.084825231167814","0.621534691634631","314.7150898887784","206.66099211525918","3.156470636188999","0.856054746894537","0.4904712594620791","250"
"1526","58.203613","33.468347","207.0","405340.46537998505","214.2889681298657","0.0","0.0","0.0","315.1823132830803","207.77358620160817","1.1125940863489916","0.5192026897412308","0.29747855530199535","250"
"1527","58.204685","33.466485","211.0","405502.0504751375","161.58509515243486","4.0","2.4754758452359185","1.4180535693433691","317.5365445972257","210.03090167611836","2.257315474510193","1.3969824830568096","0.8003599410214524","250"
"1528","58.205786","33.464731","210.0","405661.88711154775","159.8366364102861","-1.0","-0.6256387912425102","-0.3584599454344794","319.99172099199484","208.74659918892382","-1.2843024871945374","-0.8035094556781399","-0.4603670987415546","250"
"1529","58.207029","33.462968","202.0","405834.4302604543","172.5431489065793","-8.0","-4.636521386503426","-2.654629911390786","323.2311229397605","203.1522938081622","-5.594305380761625","-3.242264567566558","-1.8570302194863697","250"
"1530","58.207679","33.462101","201.0","405922.7687438986","88.33848344427008","-1.0","-1.1320094719883527","-0.6485659486882502","324.9034105982058","201.75839629226923","-1.3938975158929736","-1.5779051909718813","-0.9039980587713847","250"
"1531","58.209231","33.460331","203.0","406124.0975978994","201.32885400079002","2.0","0.9933995849358741","0.5691573140693781","329.00199780268866","202.0746507207155","0.3162544284462854","0.157083508976336","0.09000214692709083","250"
"1532","58.210848","33.458712","199.0","406327.378747873","203.28114997361317","-4.0","-1.9677181088946114","-1.1272739538492091","332.1909035127928","200.07456187546254","-2.000088845252975","-0.9839027600505978","-0.5637165660221113","250"
"1533","58.212519","33.457276","202.0","406531.3382971826","203.95954930956276","3.0","1.4708798926823983","0.8426913319760486","335.64440621817914","201.7621841827631","1.6876223073005576","0.8274299060835552","0.4740715958625978","250"
"1534","58.216001","33.454384","205.0","406953.951318359","422.61302117644067","3.0","0.7098692774890866","0.40671830444616625","336.372274242329","204.2612553676367","2.4990711848736","0.5913379521333393","0.3388077401188216","250"
"1535","58.21848","33.452266","200.0","407256.228027964","302.27670960500603","-5.0","-1.654113546006786","-0.9476508278714925","335.7731418858887","200.4872563215494","-3.773999046087283","-1.2485245889499326","-0.7153147291174865","250"
"1536","58.227126","33.444896","199.0","408310.04301784094","1053.8149898769104","-1.0","-0.09489331710083226","-0.0543698494191986","335.8279220989884","198.64704415881633","-1.8402121627330814","-0.17462383629103864","-0.10005198652089302","250"
"1537","58.232495","33.44036","191.0","408963.44987639127","653.40685855032","-8.0","-1.224352009060509","-0.7014669781248214","336.02123447924936","191.56119230479","-7.085851854026316","-1.0844471191727816","-0.6213180749032091","250"
"1538","58.235377","33.437957","193.0","409313.42856593756","349.9786895463024","2.0","0.5714633661245819","0.32742082608571027","336.3017655361855","191.5576424957514","-0.0035498090386170134","-0.0010142929111537722","-0.00058114702997156","250"
"1539","58.238241","33.435638","179.0","409659.61355136544","346.1849854278816","-14.0","-4.044080647430772","-2.31582560206547","336.91546711540394","180.0764367003441","-11.481205795407305","-3.3164944404554793","-1.8995151121919145","250"
"1540","58.241046","33.433615","177.0","409993.234239841","333.6206884755469","-2.0","-0.5994832062540367","-0.34347446151632294","339.2129609623874","177.63221061462164","-2.4442260857224483","-0.7326362453393236","-0.4197621375436902","250"
"1541","58.244052","33.431772","182.0","410344.458772846","351.22453300495505","5.0","1.4235907603668052","0.815602329260026","342.1162408571684","181.24879375779628","3.616583143174637","1.0297068693443503","0.5899577270815258","250"
"1542","58.246707","33.430394","179.0","410650.4971503016","306.0383774556221","-3.0","-0.9802692149075398","-0.5616348987839898","344.7228449492836","179.1151466308832","-2.1336471269130755","-0.6971828646629362","-0.3994498850845628","250"
"1543","58.248131","33.429701","178.0","410813.94925987645","163.45210957487535","-1.0","-0.6117999960972743","-0.35053120341654714","345.6353395882371","178.8086777522564","-0.3064688786268164","-0.18749765874782232","-0.10742811925927848","250"
"1544","58.251245","33.428422","185.0","411168.20586358383","354.25660370735744","7.0","1.9759688109533522","1.1319994205661899","347.80471155049486","183.5754889356494","4.766811183393003","1.3455814608697447","0.7709148622240584","250"
"1545","58.252961","33.427861","180.0","411361.8192102176","193.61334663377815","-5.0","-2.5824665948559615","-1.47931556620876","350.2396735380278","181.22752033865453","-2.3479685969948605","-1.2127100935020094","-0.6947976421378133","250"
"1546","58.25328","33.427764","180.0","411397.74157276965","35.92236255202626","0.0","0.0","0.0","350.910069362233","181.23786241394282","0.010342075288292563","0.028790075467097033","0.016495497705524678","250"
"1547","58.255968","33.427035","188.0","411699.6615500656","301.9199772959704","8.0","2.64970873131646","1.517816121556831","351.87940069098977","187.15349396044016","5.9156315464973375","1.9593375700006357","1.1224741093173303","250"
"1548","58.278547","33.420729","186.5","414237.27768048673","2537.616130421117","-1.5","-0.05911059525583467","-0.03386787238210517","351.64611376355066","186.66730198860168","-0.48619197183847973","-0.01915939790932036","-0.010977526247836364","250"
"1549","58.280957","33.419841","187.8","414510.2402536175","272.9625731308152","1.3","0.47625576836022315","0.27287239187732093","349.0363657986455","188.33135179829597","1.6640498096942906","0.6096256313120288","0.3492854306270371","250"
"1550","58.283455","33.418761","194.0","414795.0905996697","284.8503460521987","6.2","2.1765815228688026","1.246892469736302","347.19472214001775","192.8628645583987","4.531512760102743","1.5908398297231998","0.9114072009910951","250"
"1551","58.285832","33.417555","190.0","415068.6412804308","273.55068076104646","-4.0","-1.4622518901695232","-0.8377489137059411","345.06623482196613","190.6627345779538","-2.200129980444899","-0.8042860556310474","-0.4608120289845808","250"
"1552","58.287143","33.416827","191.0","415220.5018551455","151.86057471473828","1.0","0.6584987590613594","0.3772865438437883","343.7274414306068","190.51352987122536","-0.14920470672845454","-0.09825111422680137","-0.05629372366256749","250"
"1553","58.289999","33.415057","188.0","415554.5010891068","333.99923396126417","-3.0","-0.8982056528752181","-0.5146200913498821","341.9569497987618","188.7085597615242","-1.804970109701145","-0.5404114519347903","-0.3096299397963938","250"
"1554","58.291848","33.413761","191.0","415773.6094433726","219.10835426578836","3.0","1.3691855840242695","0.7844365371648144","339.776362996771","190.25641510379313","1.5478553422689174","0.7064337402631845","0.4047499853193011","250"
"1555","58.293501","33.412503","189.0","415971.5731718498","197.96372847723805","-2.0","-1.0102860839125694","-0.5788315942706398","338.1997179743587","190.05683157783747","-0.19958352595565998","-0.10081822942560317","-0.05776457086944851","250"
"1556","58.29525","33.41111","194.0","416182.4035302867","210.83035843685724","5.0","2.3715749653280973","1.3585577003712295","337.2873282012444","192.92070640355348","2.8638748257160103","1.3583787681002915","0.7782458391556994","250"
"1557","58.29751","33.409107","191.0","416459.62569756276","277.22216727607974","-3.0","-1.082164543145052","-0.6200104086365734","335.02642768638384","191.33817641973496","-1.5825299838185174","-0.5708526123174374","-0.3270709013462977","250"
"1558","58.298719","33.407992","191.0","416609.0165024819","149.39080491915155","0.0","0.0","0.0","334.14369985911856","190.38303734910488","-0.9551390706300822","-0.6393559972763997","-0.3663190111424458","250"
"1559","58.29993","33.406787","188.0","416760.9705954353","151.95409295339667","-3.0","-1.9742804828035008","-1.1310324570158468","332.39642819014597","189.90137444275618","-0.4816629063487028","-0.3169792250982181","-0.1816151096518908","250"
"1560","58.300072","33.406647","191.0","416778.75345300057","17.782857565247888","3.0","16.870179547873924","9.575737454798428","332.6127124719289","189.91259706014395","0.01122261738777297","0.06310919010960729","0.036158897617274116","250"
"1561","58.303382","33.403104","189.0","417201.0292703973","422.2758173967431","-2.0","-0.47362409060733146","-0.27136458560589116","330.6466440157242","189.74532705438136","-0.16727000576258888","-0.03961155218259462","-0.02269574641320469","250"
"1562","58.306153","33.399716","196.0","417567.24867299205","366.2194025947132","7.0","1.9114224834632105","1.0950310668346301","327.2852249809349","195.48568714511396","5.740360090732594","1.5674647629430278","0.898017613319499","250"
"1563","58.308914","33.395986","197.0","417943.7244375763","376.47576458425516","1.0","0.26562134779228275","0.15218946384868307","324.6367427591708","195.70274021553993","0.2170530704259761","0.05765392910900104","0.03303326444286358","250"
"1564","58.31167","33.391967","182.0","418329.7642136719","386.0397760956074","-15.0","-3.885609962711477","-2.2251711156455856","322.54749483258433","183.17982352238894","-12.52291669315099","-3.243944657674223","-1.8579918288155648","250"
"1565","58.317931","33.381996","181.0","419237.41368339385","907.6494697219505","-1.0","-0.11017469115101672","-0.06312542257959493","320.09197725182344","180.59583876228334","-2.583984760105608","-0.28468972288356936","-0.16311475524860888","250"
"1566","58.32829","33.365641","160.0","420733.68300129223","1496.2693178983513","-21.0","-1.4034906516359262","-0.8040881159703068","320.3453936987683","160.58134423309565","-20.014494529187687","-1.33762647471111","-0.76635781112089","250"
"1567","58.328511","33.36529","159.0","420765.6802865132","31.99728522092261","-1.0","-3.1252651376377174","-1.7900623727023304","320.17533080604284","160.72430112206936","0.14295688897371406","0.4467781812946943","0.255983338442085","250"
"1568","58.330134","33.362603","167.0","421004.7990198481","239.11873333491036","8.0","3.3456182576858913","1.9161833352264797","319.00275642183885","166.2371593144536","5.512858192384243","2.3054898775592454","1.3207144310433385","250"
"1569","58.332939","33.357233","171.0","421447.018577152","442.2195573038886","4.0","0.9045280639298461","0.5182422717579751","314.8569383039897","171.50123104822634","5.264071733772738","1.1903751534343208","0.6820025114144165","250"
"1570","58.334061","33.35457","176.0","421646.34347026935","199.32489311738732","5.0","2.508467418093824","1.436944616820718","308.7506728355993","175.22068942975997","3.7194583815336273","1.8660280326066183","1.0690312376816131","250"
"1571","58.334614","33.353246","176.0","421745.1071414366","98.76367116724715","0.0","0.0","0.0","308.5072712073783","176.06955411845445","0.8488646886944764","0.8594908215359902","0.49243984036926314","250"
"1572","58.336188","33.349067","177.0","422045.3340570931","300.22691565650103","1.0","0.33308139538832393","0.1908408761528621","305.6609638351082","176.89591206395627","0.826357945501826","0.2752444575779767","0.15770305928643744","250"
"1573","58.336848","33.346918","177.0","422190.6617605372","145.32770344413632","0.0","0.0","0.0","300.3314733669806","177.5988832550049","0.7029711910486185","0.4837145116786623","0.2771458385474045","250"
"1574","58.337534","33.344576","180.0","422347.2031218354","156.54136129825605","3.0","1.9164264160729652","1.0978970591854944","299.16310370881007","179.05027342885734","1.4513901738524453","0.9271608230665198","0.5312087998804854","250"
"1575","58.338275","33.34187","178.0","422525.3453213108","178.14219947538254","-2.0","-1.1226986114968116","-0.6432318965132628","297.551434183606","179.3351320065856","0.28485857772827217","0.15990516484424386","0.09161883259049008","250"
"1576","58.338983","33.338898","184.0","422715.8382140887","190.49289277787872","6.0","3.1497238099041347","1.80406237814085","294.41205173318326","182.65911292302607","3.323980916440462","1.7449369726965815","0.9996737883623014","250"
"1577","58.339579","33.336118","182.0","422891.10541211657","175.2671980278435","-2.0","-1.1411148363781531","-0.6537822643594401","292.2185457228123","182.1671312955618","-0.4919816274642699","-0.2807037671624739","-0.16083098909873988","250"
"1578","58.34009","33.333465","181.0","423056.04170725046","164.93629513390525","-1.0","-0.6062946904367772","-0.3473770126257165","290.1524549485191","179.16519298654794","-3.001938309013866","-1.8200592577738643","-1.042702013808359","250"
"1579","58.340559","33.330696","170.0","423225.85566637764","169.81395912720126","-11.0","-6.477677133574345","-3.7062575396680564","287.88594995610583","172.9824214053154","-6.182771581232544","-3.6409089176239404","-2.085166090670706","250"
"1580","58.340981","33.32802","175.0","423388.9308008879","163.07513451025628","5.0","3.0660713633724064","1.7561793099870002","286.72423819045343","174.01223065048455","1.0298092451691616","0.631493727269864","0.36181444413563757","250"
"1581","58.346147","33.293231","173.0","425498.8456528841","2109.914851996215","-2.0","-0.0947905550836697","-0.05431097117338288","285.81327177884503","173.0296220484972","-0.9826086019873514","-0.046571007406184854","-0.026683219791397882","250"
"1582","58.346565","33.290363","173.0","425672.5373417039","173.6916888197922","0.0","0.0","0.0","285.52260266931887","172.9242939771414","-0.10532807135581379","-0.06064082402071252","-0.03474462856693232","250"
"1583","58.347564","33.28355","172.0","426085.3182383023","412.78089659841834","-1.0","-0.24225927319811721","-0.1388040674770468","285.6142735225511","172.27160511511565","-0.652688862025741","-0.1581199293388622","-0.09059597057787011","250"
"1584","58.34795","33.280917","173.0","426244.8391408535","159.5209025511602","1.0","0.6268770951062594","0.35916941346068026","285.6096860445457","172.91708003216982","0.6454749170541731","0.40463344096687387","0.231836618904859","250"
"1585","58.34813","33.27969","173.0","426319.18027638237","74.34113552887099","0.0","0.0","0.0","285.61917523900456","173.65569616949557","0.7386161373257494","0.993549711167516","0.56924332157518","250"
"1586","58.348631","33.275916","178.0","426546.3302531586","227.14997677619206","5.0","2.2011888669160795","1.260984687365447","284.19826765743323","177.07678042030335","3.4210842508077803","1.5060905131320046","0.8628610624441623","250"
"1587","58.349012","33.271423","176.0","426811.8943726723","265.5641195137124","-2.0","-0.7531137879854775","-0.43149425773429495","279.1815032686979","175.55645931649207","-1.520321103811284","-0.5724873927227893","-0.32800753091317864","250"
"1588","58.34932","33.265932","169.0","427134.11211820715","322.2177455348526","-7.0","-2.1724439752319125","-1.2445229499941177","276.10375260827584","171.46756628262997","-4.088893033862092","-1.2689844338259197","-0.7270354995728723","250"
"1589","58.349413","33.263243","178.0","427291.35119213327","157.23907392610357","9.0","5.723768129179939","3.275903234704844","273.77203787073995","176.9886905053854","5.521124222755418","3.511292762605647","2.01099636654009","250"
"1590","58.349466","33.260489","182.0","427452.1501864961","160.7989943628382","4.0","2.4875777462725406","1.4249831806322946","272.1015529028234","181.69435090225934","4.705660396873952","2.926424021194914","1.6762390560265639","250"
"1591","58.349443","33.25538","186.5","427750.26201899775","298.1118325016329","4.5","1.5095006334494796","0.8648144733644889","269.51063083281997","186.0282810521126","4.333930149853245","1.4537934014509493","0.8329035866966632","250"
"1592","58.349368","33.252944","186.5","427892.64283491886","142.38081592111553","0.0","0.0","0.0","266.643145558484","186.59870467412472","0.5704236220121288","0.400632359297734","0.22954420513694118","250"
"1593","58.349252","33.25024","187.0","428050.9433423713","158.3005074524612","0.5","0.31585495716124196","0.18097095802282312","265.32739927332153","186.21732928723097","-0.38137538689375106","-0.24091861297935566","-0.13803593023734675","250"
"1594","58.348887","33.245198","180.5","428347.92446208757","296.98111971623996","-6.5","-2.1886913236136465","-1.253827570648141","262.147376538588","181.18396603864431","-5.033363248586653","-1.6948428416580623","-0.9709804536423042","250"
"1595","58.348774","33.243899","180.5","428424.75451802963","76.83005594204036","0.0","0.0","0.0","260.5879282371511","180.60157031416892","-0.5823957244753899","-0.7580311081834198","-0.4343115138380366","250"
"1596","58.348357","33.24021","180.5","428644.9439537947","220.18943576506138","0.0","0.0","0.0","257.84499812923406","180.0777571604252","-0.5238131537437312","-0.23789204596656102","-0.1363018450139068","250"
"1597","58.347774","33.235912","177.0","428903.97735766304","259.0334038683052","-3.5","-1.3511770867125037","-0.7741203368725733","255.50869537491138","178.3319934207201","-1.7457637397050974","-0.6739531325437312","-0.38614085457696706","250"
"1598","58.347105","33.231685","184.5","429161.60291446355","257.62555680048985","7.5","2.9112018594522215","1.6675248238771643","253.2186339772109","183.5903513916135","5.2583579708934","2.0410855336707034","1.1692935080134135","250"
"1599","58.34673","33.229694","184.5","429285.0388485827","123.43593411918357","0.0","0.0","0.0","250.25721463161577","185.1511761648059","1.5608247731923939","1.2644816797719045","0.7244560254441812","250"
"1600","58.346309","33.227624","187.2","429414.5837444398","129.54489585711792","2.7","2.08421951489156","1.1939969482403834","248.81676678646048","187.28133250641824","2.1301563416123486","1.644338302577211","0.9420515489273904","250"
"1601","58.345891","33.22566","190.1","429538.25688929175","123.6731448519041","2.9","2.344890641757907","1.3432772071469286","247.92548193401737","188.97091318404674","1.6895806776284985","1.3661661791262238","0.7827068691328143","250"
"1602","58.345406","33.223557","188.4","429672.30339838815","134.0465090963849","-1.7","-1.2682165402588967","-0.7265955997629703","246.27759140520465","187.9056660656929","-1.065247118353824","-0.7946847146820271","-0.4553112174475117","250"
"1603","58.344864","33.221385","184.4","429812.65008340194","140.34668501377504","-4.0","-2.8500851299818013","-1.632536552041804","244.5701397900719","185.29065160310267","-2.6150144625902385","-1.8632534586289478","-1.0674420764261523","250"
"1604","58.344344","33.219476","184.4","429938.1639054069","125.51382200498081","0.0","0.0","0.0","242.56995382969149","183.92704144692422","-1.3636101561784528","-1.0864223034530334","-0.6224496388160653","250"
"1605","58.342748","33.214172","179.0","430294.9604976362","356.79659222929354","-5.4","-1.5134673698143724","-0.8670867267703337","240.1747300706769","179.47295855307578","-4.454082893848437","-1.248353541164441","-0.7152167412278426","250"
"1606","58.340141","33.206033","179.0","430851.4333367812","556.4728391450518","0.0","0.0","0.0","238.6085465246497","179.5122085954547","0.039250042378910166","0.007053361748834455","0.004041278589170501","250"
"1607","58.338498","33.200598","185.0","431217.49513595516","366.06179917392535","6.0","1.6390675054157307","0.9390324183204516","240.06327059977463","185.00973824995756","5.49752965450287","1.5018037027925037","0.8604054564672067","250"
"1608","58.338429","33.200309","185.0","431236.0259684757","18.530832520492318","0.0","0.0","0.0","245.5414018201589","185.34784762322903","0.3381093732714646","1.8245773518138833","1.0452898316333514","250"
"1609","58.337686","33.197274","189.5","431431.48869328573","195.46272481004453","4.5","2.302229238016205","1.3188472132762392","244.99746615386772","189.07132470977305","3.7234770865440225","1.9049550701611209","1.0913268607399018","250"
"1610","58.337224","33.195048","190.8","431571.20328508277","139.7145917970502","1.3","0.9304683092002185","0.5331036863717084","248.42751664158874","190.51021280473472","1.4388880949616691","1.0298767483440827","0.5900550502578092","250"
"1611","58.336881","33.193074","190.8","431692.5715041173","121.36821903453014","0.0","0.0","0.0","251.68532218306848","191.96560440438986","1.4553915996551439","1.199153791027513","0.6870315823699958","250"
"1612","58.336462","33.190341","197.0","431858.7592842489","166.1877801316224","6.2","3.730719548145801","2.1365539764713635","253.72007018172843","195.1720837163925","3.2064793120026422","1.9294314596795736","1.1053456460544648","250"
"1613","58.336133","33.187581","193.5","432023.96174113144","165.2024568825131","-3.5","-2.118612559430089","-1.2136940128891915","257.207282871142","194.16206642484664","-1.0100172915458643","-0.6113815197458943","-0.35029144309701943","250"
"1614","58.33591","33.185277","193.5","432160.71397273085","136.7522315994091","0.0","0.0","0.0","259.55407438380087","193.21377732664348","-0.948289098203162","-0.6934359221142389","-0.397303148928696","250"
"1615","58.335723","33.182494","192.0","432324.485065524","163.77109279316045","-1.5","-0.9159125547842984","-0.524764564157002","262.70683822691745","188.63726620322467","-4.576511123418811","-2.794455996699522","-1.600688774737071","250"
"1616","58.335597","33.179864","174.0","432478.6387268793","154.15366135530795","-18.0","-11.67666070448492","-6.660074250048847","264.78647557476455","178.79813892418147","-9.839127279043197","-6.382675048090519","-3.652049493148325","250"
"1617","58.335579","33.177069","180.0","432641.79819676507","163.15946988575723","6.0","3.677383852865632","2.106036744460606","269.2983124887664","179.6720441838503","0.8739052596688168","0.5356141818067424","0.30688138604073745","250"
"1618","58.335659","33.173813","185.0","432832.06236112805","190.26416436295514","5.0","2.627925241067367","1.5053437859927687","272.681168134439","184.20309512150288","4.531050937652594","2.3814526255238424","1.3642139882051243","250"
"1619","58.336809","33.15191","186.0","434116.92006605625","1284.8577049282037","1.0","0.07782963017339564","0.04459308429598302","275.7210895008011","185.2432476696372","1.04015254813433","0.08095468814521001","0.046383609492435446","250"
"1620","58.337949","33.131558","158.0","435311.5725487485","1194.6524826922619","-28.0","-2.343777827079835","-1.3426399615266096","276.09967810753193","158.2758348019719","-26.967412867665303","-2.2573437261764777","-1.2931430693495205","250"
"1621","58.338055","33.128046","155.0","435516.89639615663","205.3238474080934","-3.0","-1.4611064607791617","-0.8370927711932109","273.29238559071564","156.36056479102373","-1.915270010948177","-0.9328044623776525","-0.5344420873792503","250"
"1622","58.338081","33.125085","160.0","435689.74523963634","172.8488434797205","5.0","2.892700870507488","1.656933457404216","270.9596348121207","158.52495149827004","2.164386707246308","1.2521846624332462","0.7174114689487543","250"
"1623","58.337954","33.114775","149.0","436291.67546512943","601.9302254931024","-11.0","-1.827454335091543","-1.04693767218358","268.6600585625438","149.91837763804196","-8.606573860228082","-1.429829155559942","-0.8191759390051527","250"
"1624","58.337948","33.11371","149.0","436353.84009784134","62.16463271190643","0.0","0.0","0.0","269.3855250270095","150.5187094551921","0.6003318171501348","0.9657128031823036","0.5532954787340912","250"
"1625","58.337842","33.10826","163.0","436672.1600544782","318.31995663686894","14.0","4.3980905714846","2.5182973822725865","267.88029930795506","159.99887486630678","9.480165411114683","2.9781875793384223","1.705871561492885","250"
"1626","58.337813","33.10464","152.0","436883.4746096987","211.31455522045607","-11.0","-5.205509856395901","-2.9798478610057235","269.1271738185324","154.4554044545293","-5.543470411777491","-2.6233263515587977","-1.5027106316734575","250"
"1627","58.337712","33.098182","162.0","437260.5791739733","377.10456427460855","10.0","2.651784398111388","1.5190045559786591","268.29614733737606","162.87247156578303","8.417067111253743","2.2320247243479168","1.278643655649346","250"
"1628","58.33771","33.09472","173.0","437462.647864732","202.0686907587063","11.0","5.4436934087603355","3.115931105584972","269.93841548740835","171.9679070956707","9.09543552988768","4.501160222168558","2.577235244843477","250"
"1629","58.337953","33.089941","179.0","437742.89125044574","280.24338571373954","6.0","2.140996114758914","1.2265130305524818","275.5349527545492","178.7766636762619","6.808756580591194","2.429586897564155","1.3917769446780655","250"
"1630","58.338433","33.085224","183.0","438023.33325082617","280.4420003804147","4.0","1.4263198788248799","0.8171656815160081","280.973449798847","182.6210870588422","3.8444233825802883","1.3708443732983628","0.785386775055814","250"
"1631","58.33876","33.082902","183.3","438163.65231110936","140.31906028321256","0.3","0.21379846714658426","0.12249731169469331","285.01939717452564","183.72503951084613","1.1039524520039379","0.7867444734705169","0.4507620787781485","250"
"1632","58.339131","33.080728","185.4","438297.0767202142","133.42440910488483","2.1","1.5739249018140238","0.9017180873046073","288.0112947246207","185.15229690027238","1.427257389426245","1.06971235548383","0.6128766564930712","250"
"1633","58.339571","33.078466","186.5","438437.8722178988","140.7954976845365","1.1","0.7812749825741143","0.4476284839475049","290.33518218824366","186.25585156792403","1.1035546676516503","0.7837996852173869","0.4490749434312087","250"
"1634","58.340031","33.076269","186.5","438575.9236601426","138.05144224379242","0.0","0.0","0.0","291.7481414778374","186.7480644878745","0.4922129199504752","0.3565431204124982","0.20428329450672383","250"
"1635","58.341056","33.072419","188.5","438827.87427402544","251.9506138828829","2.0","0.7938063611663526","0.4548079896987422","296.89749597439186","188.7267797820568","1.978715294182308","0.7853583937295335","0.44996796265248934","250"
"1636","58.341561","33.070763","190.2","438939.65010170854","111.77582768312732","1.7","1.5209012854007404","0.8713450664467407","300.1580377964206","190.1634640402794","1.4366842582225843","1.2853264323798457","0.7363972479924141","250"
"1637","58.342213","33.068789","192.1","439075.76803601906","136.11793431050685","1.9","1.3958483939859057","0.7997102825297638","302.1835182297069","191.80182528853416","1.6383612482547676","1.2036336406027164","0.6895979766849754","250"
"1638","58.342915","33.066884","192.7","439211.61012606445","135.84209004537988","0.6","0.4416893172061486","0.25306769163325127","305.074538904738","192.60765566194058","0.8058303734064225","0.593211112356431","0.339880944223307","250"
"1639","58.343668","33.06503","192.9","439348.4207893844","136.81066331994043","0.2","0.14618743535530362","0.08375917097044971","307.735982984485","192.85429630231857","0.24664064037798994","0.18027881335624046","0.103292039508229","250"
"1640","58.344379","33.063387","192.9","439472.692930736","124.27214135162421","0.0","0.0","0.0","309.5084072614398","192.30646796047688","-0.5478283418416936","-0.44082956637210435","-0.2525751002822595","250"
"1641","58.345313","33.061469","190.0","439625.38095845166","152.6880277156743","-2.9","-1.8992975699445087","-1.0880865242718298","312.8589681821287","190.46552601778507","-1.8409419426918134","-1.205688468332236","-0.6907751354199657","250"
"1642","58.346906","33.05859","189.0","439869.5130524643","244.13209401261554","-1.0","-0.40961431312194657","-0.23469040113067005","316.51711528555836","189.250624486804","-1.2149015309810522","-0.497641056123605","-0.2851249686241993","250"
"1643","58.34871","33.055896","190.0","440124.36541302997","254.85236056568215","1.0","0.3923840445426338","0.22481834320340574","321.91706324502195","189.48524805259706","0.23462356579304355","0.09206254369088918","0.052747937145077924","250"
"1644","58.349891","33.054348","188.0","440283.75054507295","159.38513204300426","-2.0","-1.2548221872165422","-0.7189224219214728","325.4803092767099","187.99101467126607","-1.4942333813309858","-0.9374985998868586","-0.5371313948738766","250"
"1645","58.351065","33.05289","186.0","440439.5653301427","155.8147850697506","-2.0","-1.2835752390921686","-0.7353940536558855","326.9100906858788","186.7954841825962","-1.195530488669874","-0.7672766664182055","-0.43960852039962683","250"
"1646","58.353483","33.050013","190.0","440756.52903457254","316.963704429839","4.0","1.2619741453348055","0.723019543267852","328.0248505814048","189.02752199214697","2.232037809550775","0.7041935017657026","0.4034664870591123","250"
"1647","58.355526","33.047503","185.0","441026.8058090453","270.27677447276477","-5.0","-1.8499554798053282","-1.059825521222347","327.19555824235215","184.11668522036075","-4.910836771786222","-1.816965879279086","-1.040930224415246","250"
"1648","58.357568","33.044754","172.0","441304.7877506159","277.98194157057304","-13.0","-4.676562774743987","-2.6775222981662057","324.7685833068376","173.4614258670807","-10.655259353280059","-3.833076095907093","-2.1951161932289565","250"
"1649","58.358951","33.042633","172.0","441502.16348934016","197.37573872423306","0.0","0.0","0.0","321.18255602938876","170.20958840596677","-3.2518374611139222","-1.6475365625647047","-0.9438835206166357","250"
"1650","58.359255","33.042107","167.0","441547.8153795726","45.65189023245759","-5.0","-10.95244901041381","-6.250378109946807","317.7706631712367","169.67152017718553","-0.5380682287812419","-1.178632967970045","-0.675275678536712","250"
"1651","58.360848","33.039112","172.0","441796.6056302238","248.79025065120814","5.0","2.009725054302774","1.1513326450723023","315.39754394942963","172.33638051843644","2.6648603412509146","1.0711273188059607","0.6136872778774097","250"
"1652","58.362745","33.034895","182.0","442120.6347153564","324.0290851326129","10.0","3.086142713363949","1.7676684748380291","310.61746846095076","182.2971559945941","9.960775476157664","3.0740374655198295","1.7607392524542453","250"
"1653","58.364396","33.030359","195.0","442442.65267640114","322.0179610447145","13.0","4.037041895993763","2.3117992680107893","304.7592684277098","193.0768223284483","10.77966633385418","3.3475357395848317","1.9172807423778109","250"
"1654","58.366874","33.021866","183.0","443009.45863399433","566.8059575932077","-12.0","-2.117126653176837","-1.2128430330146749","299.09015224875117","184.58845650887488","-8.488365819573403","-1.4975787932111746","-0.857985305898954","250"
"1655","58.36808","33.017853","191.0","443279.1881534974","269.729519503074","8.0","2.965934175368902","1.6988570741793634","299.8146142472497","190.25519476670027","5.666738257825386","2.100896582719343","1.2035480220067345","250"
"1656","58.368653","33.01611","191.7","443399.1530131259","119.96485962847115","0.7","0.5835042046211586","0.3343194882921248","302.0813635480996","191.51644691830873","1.2612521516084598","1.0513513336443134","0.60235774902385","250"
"1657","58.369383","33.014145","191.7","443539.5808582916","140.42784516571638","0.0","0.0","0.0","305.3133894449239","192.30287454473972","0.7864276264309922","0.5600225692439723","0.3208659421365678","250"
"1658","58.370323","33.011823","195.0","443710.6363471974","171.05548890582227","3.3","1.9291985431796785","1.1052122443857566","307.6664178031651","194.58459441781045","2.2817198730707275","1.3339062591127784","0.764226664848921","250"
"1659","58.371289","33.009637","196.0","443877.3306072664","166.69426006897356","1.0","0.5999006801951232","0.34371364786326325","310.12013663171325","195.97991913998126","1.3953247221708125","0.8370562499233417","0.4795867026079215","250"
"1660","58.372473","33.007367","197.0","444064.0224900105","186.6918827440732","1.0","0.5356419279197324","0.3068972829363818","314.84660951016843","196.83261189752818","0.8526927575469188","0.45673799257562453","0.26168977348881867","250"
"1661","58.373663","33.005276","197.0","444243.9522697343","179.92977972381044","0.0","0.0","0.0","317.3427556442696","197.1326857575178","0.30007385998962377","0.16677276015689715","0.09555366435915187","250"
"1662","58.376912","33.000092","199.0","444714.9900147147","471.0377449804167","2.0","0.4245944239740596","0.24327322307871332","320.0849676603177","198.60163219577075","1.4689464382529422","0.31185323339937726","0.17867816178485862","250"
"1663","58.38018","32.994966","195.0","445185.47720610537","470.4871913906517","-4.0","-0.8501825497474059","-0.48710698318892365","320.56847951379393","195.35668263560532","-3.2449495601654235","-0.6896998727157908","-0.39516265267580186","250"
"1664","58.384894","32.987353","197.0","445872.2859485735","686.8087424681057","2.0","0.2912018843576204","0.16684591799088871","319.7505139698718","196.29643299955129","0.9397503639459615","0.13682853840341178","0.07839692874957856","250"
"1665","58.387741","32.982934","189.0","446280.4049627088","408.1190141353117","-8.0","-1.9602125171623597","-1.1229752246496856","320.86919250650055","189.6125664116144","-6.683866587936876","-1.637724868589642","-0.9382633505290281","250"
"1666","58.388689","32.981338","189.0","446420.9925950651","140.58763235625466","0.0","0.0","0.0","318.57393867210703","189.0","-0.6125664116144094","-0.43571856311097246","-0.24964676737212776","250"
"1667","58.39129","32.977308","189.0","446793.56839102553","372.5757959604292","0.0","0.0","0.0","320.9217872127617","189.42383493995666","0.423834939956663","0.11375804455147107","0.0651785302690023","250"
"1668","58.39433","32.972411","195.0","447235.9575909966","442.38919997103955","6.0","1.3562718078092282","0.7770388621981679","319.82976949066443","195.10619679647684","5.682361856520174","1.2844711979614698","0.7359073156518575","250"
"1669","58.399637","32.964017","208.0","448002.42112908594","766.4635380893872","13.0","1.6961015565601378","0.9717014369015654","320.34989138481194","206.87326659166814","11.767069795191304","1.5352419535212118","0.8795597458896728","250"
"1670","58.399748","32.963842","208.0","448018.43074341","16.00961432405193","0.0","0.0","0.0","320.4395839202777","206.8121677094698","-0.06109888219833692","-0.38163868886301305","-0.2186618001225837","250"
"1671","58.402226","32.95991","199.0","448376.7677234171","358.336980007044","-9.0","-2.5116023469927895","-1.438739667838889","320.2609144789196","200.53586531960966","-6.276302389860149","-1.751508423645467","-1.003437802018487","250"
"1672","58.405048","32.955219","209.0","448792.8853444209","416.1176210038296","10.0","2.403166675776984","1.37664810628613","318.9484160221718","208.1735754992366","7.637710179626936","1.8354690582922093","1.051528230525838","250"
"1673","58.407738","32.950299","208.0","449207.1497494402","414.2644050193019","-1.0","-0.2413917266083739","-0.13830700280263028","316.22511884141693","207.77608531177043","-0.39749018746616116","-0.09595084266234287","-0.05497576638150054","250"
"1674","58.410385","32.945214","204.0","449624.7217081985","417.5719587582872","-4.0","-0.9579187290005294","-0.5488302162548492","314.82109807741085","204.74996108341216","-3.0261242283582703","-0.7246952686566656","-0.415212534617689","250"
"1675","58.413068","32.940234","210.0","450040.8229574677","416.101249269233","6.0","1.4419567378221874","0.8261230994323032","315.80784924590876","209.84011844485997","5.090157361447808","1.2232977839858123","0.7008630421048163","250"
"1676","58.417879","32.931149","217.0","450793.2394818901","752.4165244224166","7.0","0.9303357612159654","0.5330277485444441","315.3192726492887","216.25400492984056","6.413886484980594","0.8524382807653162","0.4883993281992536","250"
"1677","58.422505","32.921657","206.0","451548.2939901733","755.0545082832217","-11.0","-1.4568484631673624","-0.8346536374679709","312.94622623670125","206.2176857828498","-10.036319146990763","-1.3292178295591515","-0.7615408687968178","250"
"1678","58.426411","32.913175","201.0","452205.9689612952","657.674971121912","-5.0","-0.7602539581931512","-0.43558503968550477","311.3339333549837","200.86701074689626","-5.350675035953543","-0.8135743750177925","-0.4661334957572498","250"
"1679","58.426865","32.912106","200.0","452286.1065815233","80.1376202280858","-1.0","-1.2478533766710613","-0.7149302127168433","309.04677178212177","199.85127147704364","-1.0157392698526166","-1.267493677702986","-0.7261814965920413","250"
"1680","58.426974","32.911854","200.0","452305.1369011466","19.03031962327711","0.0","0.0","0.0","309.56058075920504","199.55152795135976","-0.29974352568387985","-1.5750840323104496","-0.9023820555561008","250"
"1681","58.430231","32.904461","187.0","452867.6372236894","562.5003225428097","-13.0","-2.3111097858989442","-1.3239326865672523","310.0821962506941","187.55456815356015","-11.996959797799605","-2.1327916299792986","-1.2218143526101555","250"
"1745","58.54195","32.582078","105.0","475785.8799543668","354.4928042047417","-1.0","-0.2820931731585834","-0.16162705379115339","294.24483874702764","104.76454514157773","-2.207742175579071","-0.6227889958251345","-0.35682719655459105","250"
"1746","58.546553","32.566037","94.0","476848.1187255862","1062.2387712193677","-11.0","-1.0355487201218285","-0.593304504147935","298.81259830137907","93.56989581346512","-11.194649328112604","-1.053873162176336","-0.6038024902629269","250"
"1747","58.547545","32.562194","88.0","477096.88710268174","248.76837709549153","-6.0","-2.41188211703325","-1.381638793599696","296.3230723237598","88.75371316158771","-4.816182651877412","-1.9360108017381508","-1.1091139237658119","250"
"1748","58.548038","32.560094","88.0","477230.4936162855","133.6065136037738","0.0","0.0","0.0","294.22477590382056","85.69774859279394","-3.055964568793769","-2.2872871137530013","-1.3102905126056243","250"
"1749","58.548674","32.557565","76.0","477393.3776518121","162.88403552661381","-12.0","-7.367204503009324","-4.213485254528059","295.73384713697135","79.34572192347049","-6.35202666932345","-3.8997232901229197","-2.2332452220128207","250"
"1750","58.549805","32.553456","85.0","477662.91090226284","269.5332504507169","9.0","3.339105652067078","1.912456050964047","297.81495337466976","87.17066051357985","7.824938590109355","2.9031440748124377","1.6629119519988131","250"
"1751","58.550501","32.55113","101.0","477818.4739441421","155.56304187925906","16.0","10.285219295479237","5.8723476414626985","299.83537526465335","97.94393639618158","10.773275882601737","6.925344061453532","3.9616046068872146","250"
"1752","58.551486","32.548293","102.0","478016.1743862219","197.70044207978285","1.0","0.5058157632224443","0.2898086128747515","303.6434610752327","101.55501130992174","3.611074913740154","1.8265386135468982","1.0464131774583494","250"
"1753","58.553163","32.543668","99.0","478342.91907801246","326.7446917905433","-3.0","-0.9181480450562676","-0.5260452980315926","304.8012298318995","98.92540439909696","-2.6296069108247764","-0.8047894814800731","-0.46110045207997025","250"
"1754","58.559276","32.526407","85.0","479553.09775137814","1210.178673365673","-14.0","-1.1568539677751946","-0.6627989320143133","304.17955898904125","84.88950386303664","-14.035900536060325","-1.1598205161742408","-0.6644984110172812","250"
"1755","58.561539","32.519697","78.0","480016.53837508016","463.4406237020141","-7.0","-1.5104416061076473","-0.8653534880879412","302.8889281604603","77.89683230298758","-6.992671560049061","-1.5088602945919676","-0.8644476697686821","250"
"1756","58.562865","32.515763","73.0","480288.1921358793","271.6537607991777","-5.0","-1.8405782365355479","-1.0544545854069156","302.87387303485866","73.66812430870533","-4.228707994282246","-1.556653580587958","-0.8918247731914682","250"
"1757","58.56296","32.515481","73.0","480307.66165169457","19.469515815283447","0.0","0.0","0.0","302.85873299662256","73.54036056488752","-0.12776374381780897","-0.6562245565321929","-0.3759835780813755","250"
"1758","58.565167","32.508382","75.0","480786.9493880386","479.28773634401483","2.0","0.41728586991520156","0.23908580425854778","300.8018700578163","72.86425197297335","-0.676108591914172","-0.14106528096702364","-0.08082439874046671","250"
"1759","58.566003","32.505584","63.0","480973.9495186771","187.00013063850207","-12.0","-6.417107816463354","-3.6716975403336467","299.8099828321316","62.18835276967287","-10.675899203300482","-5.709033018772868","-3.2674881365644146","250"
"1760","58.56674","32.502655","46.0","481162.5371084314","188.58758975431354","-17.0","-9.014378953645418","-5.1509367905633","295.75792518991807","46.79999434101582","-15.38835842865705","-8.159793785319891","-4.664882497939329","250"
"1761","58.567558","32.499556","33.0","481363.95018968766","201.41308125626696","-13.0","-6.454397062452718","-3.6929745770894247","296.8475244908411","36.3873295917511","-10.41266474926472","-5.169805597689167","-2.959445733656914","250"
"1762","58.568785","32.495017","46.0","481660.4115157124","296.4613260247248","13.0","4.3850576310637575","2.510844431179612","297.4030085703551","47.465335877895356","11.078006286144259","3.736745846309935","2.1400019841944844","250"
"1763","58.569302","32.493178","57.0","481781.55500018","121.1434844675981","11.0","9.080141658746937","5.188310132067264","298.3304179041097","55.02852930402756","7.563193426132202","6.243169791071272","3.5724361642998432","250"
"1764","58.570131","32.489793","63.0","481998.3989778246","216.84397764462403","6.0","2.766966399146733","1.5849505649751199","295.15853859047604","62.69376766604185","7.665238362014293","3.5349094981906815","2.0245109845562146","250"
"1765","58.57216","32.480961","73.0","482557.98888734396","559.5899095193695","10.0","1.787022930522278","1.023779747718873","293.78082298484856","72.44155533415079","9.747787668108941","1.7419520084772961","0.997964049536792","250"
"1766","58.572724","32.478371","73.0","482720.7249695085","162.7360821644971","0.0","0.0","0.0","292.6679779852478","72.50819345903396","0.06663812488316978","0.04094858619971602","0.023461810351365412","250"
"1767","58.573544","32.474279","69.0","482974.88995021774","254.16498070924132","-4.0","-1.5737809311251674","-0.9016356186037611","291.024779292471","69.49180654096604","-3.016386918067923","-1.1867830531376773","-0.6799446802627652","250"
"1768","58.574032","32.471988","69.0","483118.37211363623","143.48216341847404","0.0","0.0","0.0","292.22245140311566","69.16931726324559","-0.3224892777204502","-0.22475914081382475","-0.12877728490981993","250"
"1769","58.57567","32.462969","72.0","483672.0663926709","553.6942790346926","3.0","0.54181524238072","0.31043422892522654","289.20888415822276","71.92799088406562","2.7586736208200335","0.4982304721713017","0.28546267077031345","250"
"1770","58.577386","32.45239","74.0","484314.3558796735","642.289487002578","2.0","0.3113860713077455","0.17841050022204505","287.2867625902516","74.00549528253079","2.077504398465166","0.3234529663813145","0.18532425214947132","250"
"1771","58.577423","32.452117","74.0","484330.7080306148","16.352150941322606","0.0","0.0","0.0","284.57238943504757","74.06256296485662","0.0570676823258367","0.3489919003965659","0.19995681797870424","250"
"1772","58.57797","32.448297","75.0","484560.3570827724","229.6490521575966","1.0","0.4354470399963812","0.2494911990386996","285.35996931593525","74.71139495944976","0.648831994593138","0.28253197150052994","0.16187846471790687","250"
"1773","58.587163","32.379838","55.0","488657.9696753441","4097.612592571708","-20.0","-0.4880890896386028","-0.279652227913567","284.47514335812815","55.168293223321434","-19.543101736128328","-0.4769387367550737","-0.27326369505472325","250"
"1774","58.587216","32.379438","55.0","488681.8890235326","23.919348188512785","0.0","0.0","0.0","284.2637958470351","55.123848550617694","-0.044444672703740196","-0.18581055116328235","-0.10646148118525825","250"
"1775","58.59015","32.357792","56.0","489978.0577584177","1296.1687348850344","1.0","0.07715044909555673","0.0442039424367996","284.587400616029","55.7158346414566","0.5919860908389083","0.04567199276654481","0.026168122455253996","250"
"1776","58.592587","32.34405","49.0","490819.22324544727","841.165487029586","-7.0","-0.832178698239172","-0.47679226600651003","288.7989300655596","49.410495368361474","-6.305339273095129","-0.7495955754629473","-0.42947858423638585","250"
"1777","58.594813","32.33418","52.0","491442.39724100055","623.1739955533088","3.0","0.48140648059878294","0.27582346494224647","293.40701809203705","52.02164130926132","2.6111459408998456","0.41900752591279744","0.24007222323567326","250"
"1778","58.59553","32.331364","53.0","491623.9979410238","181.60070002324852","1.0","0.550658670298066","0.3155009887034959","296.0427589568839","52.67700234889984","0.655361039638521","0.3608802386525061","0.20676824823544016","250"
"1779","58.595596","32.331105","53.0","491640.703064581","16.705123557208346","0.0","0.0","0.0","296.06053826250377","52.669772439241406","-0.007229909658434508","-0.043279594033979865","-0.024797379223581384","250"
"1780","58.598152","32.321562","49.0","492262.38489027135","621.6818256903646","-4.0","-0.6434159460199893","-0.36864509473310947","297.20875122325816","49.20106748312712","-3.468704956114287","-0.5579550202006249","-0.31968136080984055","250"
"1781","58.598972","32.318908","49.0","492441.1491384142","178.7642481428114","0.0","0.0","0.0","300.66876280005545","49.23537479883432","0.03430731570720269","0.019191374149821736","0.010995847283416947","250"
"1782","58.600878","32.313087","52.0","492839.45006303274","398.30092461853604","3.0","0.7531993562086716","0.43154328193391717","302.15026066003503","51.28706847238541","2.0516936735510853","0.5151114513520273","0.2951345110672893","250"
"1783","58.602825","32.307433","46.0","493232.0735749761","392.6235119433949","-6.0","-1.5281815320487044","-0.8755153712390326","303.4662625414041","46.69300922822952","-4.594059244155886","-1.1700927490094426","-0.6703831682539353","250"
"1784","58.608292","32.293394","53.0","494247.3785748888","1015.3049999126896","7.0","0.6894479984440104","0.3950183462103412","306.7856866160321","52.5753851801157","5.882375951886182","0.5793703323033013","0.33195103399403814","250"
"1785","58.609875","32.289225","51.0","494546.18956479564","298.81098990684245","-2.0","-0.6693194251735927","-0.38348605557609877","306.09310970154155","51.44170833826065","-1.1336768418550491","-0.3793959660615177","-0.21737683321668058","250"
"1786","58.611219","32.285368","53.0","494814.9535736366","268.7640088409314","2.0","0.7441472571514234","0.4263571019117794","303.7847028256364","51.79948557960987","0.3577772413492184","0.13311947641061184","0.076271796639986","250"
"1787","58.611983","32.282998","48.0","494976.37413198664","161.42055835007216","-5.0","-3.0974988880638854","-1.774168869689502","301.7557267532046","47.188410082578656","-4.611075497031216","-2.8565602449665635","-1.6362435016507784","250"
"1788","58.612937","32.279854","36.0","495187.10057786974","210.7264458830771","-12.0","-5.6945866237682745","-3.2592377843682394","300.2266704092161","38.11105505675077","-9.077355025827885","-4.307648709106266","-2.4665760146430435","250"
"1789","58.613385","32.278405","37.0","495284.6874206188","97.58684274901704","1.0","1.0247283054047496","0.5871055210222933","300.69592385166453","37.33529980927706","-0.775755247473711","-0.794938360152578","-0.4554565364168954","250"
"1790","58.614782","32.273219","43.0","495622.8063363834","338.11891576462233","6.0","1.774523612922275","1.016620436602856","297.35207939783726","43.47015714710951","6.13485733783245","1.8144082013155283","1.0394652658444092","250"
"1791","58.6161","32.268008","54.0","495958.27175745065","335.46542106728884","11.0","3.279026483565226","1.8780708755616236","295.9066330023362","52.87068286621571","9.400525719106199","2.8022338902168427","1.6051416924936435","250"
"1792","58.61714","32.263252","53.0","496256.96793849434","298.6961810436734","-1.0","-0.3347883446336351","-0.1918188751229213","292.7798627546574","53.10462135767937","0.23393849146366108","0.07831988030320887","0.044873976758200144","250"
"1793","58.617982","32.258899","53.0","496525.85362007073","268.88568157635854","0.0","0.0","0.0","290.37917645407674","52.69267188346386","-0.4119494742155112","-0.1532061773614841","-0.08778060490156696","250"
"1794","58.618595","32.25559","51.0","496729.21932805696","203.3657079862214","-2.0","-0.983449972861455","-0.5634571631728745","289.5844378206562","51.54125949901342","-1.1514123844504383","-0.5661782391200633","-0.3243927693458471","250"
"1795","58.618664","32.255184","51.0","496753.94823443616","24.728906379186892","0.0","0.0","0.0","288.0752440086571","51.561301892220975","0.020042393207553744","0.08104844144835473","0.04643732614304662","250"
"1796","58.619566","32.249504","55.0","497097.78554637555","343.83731193938803","4.0","1.1633408769508773","0.6665151570522853","286.9622922902364","54.636455976009366","3.075154083788391","0.8943631121483645","0.5124186545346703","250"
"1797","58.619833","32.247304","55.0","497228.58198035165","130.7964339761177","0.0","0.0","0.0","283.1206858941284","54.91685240679979","0.2803964307904252","0.21437620450846784","0.12282832930255608","250"
"1798","58.620694","32.241027","54.0","497604.41967805737","375.83769770571155","-1.0","-0.2660722982565256","-0.15244783760634398","284.76055448228055","53.966819439172745","-0.9500329676270454","-0.25277745511599536","-0.14483050487076934","250"
"1799","58.621818","32.232002","52.0","498141.692881475","537.273203417659","-2.0","-0.37225009311422214","-0.21328260743830774","283.45552837721687","52.16823733842373","-1.798582100749016","-0.33476117723869725","-0.19180330952666835","250"
"1800","58.623151","32.221924","53.0","498743.7058083748","602.0129268997783","1.0","0.16610938990126994","0.09517358225306118","284.25779558721695","52.999371957302095","0.8311346188783659","0.13805926446770989","0.07910208150968813","250"
"1801","58.624591","32.211768","54.0","499353.09161790105","609.3858095262491","1.0","0.16409965318644745","0.09402209107508949","285.23810273556865","54.01243434607983","1.0130623887777332","0.16624318665466","0.09525024193418687","250"
"1802","58.62598","32.203727","55.0","499843.55321768357","490.4615997824984","1.0","0.20388956045559184","0.11681995113178532","288.3586537381284","54.88215820735693","0.8697238612771017","0.1773276157935284","0.1016011332657517","250"
"1803","58.627812","32.194395","54.0","500420.9065024264","577.3532847428459","-1.0","-0.17320417609564684","-0.0992385836057451","290.6646861446317","52.9944409647584","-1.8877172425985336","-0.3269605097058253","-0.1873339051848284","250"
"1804","58.627905","32.193899","54.0","500451.42422143545","30.517719009040665","0.0","0.0","0.0","289.8074628807826","52.176127264022824","-0.8183137007355725","-2.681437955743523","-1.535982719994671","250"
"1805","58.628382","32.191445","45.0","500603.05812583596","151.6339044005208","-9.0","-5.9353480579301685","-3.3967189825281285","290.4755307746561","47.58516275548935","-4.5909645085334745","-3.027663586638943","-1.7341936853210875","250"
"1806","58.629178","32.187282","51.0","500859.7785576241","256.72043178810355","6.0","2.3371727595692056","1.338857608517037","290.1699569041017","50.439029418349264","2.8538666628599145","1.1116632373131443","0.6369098819053134","250"
"1807","58.630915","32.178322","54.0","501413.2157827868","553.4372251627166","3.0","0.5420668982137888","0.3105784128617894","290.429575056216","53.88646729063988","3.447437872290614","0.6229139847391055","0.35689880714906586","250"
"1808","58.632583","32.169204","55.0","501972.6180735352","559.402290748411","1.0","0.17876222828156885","0.1024231030681086","289.36716076107155","54.987655721962454","1.1011884313225764","0.1968508977411091","0.11278711065503089","250"
"1809","58.634484","32.157347","56.0","502690.69658226817","718.0785087329582","1.0","0.13926053876260538","0.07979035965770784","287.12491557523333","55.63114713346958","0.643491411507128","0.08961296065559206","0.051344430608357416","250"
"1810","58.636493","32.142917","47.0","503555.1928993621","864.4963170939341","-9.0","-1.0410686340751736","-0.5964668409483947","284.98165323753153","47.36108054739237","-8.270066586077213","-0.9566341027197931","-0.5480942470560898","250"
"1811","58.636528","32.142662","47.0","503570.4551125722","15.262213210069513","0.0","0.0","0.0","284.7735520749116","47.29712016135454","-0.06396038603782728","-0.41907674304817266","-0.24011188103656675","250"
"1812","58.638074","32.131405","48.0","504244.2188896151","673.7637770429036","1.0","0.14841997062960577","0.08503831668317342","284.7869951875222","48.074366169154644","0.7772460078001018","0.11535882964966944","0.0660957113656497","250"
"1813","58.640473","32.11412","52.0","505279.43778213585","1035.21889252078","4.0","0.3863917118301343","0.22138504152251148","284.939928425973","52.30848418688774","4.2341180177330955","0.40900702724067645","0.23434245778040125","250"
"1814","58.641555","32.106863","58.0","505716.2648969099","436.82711477402154","6.0","1.3735411097600723","0.7869316003557189","285.9904371461397","57.32132607853413","5.012841891646389","1.14755740248396","0.6574730995123662","250"
"1815","58.642337","32.102802","56.0","505966.8238190054","250.5589220955175","-2.0","-0.7982154390166017","-0.4573340451626726","290.308251185891","54.74195818996429","-2.579367888569834","-1.0294456357800477","-0.5898080671388707","250"
"1816","58.643214","32.098847","44.0","506215.5826559009","248.75883689554567","-12.0","-4.823949231214176","-2.761778378908531","293.0818482784155","45.579938829183575","-9.162019360780718","-3.6830930209839616","-2.109303432384091","250"
"1817","58.646383","32.085239","46.0","507078.190668752","862.6080128511073","2.0","0.23185502223536789","0.13284290429022652","294.1165856918365","45.9275453055501","0.3476064763665221","0.04029715365355893","0.02308856705763737","250"
"1818","58.647431","32.080312","46.0","507386.1468157003","307.9561469482906","0.0","0.0","0.0","292.23708333843115","45.847013909816745","-0.08053139573335244","-0.02615028033419141","-0.014983006620800019","250"
"1819","58.648043","32.076983","45.0","507590.41375242174","204.26693672144114","-1.0","-0.48955548854374814","-0.2804923925215256","289.46145914652027","44.85021737670898","-0.9967965331077622","-0.4879872137442849","-0.2795938587160264","250"
"1820","58.648611","32.073586","43.0","507796.84195066086","206.42819823913408","-2.0","-0.968859883029704","-0.5550984539703173","287.81738954104026","42.91052150291205","-1.9396958737969356","-0.9396467587000493","-0.5383620907967238","250"
"1821","58.648994","32.070932","41.0","507956.1802412183","159.33829055746028","-2.0","-1.2551910736602032","-0.7191337450006213","285.503525091925","42.37201596987247","-0.5385055330395758","-0.33796366909395265","-0.19363818143914102","250"
"1822","58.649312","32.068244","46.0","508115.6566467453","159.47640552694983","5.0","3.135260030145997","1.7957834184799113","282.81156625235144","44.50401841711998","2.1320024472475083","1.3368764114057126","0.7659281333399836","250"
"1823","58.649865","32.063121","41.0","508418.3418821337","302.68523538837877","-5.0","-1.6518810352888356","-0.9463720428682025","281.7234829791449","42.12843321764469","-2.375585199475289","-0.784836827745215","-0.4496691457745224","250"
"1824","58.649969","32.062182","42.0","508473.88125493104","55.53937279738557","1.0","1.8005244741385944","1.0315130740746858","282.0183345956139","42.49363009375334","0.3651968761086479","0.6575459133125807","0.3767406270823076","250"
"1825","58.650426","32.057787","48.0","508733.16279477056","259.28153983949494","6.0","2.314086843095049","1.325637502939472","281.30434055633253","47.276847861528395","4.7832177677750565","1.8447968840111213","1.0568708719131306","250"
"1826","58.650833","32.054076","48.0","508952.5618202955","219.39902552495502","0.0","0.0","0.0","281.9056947467791","47.781523910224436","0.5046760486960409","0.2300265680253159","0.1317952827849146","250"
"1827","58.650863","32.053788","47.0","508969.5531398163","16.991319520776596","-1.0","-5.885358101689648","-3.3681765532028263","281.3223684613048","47.79756834554672","0.01604443532228572","0.09442724741104982","0.054102811396645294","250"
"1828","58.651871","32.044206","53.0","509535.07702220406","565.5238823877967","6.0","1.060963150604066","0.6078643002338406","281.4355845556768","52.77270711117983","4.975138765633105","0.8797398165797538","0.5040407825845413","250"
"1829","58.653178","32.034152","55.0","510134.5508525458","599.4738303417489","2.0","0.3336259063819078","0.19115285450432093","284.03444922590097","54.89574190425873","2.123034793078901","0.3541497035606372","0.2029119849801905","250"
"1830","58.656435","32.015151","55.0","511291.75553033606","1157.2046777902228","0.0","0.0","0.0","288.2460060418518","55.268949863672255","0.37320795941352713","0.03225081669443286","0.018478356183756657","250"
"1831","58.65648","32.014884","56.0","511307.9892605847","16.233730248627246","1.0","6.160013654807168","3.524973749719419","287.9529159483725","55.27018278545141","0.0012329217791560154","0.007594814994910203","0.004351508445543588","250"
"1832","58.660228","31.9934","45.0","512618.58813542733","1310.5988748426591","-11.0","-0.8393109601380193","-0.4808784656480883","288.5506704320228","45.60482188242674","-9.66536090302467","-0.7374766672361917","-0.4225353451620569","250"
"1833","58.660362","31.992588","46.0","512667.85631745966","49.268182032362766","1.0","2.0297075287720796","1.1627770910673807","287.6039165711462","45.534274156808856","-0.07054772561788525","-0.1431912498243686","-0.08204248670885023","250"
"1834","58.664253","31.970245","39.0","514030.4760712539","1362.6197537942037","-7.0","-0.5137163159794621","-0.29433517853239716","288.5225983544299","39.823941318035125","-5.710332838773731","-0.4190701641359121","-0.24010811166370227","250"
"1835","58.664388","31.969484","40.0","514076.9723839998","46.49631274590884","1.0","2.150708176505865","1.2320750708904393","288.83569530213913","40.30637216645479","0.48243084841966777","1.037567970294841","0.5944613249798577","250"
"1836","58.666127","31.959207","53.0","514701.91409554647","624.9417115466853","13.0","2.08019400206556","1.1916914988348208","288.0285518217003","51.85965312039852","11.553280953943727","1.8486973649670777","1.0591049209644916","250"
"1837","58.667101","31.952864","47.0","515084.34374455723","382.4296490107954","-6.0","-1.568916012531923","-0.898848913648992","286.4539821639217","47.490286253929135","-4.3693668664693845","-1.1425282735717084","-0.6545919986477707","250"
"1838","58.668085","31.945024","47.0","515550.6835347893","466.33979023204694","0.0","0.0","0.0","283.5729917217131","47.148807267785074","-0.341478986144061","-0.0732253591258305","-0.04195503281370218","250"
"1839","58.668823","31.9379","49.0","515970.6899022327","420.0063674434157","2.0","0.47618325697632313","0.2728308468568585","281.2701220311786","48.909616225719454","1.7608089579343797","0.41923387225113923","0.24020190785655735","250"
"1840","58.671539","31.910642","52.0","517575.35258744156","1604.6626852088464","3.0","0.18695517928177852","0.10711730251003974","280.85970080724564","51.96249616599083","3.0528799402713744","0.19025057218639335","0.1090054168463668","250"
"1841","58.67157","31.910332","52.0","517593.60375153134","18.251164089761733","0.0","0.0","0.0","280.8868189984581","51.98607631057501","0.02358014458418012","0.1291980307020951","0.07402497761851402","250"
"1842","58.677106","31.854809","55.0","520861.91143147723","3268.3076799458745","3.0","0.09179062358197812","0.052592138530682175","280.8800464410997","54.97131543010473","2.985239119529723","0.0913389867743162","0.05233336991811926","250"
"1843","58.678594","31.841691","55.0","521638.0351501859","776.1237187086755","0.0","0.0","0.0","282.31469602149815","53.92350704467297","-1.0478083854317646","-0.13500532971407206","-0.07735230904866917","250"
"1844","58.679222","31.836558","44.5","521942.844390581","304.8092403950683","-10.5","-3.444777457005823","-1.972931950587261","283.2460348002175","45.657210488975046","-8.26629655569792","-2.7119573359993407","-1.5534563295593253","250"
"1845","58.679386","31.835345","45.0","522015.2912574843","72.44686690326758","0.5","0.6901609708914113","0.3954268298949028","284.5795629586732","44.64693171703816","-1.010278771936889","-1.394509956221892","-0.7989435634233718","250"
"1846","58.679507","31.834386","44.0","522072.33292014524","57.04166266092834","-1.0","-1.7531045789185369","-1.0043520508971562","283.6435155048587","44.39025203627348","-0.25667968076467673","-0.44998632366390307","-0.25782143166600746","250"
"1847","58.685176","31.788002","50.0","524826.313797394","2753.980877248845","6.0","0.2178664365307374","0.12482807560582757","283.2516751941898","49.738632797837255","5.348380761563774","0.1942054429552418","0.11127138250871099","250"
"1848","58.685496","31.785273","49.0","524987.9930340461","161.6792366520574","-1.0","-0.6185086104482637","-0.3543748108542312","282.71491907836344","49.07975382876396","-0.6588789690732924","-0.40752231561510655","-0.23349179485987837","250"
"1849","58.68602","31.780618","48.0","525263.2504035216","275.25736947546534","-1.0","-0.3632963585700231","-0.20815256482659594","282.22275623594476","47.55821948385238","-1.5215343449115792","-0.5527678869456024","-0.3167094440394018","250"
"1850","58.686814","31.773975","41.0","525657.1740723291","393.92366880745425","-7.0","-1.7769940103349124","-1.0180354238667528","282.9543801649249","40.43515363186598","-7.123065851986404","-1.8082350506001414","-1.035929471076599","250"
"1851","58.687022","31.772096","37.0","525768.1966755971","111.02260326807917","-4.0","-3.602869940224205","-2.063399915361311","282.02490435977455","37.469032639086244","-2.966120992779736","-2.6716370409885215","-1.5303712294801637","250"
"1852","58.68721","31.770515","35.0","525861.9226424509","93.72596685373506","-2.0","-2.133880361160871","-1.2224378658589174","282.88834741242545","35.302038595438006","-2.1669940436482378","-2.312053016246779","-1.3244728291274055","250"
"1853","58.687569","31.767855","33.0","526020.7397754365","158.81713298551384","-2.0","-1.2593099764509825","-0.7214933294871141","284.5586783847094","33.58940986210108","-1.7126287333369277","-1.0783652249239013","-0.6178338136484327","250"
"1854","58.688909","31.757117","37.0","526658.900257834","638.1604823974942","4.0","0.626801582099297","0.35912614939467175","283.506969327069","36.80313735371828","3.213727491617199","0.5035923690454164","0.28853473429845156","250"
"1855","58.68912","31.755129","37.0","526776.1506010853","117.25034325121841","0.0","0.0","0.0","281.5438397133653","36.742649034142495","-0.06048831957578216","-0.051589034111551385","-0.029558336615236904","250"
"1856","58.689312","31.753056","36.0","526897.8282897776","121.67768869239379","-1.0","-0.8218433557922367","-0.47087095597782586","280.1062604127784","36.32251993918419","-0.4201290949583054","-0.345280305266489","-0.19783025624260883","250"
"1857","58.689885","31.744921","37.0","527372.2093121802","474.38102240253045","1.0","0.2108010128515347","0.1207799046314811","277.7222787027199","37.510907679498196","1.1883877403140062","0.25051333931853914","0.143533270290384","250"
"1858","58.69025","31.737453","45.0","527805.6478873998","433.4385752196053","8.0","1.8457055872211496","1.0573913432827637","275.3761081756518","44.58932648265362","7.078418803155422","1.6330846417094007","0.9356054072471731","250"
"1859","58.690266","31.73715","45.0","527823.246636619","17.598749219184135","0.0","0.0","0.0","275.80227894317176","44.79920152467489","0.20987504202127383","1.1925565811943735","0.683252200049341","250"
"1860","58.690744","31.72758","49.0","528378.7852495237","555.538612904683","4.0","0.7200219583451896","0.4125350647570546","275.4942690761119","49.32771951496601","4.528517990291121","0.8151580979427088","0.46704084197788015","250"
"1861","58.691026","31.723704","53.0","528604.9369318151","226.15168229144254","4.0","1.7687244063235332","1.0132987785302152","277.97166764243394","52.723201339304445","3.3954818243384324","1.5014178934838354","0.860184453848815","250"
"1862","58.691363","31.719838","55.0","528831.445529241","226.50859742584893","2.0","0.8829686920182933","0.5058906482415495","279.52423188883415","54.671133858680726","1.9479325193762804","0.8599817143867866","0.4927210804669384","250"
"1863","58.695941","31.679932","51.0","531192.6793554847","2361.233826243677","-4.0","-0.16940296024656407","-0.09706065374541664","282.4670087903197","50.93268736225367","-3.738446496427059","-0.15832597580453497","-0.09071402621099002","250"
"1864","58.695977","31.679618","51.0","531211.2570037519","18.577648267243312","0.0","0.0","0.0","282.4435431781956","50.87247339904308","-0.06021396321058603","-0.3241204825519125","-0.18570670673321854","250"
"1865","58.697424","31.666877","47.0","531964.7283948854","753.4713911334536","-4.0","-0.5308761615995485","-0.3041667776200488","282.33556300336704","47.31842515271902","-3.554048246324058","-0.47168987278703073","-0.27025638518601314","250"
"1866","58.699823","31.646105","53.0","533194.0241676403","1229.2957727548444","6.0","0.4880843270577622","0.27964949922075466","282.5417546578678","52.84747364783287","5.529048495113848","0.44977365233456257","0.257699582436192","250"
"1867","58.700606","31.640335","53.0","533538.5268341225","344.50266648220156","0.0","0.0","0.0","284.64151296337707","53.206830027341844","0.3593563795089736","0.1043116394942445","0.05976614529409211","250"
"1868","58.701379","31.63532","55.0","533840.7073289366","302.18049481400755","2.0","0.6618560874456846","0.37921006747847646","286.52783208302793","54.626193853139874","1.4193638257980297","0.46970729420231105","0.26912047649834564","250"
"1869","58.701885","31.63223","54.0","534027.8598396594","187.1525107228781","-1.0","-0.5343235824822717","-0.3061419482594976","287.4971039200457","54.00641315495968","-0.6197806981801932","-0.33116344300500444","-0.18974198250556262","250"
"1870","58.702462","31.629049","53.0","534222.4875365961","194.62769693672405","-1.0","-0.5138014864991763","-0.29438397635757285","289.2490610335284","52.58092888045311","-1.425484274506573","-0.7324159392226771","-0.41963591820970236","250"
"1871","58.703632","31.622916","46.0","534599.8808024676","377.39326587140465","-7.0","-1.8548290690447093","-1.0626169243366643","290.1678482968027","46.42683319038153","-6.154095690071578","-1.630685082803932","-0.9342309272981113","250"
"1872","58.705065","31.616394","44.0","535008.909823768","409.0290213004175","-2.0","-0.48896285980917475","-0.2801528493962322","292.93009375933207","44.77340164363384","-1.65343154674769","-0.4042333087982289","-0.23160736380959354","250"
"1873","58.706616","31.610091","52.0","535411.7453021709","402.83547840288554","8.0","1.9859223998138034","1.1377001698316604","295.35126142287163","51.277141404390335","6.5037397607564955","1.614490309180749","0.9249544478335906","250"
"1874","58.707854","31.605367","51.0","535717.345325315","305.60002314415067","-1.0","-0.3272251061081572","-0.1874855061341339","296.77499307817436","51.03061819297075","-0.24652321141958566","-0.08066858401489758","-0.04621968400780581","250"
"1875","58.70792","31.605114","51.0","535733.696755221","16.351429905987256","0.0","0.0","0.0","296.66821365642136","50.98242908114195","-0.04818911182879759","-0.2947088548577187","-0.16885524683137548","250"
"1876","58.709365","31.600132","50.0","536063.2492123806","329.552457159667","-1.0","-0.3034418279319652","-0.173858827070699","299.18252058320917","49.901724541604516","-1.080704539537436","-0.32793096093161234","-0.1878899268177296","250"
"1877","58.710865","31.595329","48.0","536386.9139805984","323.6647682178689","-2.0","-0.617923294837496","-0.354039462529141","301.02124830464766","48.19310102963448","-1.708623511970039","-0.5278991350766701","-0.30246111486899757","250"
"1878","58.71249","31.59053","48.0","536717.7518765848","330.8378959864035","0.0","0.0","0.0","303.1063468400758","48.373165796399114","0.18006476676463734","0.054426886686535295","0.03118430591252491","250"
"1879","58.714202","31.585757","52.0","537052.7236269739","334.97175038905226","4.0","1.1941305484281013","0.6841538884385312","304.6341222753108","51.10712059378624","2.7339547973871277","0.8161747353953822","0.46762329358001964","250"
"1880","58.714289","31.585513","52.0","537069.8146517759","17.091024801955907","0.0","0.0","0.0","304.4737040187426","51.02452340883016","-0.0825971849560787","-0.48327812938769027","-0.2768958157568855","250"
"1881","58.71573","31.581774","46.0","537338.6784269278","268.8637751519165","-6.0","-2.2316133873407864","-1.278408094238208","306.58271090622895","47.249500167846676","-3.7750232409834865","-1.4040654003502255","-0.8044173578462399","250"
"1882","58.716974","31.57867","50.0","537565.07808128","226.39965435224764","4.0","1.7667871496731766","1.0121891589829835","307.6620492138924","49.95930788344145","2.7098077155947706","1.1969133624995165","0.6857480955973613","250"
"1883","58.718741","31.574618","55.0","537870.5946640547","305.5165827747254","5.0","1.636572376723257","0.9376031982680456","310.02607818688386","54.24134884393215","4.282040960490704","1.4015739903873219","0.8029901659447379","250"
"1884","58.720227","31.571304","53.0","538123.4035851995","252.80892114480852","-2.0","-0.791111322710959","-0.45326394337236264","310.81498922846106","53.11386698716879","-1.1274818567633602","-0.4459818315183349","-0.2555270727213992","250"
"1885","58.723069","31.565309","51.0","538592.0763670565","468.67278185696773","-2.0","-0.42673696391662264","-0.24450078579777063","312.4007808406638","50.78488536912203","-2.328981618046761","-0.49693127235144907","-0.28471830253567615","250"
"1886","58.723591","31.564236","50.0","538676.9650317907","84.88866473417912","-1.0","-1.1780135818267445","-0.6749208456843293","313.1389561536076","50.16674631053209","-0.6181390585899393","-0.7281762064765464","-0.41720685983344136","250"
"1887","58.734264","31.541638","40.0","540440.4287781955","1763.4637464048037","-10.0","-0.5670658112698449","-0.3249012944010703","312.30754467634694","39.57399872881174","-10.592747581720353","-0.600678500100494","-0.3441592897826518","250"
"1888","58.739239","31.530941","24.0","541269.3284140534","828.8996358578761","-16.0","-1.9302698792285844","-1.1058258462285735","311.8701605346631","24.64604719167948","-14.927951537132259","-1.8009359506694027","-1.0317487563375047","250"
"1889","58.743723","31.521712","25.0","541998.8234005263","729.4949864728599","1.0","0.13708113400957608","0.07854165509968832","313.1205064565569","26.367369772017003","1.7213225803375245","0.23596085130895753","0.1351953581921211","250"
"1890","58.745187","31.519106","35.0","542220.4219752002","221.59857467388971","10.0","4.512664404415174","2.5838132942270695","317.2757929421682","33.94075709700584","7.57338732498884","3.4176155402326187","1.957387619247837","250"
"1891","58.750018","31.510997","43.0","542932.7442779097","712.3223027095582","8.0","1.1230871151400568","0.64345446464074","318.95285233015755","43.08339332813024","9.1426362311244","1.283497118698558","0.7353493013401954","250"
"1892","58.754133","31.504944","51.0","543508.3063033802","575.5620254703939","8.0","1.3899457653520104","0.7963289814704676","322.6571775438422","50.56564194828272","7.482248620152475","1.299989973111482","0.7447974343018577","250"
"1893","58.757216","31.500842","51.0","543924.8328705729","416.52656719278747","0.0","0.0","0.0","325.39116075630096","51.23624427473545","0.6706023264527303","0.16099869234567815","0.09224537608359552","250"
"1894","58.758195","31.499539","52.0","544057.1112084654","132.27833789251892","1.0","0.7559816791866082","0.433137344805563","325.3829197960891","52.057993961393834","0.8217496866583858","0.6212277079910756","0.3559326791280197","250"
"1895","58.758967","31.498659","53.0","544156.8335496567","99.72234119126388","1.0","1.0027843189943122","0.5745338349971273","329.4087203679441","52.53530720317364","0.47731324177980383","0.4786422341051281","0.27423970485968036","250"
"1896","58.762099","31.495088","51.0","544561.4254734733","404.59192381656374","-2.0","-0.4943252403888249","-0.28322519288626063","329.40534328103587","51.06729157614708","-1.4680156270265599","-0.36283858886222786","-0.2078902855614529","250"
"1897","58.764906","31.492032","50.0","544919.8584375472","358.4329640740154","-1.0","-0.27899219665340347","-0.15985033911362576","330.5534234280294","50.37568494528532","-0.6916066308617559","-0.19295285316418082","-0.11055370411317877","250"
"1898","58.765047","31.491892","50.0","544937.4930517378","17.634614190504603","0.0","0.0","0.0","332.75738388546176","50.45537500274181","0.07969005745648872","0.4518956672122603","0.2589153826903369","250"
"1899","58.768269","31.488824","55.0","545337.0539083012","399.5608565634252","5.0","1.2513738315120249","0.716946969836658","333.72386638680035","54.512999042332176","4.057624039590365","1.015520908251499","0.5818306199889965","250"
"1900","58.773623","31.484238","53.0","545988.4576788755","651.4037705743829","-2.0","-0.3070292329190046","-0.1759142395720769","336.05640684614343","52.156995175123214","-2.356003867208962","-0.3616810300516879","-0.20722706192126678","250"
"1901","58.773749","31.484133","51.0","546003.7198138385","15.262134962986638","-2.0","-13.104326523453972","-7.465685560268095","336.63490395177735","52.01289883077145","-0.144096344351766","-0.944142773610802","-0.5409378890704294","250"
"1902","58.782689","31.476774","51.0","547084.5132126373","1080.793398798797","0.0","0.0","0.0","336.89598802374957","50.798027867674826","-1.2148709630966223","-0.11240547587048925","-0.06440356649077951","250"
"1903","58.791629","31.469313","44.0","548167.5834237575","1083.070211120137","-7.0","-0.646310823447026","-0.3703036683491803","336.61535746946527","43.399525227189066","-7.398502640485759","-0.6831046191210496","-0.39138402874832673","250"
"1904","58.791869","31.469114","43.0","548196.6289880108","29.045564253385002","-1.0","-3.4428664951257018","-1.9718383470857697","336.75013570844817","42.948041819870475","-0.45148340731859093","-1.5543970961623668","-0.8905322156051593","250"
"1905","58.792705","31.468379","41.0","548298.779140056","102.15015204512882","-2.0","-1.957902127366802","-1.1216519766566762","335.50897876957225","40.9844551512599","-1.9635866686105743","-1.9222552578708676","-1.101235509687729","250"
"1906","58.793905","31.467358","38.0","548444.603721852","145.82458179599635","-3.0","-2.0572663148089108","-1.1785605213457437","336.21064768080754","38.796955595493316","-2.1874995557665855","-1.500089716579351","-0.8594236358942247","250"
"1907","58.795577","31.46595","39.0","548647.4469383303","202.8432164783394","1.0","0.49299159092499645","0.2824610866511638","336.42898854682915","38.39939484238624","-0.3975607531070722","-0.19599410816359525","-0.11229620828180017","250"
"1908","58.795995","31.465584","38.0","548698.4853698786","51.03843154823835","-1.0","-1.9593078581477612","-1.122457092212392","335.59928111363143","38.20510604852438","-0.19428879386186537","-0.3806715605636033","-0.218107684474699","250"
"1909","58.797866","31.464096","37.0","548923.4986103623","225.01324048376225","-1.0","-0.4444182919414307","-0.25463124828835215","337.60791831721116","37.250191859662536","-0.9549141888618422","-0.42438133276461665","-0.24315113300912963","250"
"1910","58.798278","31.463762","37.0","548973.1872116774","49.68860131513861","0.0","0.0","0.0","337.21884425329705","37.37792864388228","0.1277367842197421","0.25707462242617923","0.14729258437735537","250"
"1911","58.799123","31.463077","38.0","549075.096267624","101.9090559464969","1.0","0.981267062786852","0.5622065685155292","337.2200895964382","38.62204034733772","1.2441117034554452","1.2208058370284718","0.699435474865038","250"
"1912","58.800244","31.462127","42.0","549211.2288890873","136.13262146340946","4.0","2.9383111534917026","1.6830440296828637","336.29845428470315","41.41713305479288","2.7950927074551544","2.0532130193397005","1.1762391346670833","250"
"1913","58.80058","31.461841","42.0","549252.0611999012","40.83231081383407","0.0","0.0","0.0","336.20578872169654","42.323352154910566","0.9062191001176885","2.21936765775857","1.2713952813373892","250"
"1914","58.801983","31.460713","46.0","549421.0568915688","168.9956916677073","4.0","2.366924245539417","1.3558945291453552","337.3900288531565","45.33109129631519","3.0077391414046275","1.7797726745121303","1.0196269778146565","250"
"1915","58.805623","31.457644","47.0","549862.7210231471","441.66413157830095","1.0","0.22641639392958351","0.12972681616882759","336.40959072095086","46.4940488768816","1.162957580566406","0.2633126616849188","0.15086669339884387","250"
"1916","58.806815","31.456684","45.0","550006.3344754553","143.61345230828087","-2.0","-1.3926272002060063","-0.7978650331419535","337.3580179746621","45.435196000039575","-1.0588528768420247","-0.737293658653292","-0.4224304946690166","250"
"1917","58.812964","31.45158","45.0","550750.5694241663","744.2349487110087","0.0","0.0","0.0","336.74087770672514","45.823418267607686","0.3882222675681106","0.05216393939044374","0.029887732987593077","250"
"1918","58.815797","31.449287","54.0","551092.1333790309","341.5639548644898","9.0","2.634938456421905","1.5093592818939778","337.2618498487796","53.007418580532075","7.18400031292439","2.1032665217190525","1.2049052972849528","250"
"1919","58.826389","31.440013","47.0","552385.2636954605","1293.1303164296908","-7.0","-0.5413220857219458","-0.3101516792604479","335.6195921844369","47.602062052607536","-5.405356527924539","-0.4180055528238353","-0.23949814499869548","250"
"1920","58.826572","31.439851","48.0","552407.6470422369","22.38334677639361","1.0","4.467607145570567","2.558049330526993","335.3813369429375","47.62563057142496","0.023568518817427275","0.10529488307925246","0.0603295017518551","250"
"1921","58.834285","31.433041","47.0","553350.6027397297","942.9556974927829","-1.0","-0.10604952095404818","-0.06076187692190155","335.4435641890593","47.66530964630842","0.03967907488345901","0.004207946883290633","0.0024109759668547973","250"
"1922","58.836717","31.430924","53.0","553647.2005629195","296.59782318976784","6.0","2.0229413471322437","1.1589019456861422","335.750810590501","52.28759090447426","4.622281258165835","1.5584339792030193","0.8928446190476276","250"
"1923","58.849437","31.419575","49.0","555205.02854769","1557.8279847705849","-4.0","-0.2567677586424322","-0.14711676554096803","335.2259308361799","49.16361236101389","-3.1239785434603675","-0.2005342421628421","-0.11489750322181246","250"
"1924","58.849896","31.419174","49.0","555261.0369693877","56.008421697628634","0.0","0.0","0.0","335.6809944120506","49.298128056824204","0.13451569581031464","0.24017048103322997","0.1376072846872448","250"
"1925","58.854574","31.415083","54.0","555831.9496210661","570.912651678401","5.0","0.8757907160229713","0.5017782889558394","335.66249782411165","53.72631540119648","4.428187344372276","0.7756330730023311","0.4443961037590104","250"
"1926","58.857789","31.412154","54.0","556227.1378836103","395.1882625441878","0.0","0.0","0.0","334.7723770420303","53.78446633529663","0.05815093410014782","0.014714742215716921","0.008430926194985785","250"
"1927","58.867252","31.403666","46.0","557387.0494933444","1159.9116097340059","-8.0","-0.6897077271116013","-0.39516715269904545","335.12102051558577","46.15976457047462","-7.624701764822007","-0.6573519655149003","-0.3766295079827802","250"
"1928","58.876453","31.395709","44.0","558507.7418929021","1120.6923995576353","-2.0","-0.17846110143956084","-0.10225057064707223","335.9158799953761","44.00693635833263","-2.1528282121419906","-0.19209804697451008","-0.1100639380588531","250"
"1929","58.881729","31.391261","43.0","559147.6814631716","639.9395702695087","-1.0","-0.15626475474533522","-0.08953303645966051","336.45753332854173","43.966560859441756","-0.04037549889087444","-0.006309267431903048","-0.00361494395187723","250"
"1930","58.882529","31.390586","46.0","559244.726775918","97.04531274637925","3.0","3.0913394115595034","1.7706431256649677","336.440664660653","45.50864139378071","1.5420805343389503","1.5890314438669118","0.9103713340744727","250"
"1931","58.882939","31.39027","46.0","559293.8000851381","49.073309219996126","0.0","0.0","0.0","338.28237342790436","46.79258328294754","1.283941889166833","2.6163751937145894","1.4987306433150336","250"
"1932","58.884069","31.389365","51.0","559429.7871658886","135.98708075055356","5.0","3.676819865831002","2.1057140400239516","337.5166437213303","50.4467622268796","3.6541789439320596","2.68715154687015","1.53925400946053","250"
"1933","58.88712","31.386921","58.0","559796.9600256035","367.1728597149574","7.0","1.9064589919402595","1.092188231620786","337.5143838316857","57.05315278309584","6.60639055621624","1.7992589543096664","1.0307882194484614","250"
"1934","58.89298","31.381922","50.0","560509.0509091041","712.0908835005147","-8.0","-1.1234521021633355","-0.6436635604185109","336.2158478118568","50.420239294469354","-6.632913488626485","-0.931470075283121","-0.5336776063159498","250"
"1935","58.904178","31.372594","53.0","561864.5932052706","1355.5422961664938","3.0","0.22131364019286393","0.12680316829139646","336.72212232010867","52.6937967158556","2.2735574213862435","0.1677230897048302","0.09609816155851876","250"
"1936","58.904308","31.372486","53.0","561880.3229939535","15.729788682890904","0.0","0.0","0.0","336.7774565871525","52.6369494073987","-0.05684730845689501","-0.36139906010769945","-0.2070655071555679","250"
"1937","58.906804","31.370403","50.0","562182.5464027826","302.22340882901676","-3.0","-0.9926431614360003","-0.5687239580615726","336.6850439695081","50.369554492354396","-2.2673949150443065","-0.7502380188978306","-0.42984665651085957","250"
"1938","58.915484","31.36307","52.0","563235.5592039465","1053.012801163961","2.0","0.1899312143014097","0.10882243891791155","336.4346377021286","51.86602071428299","1.4964662219285927","0.14211282334597022","0.0814245951089673","250"
"1939","58.918946","31.360199","51.0","563654.3152890819","418.7560851353629","-1.0","-0.23880249995095593","-0.13682349375791378","336.8234162204056","50.05583429646492","-1.8101864178180662","-0.43227704195221983","-0.2476749581371413","250"
"1940","58.920743","31.35883","44.0","563869.0304719901","214.71518290825557","-7.0","-3.260132751297327","-1.867257124474711","338.531756045711","44.7499131911397","-5.3059211053252255","-2.471143881610069","-1.4155730544119962","250"
"1941","58.92271","31.357459","42.0","564101.4776478192","232.4471758290382","-2.0","-0.8604105396707308","-0.49296676107729637","340.21197484447015","43.02914816462994","-1.7207650265097598","-0.7402821825528909","-0.4241426992796717","250"
"1942","58.924812","31.356088","48.0","564348.1005999413","246.62295212206953","6.0","2.4328635872585838","1.393653240529053","341.3937528623533","48.308393656492235","5.279245491862298","2.1406140208918027","1.2262942071806147","250"
"1943","58.924953","31.356008","48.0","564364.4376151077","16.337015166425044","0.0","0.0","0.0","343.6769669261239","48.83962965166569","0.5312359951734535","3.251732276439464","1.8624491039538815","250"
"1944","58.926468","31.355074","56.0","564541.2213300175","176.78371490975064","8.0","4.525303704633687","2.591040321333924","342.34897934201155","54.58584259229899","5.746212940633299","3.2504198384827374","1.86169792635279","250"
"1945","58.928209","31.354079","56.0","564743.058274486","201.8369444684131","0.0","0.0","0.0","343.56590846255773","55.57871470069885","0.9928721083998653","0.49191792464696515","0.28184593610592235","250"
"1946","58.930788","31.352752","52.0","565039.7693161546","296.7110416686918","-4.0","-1.3481129578138211","-0.7723650400695545","345.1288757717462","51.55765993881226","-4.021054761886596","-1.3552090071445724","-0.7764300341772304","250"
"1947","58.931398","31.352464","50.0","565109.5826678297","69.81335167501472","-2.0","-2.864781523898349","-1.6409500958858787","346.3067038435291","50.06983542400599","-1.4878245148062703","-2.1311460904100143","-1.2208719562333568","250"
"1948","58.934012","31.351286","43.0","565408.002978766","298.42031093623416","-7.0","-2.3456848423081182","-1.343732000389747","346.9087482853184","43.39314705586433","-6.6766883681416545","-2.2373438145664","-1.2816897486901722","250"
"1949","58.934838","31.350965","42.0","565501.6786984629","93.6757196968711","-1.0","-1.0675124816077624","-0.6116163655242463","348.6607261956779","41.925050328850745","-1.468096727013588","-1.5672115802945088","-0.8978725859741156","250"
"1950","58.936109","31.350472","40.0","565645.8106445996","144.1319461367383","-2.0","-1.387617425287934","-0.7949951981298028","348.6820639340875","40.21037111282349","-1.7146792160272568","-1.1896593794692378","-0.6815924612104668","250"
"1951","58.938217","31.349758","38.3","565883.7626235271","237.95197892752262","-1.7","-0.7144298642365148","-0.4093311956584129","350.08703156417204","38.476925729751585","-1.7334453830719028","-0.7284853821702781","-0.41738399506081275","250"
"1952","58.940017","31.349241","38.0","566086.0995763715","202.3369528444196","-0.3","-0.14826752888320663","-0.08495097418847543","351.570798995831","38.04633360278606","-0.4305921269655215","-0.2128094354058061","-0.121930640827459","250"
"1953","58.941616","31.348836","38.0","566265.4121381195","179.31256174793847","0.0","0.0","0.0","352.55524771028746","39.05598050129414","1.0096468985080733","0.5630653472718461","0.32260927055369953","250"
"1954","58.94347","31.348482","45.0","566472.5655843528","207.1534462333115","7.0","3.3791376041681116","1.9353668178523429","354.3743982063257","44.98872037273645","5.932739871442315","2.863934913619745","1.6404654215806782","250"
"1955","58.946152","31.348077","55.0","566771.6942706321","299.12868627934745","10.0","3.3430427968587724","1.9147093534514052","355.545893565936","53.29432880473137","8.30560843199492","2.77660044421101","1.5904662286242086","250"
"1956","58.947637","31.347889","51.5","566937.1706868787","165.47641624666133","-3.5","-2.115105027886786","-1.211685245496973","356.26374078093215","52.16108507722616","-1.13324372750521","-0.6848370016764093","-0.3923765644051309","250"
"1957","58.948742","31.347788","51.5","567060.177733809","123.00704693021824","0.0","0.0","0.0","357.3007348361812","51.95160917848349","-0.20947589874267436","-0.17029585212423626","-0.0975722416310638","250"
"1958","58.950609","31.347696","54.5","567267.8459932173","207.6682594083559","3.0","1.4446117131943803","0.8276439714594008","358.54409028544296","54.1268842214942","2.175275043010714","1.0474759355175622","0.6001375539613647","250"
"1959","58.952403","31.347673","55.0","567467.3343281455","199.4883349281233","0.5","0.25064122179382203","0.14360654109139814","359.6211555677493","54.53365319377184","0.4067689722776393","0.20390614439896965","0.11682945299191427","250"
"1960","58.952804","31.34767","54.0","567511.923887234","44.58955908845544","-1.0","-2.242677479757604","-1.2847441811307763","359.77892913081234","54.433504712760445","-0.10014848101139506","-0.22460074299618774","-0.12868653010361314","250"
"1961","58.954334","31.347725","54.3","567682.0815948687","170.1577076346835","0.3","0.17630702961988573","0.10101638229015229","1.062084410929708","53.739161632061005","-0.69434308069944","-0.40805855365079624","-0.23379903151334003","250"
"1962","58.95672","31.347975","50.0","567947.7800895225","265.69849465382975","-4.3","-1.6183757478951228","-0.9271800587121994","3.0928218009583253","50.83658922326565","-2.9025724087953577","-1.0924308820706825","-0.6258918922277189","250"
"1963","58.959263","31.348295","53.0","568231.1438682335","283.3637787110693","3.0","1.0587097665220428","0.6065733512649479","3.7125354568826032","52.078819680929186","1.2422304576635383","0.43838717259984505","0.2511757387751674","250"
"1964","58.963052","31.349042","45.0","568654.6332903947","423.48942216113346","-8.0","-1.8890672544250895","-1.0822270875765525","5.804093013177424","45.15863143700361","-6.920188243925573","-1.6340876257571577","-0.9361799214606497","250"
"1965","58.963218","31.349074","45.0","568673.182620414","18.54933001928559","0.0","0.0","0.0","5.676015156298727","44.83286765676737","-0.32576378023624386","-1.7562024067583564","-1.006126429208642","250"
"1966","58.966027","31.349784","39.0","568988.1705437077","314.9879232937063","-6.0","-1.9048349337524855","-1.091258052615983","7.4243134184630835","39.63300334954262","-5.19986430722475","-1.6508138638623953","-0.9457607653729073","250"
"1967","58.980685","31.35489","41.0","570644.1316311111","1655.961087403427","2.0","0.12077578484262765","0.06919939374207176","10.176717346266493","41.627839713335035","1.994836363792416","0.12046396373482125","0.06902073366760321","250"
"1968","58.984848","31.35626","51.0","571113.6454271583","469.5137960471927","10.0","2.1298628675428444","1.2201370572629997","9.623985445256618","49.93831224799156","8.310472534656526","1.7700166863299598","1.0140389687041038","250"
"1969","58.98498","31.356302","51.0","571128.5191299117","14.873702753301226","0.0","0.0","0.0","9.310654805756268","49.97306146198511","0.03474921399354969","0.23362853601358333","0.13385904732988194","250"
"1970","58.992061","31.358349","38.0","571924.5766211951","796.057491283399","-13.0","-1.633047881886204","-0.9355843510354174","8.470405520548912","38.55005265700817","-11.423008804976938","-1.4349477179796188","-0.8221080576492069","250"
"1971","58.999066","31.36027","39.0","572711.2310568711","786.6544356760478","1.0","0.12712062052260645","0.07283471121752495","8.039494259085478","39.08007458525896","0.5300219282507896","0.06737671640982877","0.03860400903574411","250"
"1972","59.003719","31.361439","41.0","573232.9348565228","521.7037996516522","2.0","0.38335929340277447","0.2196476194828759","7.372081076685452","40.68767667156458","1.6076020863056186","0.308144599939474","0.17655329175482587","250"
"1973","59.006617","31.362126","39.0","573557.5704672392","324.6356107163863","-2.0","-0.6160753577176948","-0.35298071285681687","6.959742454341418","39.19252354931832","-1.4951531222462648","-0.46056349731529794","-0.2638815801425016","250"
"1974","59.013545","31.363647","39.0","574332.8362326322","775.2657653929163","0.0","0.0","0.0","6.448705497463996","39.32200446557999","0.12948091626167013","0.016701487675783964","0.009569247465147033","250"
"1975","59.018752","31.364728","45.0","574915.1262939377","582.2900613054682","6.0","1.0304142898383444","0.5903630061668774","6.099832644424789","44.73168643844128","5.409681972861293","0.9290356013861937","0.5322828762155385","250"
"1976","59.023964","31.365667","46.0","575497.161568211","582.0352742733533","1.0","0.17181089260413954","0.09844029334409178","5.297614501519475","46.10510905331373","1.373422614872453","0.23596896538394754","0.13520000718875158","250"
"1977","59.025729","31.365919","47.0","575693.9500342879","196.78846607686324","1.0","0.5081598631951386","0.29115164870566906","4.202552916415276","45.159395666062835","-0.9457133872508976","-0.4805735854872273","-0.275346262235709","250"
"1978","59.026715","31.366038","41.0","575803.7996695657","109.8496352778296","-6.0","-5.462011762556075","-3.1263956343446746","3.554162287232073","42.62785008692742","-2.5315455791354182","-2.304555288447414","-1.3201792352828916","250"
"1979","59.027281","31.366113","41.0","575866.8822538148","63.08258424913751","0.0","0.0","0.0","3.901131617624661","41.20841160529852","-1.4194384816288945","-2.25012735055841","-1.2890104897593648","250"
"1980","59.029945","31.366504","39.0","576163.9496963324","297.06744251755407","-2.0","-0.6732477928414581","-0.38573674303239563","4.319193603044631","39.02609401422739","-2.1823175910711328","-0.7346202507338639","-0.4208988277221881","250"
"1981","59.031464","31.366765","38.0","576333.5139482971","169.564251964656","-1.0","-0.5897469474924704","-0.3378961933970811","5.052654760288208","38.60397122812271","-0.4221227861046799","-0.24894562457225197","-0.14263504150776277","250"
"1982","59.034803","31.367249","43.0","576705.8255839163","372.3116356191662","5.0","1.3429609825878364","0.7694137100335299","4.265285969717786","42.66427070039511","4.060299472272398","1.0905647537767624","0.6248228068423911","250"
"1983","59.038143","31.367694","44.0","577078.0886724968","372.2630885805266","1.0","0.26862722377689713","0.15391169163611226","3.9211648910275447","43.94727255797386","1.2830018575787534","0.34464922710198254","0.19746867939170865","250"
"1984","59.047133","31.368607","45.0","578079.0955931107","1001.0069206138489","1.0","0.09989940922553947","0.05723812620373146","2.990083047194743","45.0828588001132","1.1355862421393397","0.11344439471437046","0.06499882238181143","250"
"1985","59.049595","31.368778","46.0","578353.0324944374","273.93690132680496","1.0","0.36504756940614086","0.20915592141940403","2.045780998039774","45.85542140960693","0.7725626094937326","0.28202210280975265","0.16158633380474216","250"
"1986","59.049843","31.368786","46.0","578380.6126690331","27.580174595670055","0.0","0.0","0.0","0.9504538729238599","45.830129892587664","-0.02529151701926935","-0.09170180171100145","-0.052541247390164934","250"
"1987","59.050415","31.368809","46.0","578444.2298531274","63.61718409432586","0.0","0.0","0.0","1.1846641853502802","45.57456178927421","-0.2555681033134505","-0.4017280974500805","-0.2301720067485549","250"
"1988","59.052434","31.369","43.0","578668.9982474003","224.76839427290545","-3.0","-1.3347072259445476","-0.7646855033483864","2.7851883907342274","44.267294373333456","-1.307267415940757","-0.5816064220993283","-0.33323217590300763","250"
"1989","59.055407","31.369212","52.0","578999.8034000734","330.8051526731794","9.0","2.7206347686160726","1.5584244665929126","2.0999485057955223","51.17478074008226","6.907486366748806","2.0880830636798127","1.1962096356676188","250"
"1990","59.066656","31.369615","53.0","580250.849011947","1251.0456118736113","1.0","0.07993313677047824","0.04579830404792557","1.055023205794955","52.67259801405668","1.4978172739744195","0.11972523301778215","0.06859747275523204","250"
"1991","59.073161","31.369635","46.0","580974.1739120585","723.3249001114601","-7.0","-0.9677532183561414","-0.5544644412651557","0.09053573643645348","46.30242288070917","-6.370175133347509","-0.8806796409699019","-0.5045792205784113","250"
"1992","59.080241","31.369427","46.0","581761.5247950592","787.3508830007056","0.0","0.0","0.0","359.13514121611666","45.85157293260097","-0.4508499481081998","-0.05726162983267979","-0.0328084935886772","250"
"1993","59.080373","31.369424","46.0","581776.2035464762","14.678751417026032","0.0","0.0","0.0","359.3309261906184","45.809447436392304","-0.04212549620866923","-0.28698282988706686","-0.1644285980468663","250"
"1994","59.084355","31.369366","43.3","582218.9947553895","442.7912089133653","-2.7","-0.6097682035345626","-0.3493671154568341","359.5712395864802","43.467656141996386","-2.341791294395918","-0.5288703224580286","-0.30301754871457526","250"
"1995","59.086808","31.36918","43.1","582491.963175073","272.968419683496","-0.2","-0.07326854887898676","-0.04197977870616638","357.76919892802937","43.35299453759193","-0.1146616044044535","-0.04200544683425373","-0.02406734678611203","250"
"1996","59.089119","31.368769","45.0","582750.0052704356","258.0420953625399","1.9","0.7363139713040108","0.42186920563671054","354.77996332188565","45.37025176268816","2.0172572250962304","0.7817550939749022","0.4479035507169806","250"
"1997","59.090374","31.368477","47.7","582890.5483153911","140.54304495551017","2.7","1.9211196120410674","1.100585072755767","353.18440725908664","47.09965012121201","1.729398358523845","1.2305115198488104","0.7049955862279339","250"
"1998","59.091611","31.368091","47.7","583029.8524343128","139.30411892176","0.0","0.0","0.0","350.89367658612696","48.529531814873216","1.4298816936612084","1.026446098456213","0.5880896404289826","250"
"1999","59.093373","31.367418","53.0","583229.5132514533","199.660817140458","5.3","2.654501807568753","1.520560421709646","348.90034270838703","51.775519816160205","3.245988001286989","1.6257511352382632","0.9314047328309464","250"
"2000","59.097495","31.365252","47.0","583704.2588503925","474.74559893919565","-6.0","-1.2638347808609105","-0.7240854388937563","344.89733376686183","48.70602488607168","-3.069494930088524","-0.6465557420536843","-0.3704439905103115","250"
"2001","59.099527","31.363923","57.0","583942.6125970533","238.35374666078042","10.0","4.195444854589079","2.402403943427819","341.43394889827584","55.291353428006175","6.585328541934494","2.7628382747037676","1.582587130667651","250"
"2002","59.1015","31.362409","54.0","584178.4200952529","235.80749819967502","-3.0","-1.2722241756111106","-0.7288914352539385","338.49299647683637","54.23845918911695","-1.0528942388892233","-0.44650583502550995","-0.2558272986370048","250"
"2003","59.104682","31.359421","52.0","584571.2279635213","392.807868268344","-2.0","-0.5091547704522338","-0.2917216738256602","334.25846442380436","51.84392874699831","-2.3945304421186435","-0.609593298798902","-0.3492669061500184","250"
"2004","59.106998","31.356814","49.0","584868.6750406502","297.44707712886236","-3.0","-1.0085827801563223","-0.5778557725381697","329.97457801890744","49.31518211877346","-2.5287466282248516","-0.8501501015353156","-0.48708839307652974","250"
"2005","59.10912","31.35404","49.0","585152.8499693944","284.1749287441518","0.0","0.0","0.0","326.1327537285312","48.90311054205895","-0.41207157671451","-0.14500630950646107","-0.08308243714290349","250"
"2006","59.111461","31.350704","48.0","585475.382478756","322.53250936165875","-1.0","-0.3100462654072153","-0.1776428553985769","323.8124860811909","47.46254236286879","-1.4405681791901586","-0.4466427840223808","-0.255905763067492","250"
"2007","59.112264","31.349446","45.7","585589.9663709484","114.58389219239628","-2.3","-2.007262937218174","-1.1499225247455542","321.1926179240912","45.02517674869299","-2.4373656141757962","-2.127145070341343","-1.2185805793377709","250"
"2008","59.112742","31.348642","42.0","585660.1898726693","70.22350172092682","-3.7","-5.2688913388342025","-3.0160634411651372","319.1908619513657","43.712163380861284","-1.313013367831708","-1.8697634490654087","-1.0711707271842204","250"
"2009","59.112858","31.348447","42.0","585677.2272824767","17.037409807473804","0.0","0.0","0.0","319.20726030703656","43.48573110812902","-0.22643227273226074","-1.3290299129444645","-0.7614332195245986","250"
"2010","59.114072","31.346404","44.0","585855.6140802392","178.38679776243174","2.0","1.12115920297169","0.642349991406475","319.1777317916256","43.46423673951626","-0.021494368612763992","-0.012049304591133092","-0.006903742957984488","250"
"2011","59.117451","31.340475","41.0","586361.2747571166","505.66067687731277","-3.0","-0.5932832306689102","-0.3399222635184133","317.9939188633197","41.016658384680746","-2.447578354835514","-0.4840357312240366","-0.2773298794808301","250"
"2012","59.11867","31.338264","40.0","586546.4680360709","185.19327895440674","-1.0","-0.5399763996004374","-0.30938068044376094","317.0486082947045","40.682409303069115","-0.334249081611631","-0.18048661565840127","-0.10341110106969653","250"
"2013","59.120289","31.335395","44.0","586789.8165056105","243.348469539551","4.0","1.6437333703263284","0.9417050419344974","317.7140858432667","45.83190074652433","5.149491443455219","2.116097731454309","1.2122537682865562","250"
"2014","59.121085","31.333983","53.0","586909.5143341055","119.6978284950359","9.0","7.518933395164514","4.299940533831637","317.6857061859709","50.724965780556204","4.893065034031871","4.087847787677114","2.3408609372642672","250"
"2015","59.129879","31.318592","56.0","588223.8451517423","1314.3308176368275","3.0","0.22825303643066155","0.13077912936819172","318.07906116752144","54.93807467377186","4.213108893215654","0.3205516325631657","0.18366192755809535","250"
"2016","59.131583","31.31567","48.0","588476.2184061289","252.37325438661583","-8.0","-3.1699080076625847","-1.8156155363683901","318.65911419737137","48.9905962523818","-5.947478421390059","-2.356619934170597","-1.3499938849884214","250"
"2017","59.133346","31.312983","48.0","588725.0731028214","248.85469669248963","0.0","0.0","0.0","321.9775056976618","48.74290934467316","-0.24768690770864055","-0.09953073460160886","-0.0570268914141165","250"
"2018","59.135548","31.310116","55.0","589019.5235651354","294.45046231402597","7.0","2.3773099029929963","1.3618417260839228","326.2599717812105","54.379900739490985","5.6369913948178265","1.9144107808552457","1.0967426088234296","250"
"2019","59.13751","31.30782","56.0","589273.9814968014","254.45793166594714","1.0","0.39299226927333586","0.2251668249303245","329.02360809531496","54.50233386653662","0.1224331270456318","0.04811527243189348","0.027568018277291623","250"
"2020","59.13885","31.306368","48.5","589444.4538892529","170.4723924514903","-7.5","-4.399539357749205","-2.5191258725630123","330.9333741747173","49.87485604929924","-4.627477817237377","-2.7145027712062966","-1.5549136836547568","250"
"2021","59.140017","31.305213","48.5","589589.9833737708","145.529484518013","0.0","0.0","0.0","333.0846832731093","48.61385874760151","-1.2609973016977278","-0.8664892244166832","-0.4964493312440398","250"
"2022","59.143412","31.302333","50.0","590001.6776967702","411.69432299930645","1.5","0.36434799223659126","0.20875509855793994","336.4868854490966","50.5297195610404","1.91586081343889","0.4653600271874814","0.2666297304197277","250"
"2023","59.147503","31.299355","60.0","590487.2440930145","485.56639624435905","10.0","2.0594505874676603","1.1798114873779841","339.52910499660214","58.93865278851986","8.408933227479459","1.73177824753089","0.9921366718470744","250"
"2024","59.151907","31.296104","53.0","591010.8589397139","523.6148466993923","-7.0","-1.336860488988141","-0.7659190120968828","339.26760199395704","53.41776890283823","-5.520883885681627","-1.0543787901512982","-0.6040921615648759","250"
"2025","59.153394","31.295007","53.0","591187.6403556649","176.7814159509411","0.0","0.0","0.0","339.28027524736586","52.391186186254025","-1.0265827165842083","-0.5807073730358042","-0.3327170761310117","250"
"2026","59.154689","31.29405","50.0","591341.6283202671","153.98796460220697","-3.0","-1.9482042039777723","-1.1160975945314724","339.24837490387046","51.25057901853323","-1.1406071677207947","-0.7407118930802774","-0.4243888917763697","250"
"2027","59.157556","31.291934","57.0","591682.4850671571","340.85674688998193","7.0","2.053648655591783","1.176488630651622","339.2742398923487","56.35823479515314","5.107655776619907","1.498475774125868","0.8584991228011892","250"
"2028","59.158724","31.291077","57.0","591821.2456492467","138.76058208961211","0.0","0.0","0.0","339.3859233455659","56.63894407904148","0.28070928388834204","0.20229756870510884","0.11590781081088619","250"
"2029","59.163824","31.287336","50.0","592427.107476421","605.86182717427","-7.0","-1.155378947151678","-0.6619539203948039","339.3941266339403","48.71827751010656","-7.920666568934919","-1.3073387715936458","-0.7490072701963811","250"
"2030","59.164597","31.286769","45.0","592518.9357797396","91.82830331853124","-5.0","-5.4449443355782705","-3.116645715708584","339.39499143417163","45.62265807265043","-3.095619437456129","-3.3710951042165482","-1.9307640480192423","250"
"2031","59.164644","31.286734","45.0","592524.5297275914","5.593947851823721","0.0","0.0","0.0","339.10798844372965","45.43579911065102","-0.18685896199941254","-3.340377260372447","-1.913183817113831","250"
"2032","59.165272","31.286267","42.0","592599.2609013087","74.73117371729384","-3.0","-4.014388976879882","-2.2988411019795456","339.1352892344307","43.34738658583164","-2.0884125248193754","-2.7945667396042615","-1.6007521762355041","250"
"2033","59.16581","31.285873","42.0","592663.1595924923","63.89869118355337","0.0","0.0","0.0","339.4256027445351","42.627984438955785","-0.7194021468758578","-1.125848015899615","-0.645036144260521","250"
"2034","59.171421","31.281763","49.0","593329.5917636356","666.4321711433328","7.0","1.0503694604044673","0.6017952392156386","339.42509007994283","48.16053892892599","5.532554489970202","0.8301751820411878","0.47564441508310956","250"
"2035","59.171628","31.281608","48.0","593354.2456388749","24.653875239316644","-1.0","-4.0561574612223845","-2.322733774862753","339.00659300137767","48.14523734992743","-0.015301578998560217","-0.062065613823493765","-0.03556097268355526","250"
"2036","59.17722","31.277449","46.0","594019.6754562116","665.4298173366186","-2.0","-0.30055761673034065","-0.17220631085162033","339.1393198746757","46.243301618695256","-1.9019357312321716","-0.2858206352767096","-0.1637627150473793","250"
"2037","59.178968","31.276091","47.0","594228.8771671144","209.20171090279604","1.0","0.4780075629805161","0.27387607341118586","338.29530729058155","46.55545538681746","0.31215376812220086","0.14921186197527836","0.08549203599775597","250"
"2038","59.180715","31.274612","45.0","594440.6215258165","211.7443587021278","-2.0","-0.9445351990763106","-0.5411627122507057","336.55192715171506","45.639778512477875","-0.9156768743395816","-0.4324445193969552","-0.2477709138508548","250"
"2039","59.183643","31.271805","49.0","594803.349078562","362.7275527454512","4.0","1.1027560409250334","0.6318070598670379","333.843762954923","49.010731027781965","3.37095251530409","0.9293345624807553","0.5324541535172843","250"
"2040","59.186471","31.269037","53.0","595155.1225750975","351.77349653552596","4.0","1.1370953296352262","0.6514795554291989","333.37207510347605","52.60091931480169","3.5901882870197284","1.0205965834203066","0.5847384662600241","250"
"2041","59.192193","31.26333","52.0","595869.5978133315","714.4752382340408","-1.0","-0.13996286315977682","-0.08019276111143825","332.9417761518608","52.402194876194","-0.19872443860769096","-0.02781404140735172","-0.01593627142747925","250"
"2042","59.196402","31.259228","58.0","596392.6738621986","523.0760488670464","6.0","1.1470607405932016","0.6571885706635598","333.4775575641132","57.641543518543244","5.239348642349242","1.0016418556531843","0.5738793174619591","250"
"2043","59.200103","31.255582","58.0","596853.6053573608","460.93149516224395","0.0","0.0","0.0","333.232481043208","57.743783075332644","0.10223955678939944","0.022181074164483377","0.012708819138491012","250"
"2044","59.204982","31.25069","53.0","597463.4401689785","609.8348116177052","-5.0","-0.8198941589996362","-0.4697542237295652","332.82754371846534","54.119044855773446","-3.624738219559198","-0.5943803388238654","-0.34055083802207853","250"
"2045","59.207022","31.248701","60.0","597716.966963971","253.5267949924538","7.0","2.761049379497877","1.5815629504936055","333.47459126273293","58.561415102481845","4.4423702467084","1.752229087596294","1.0038505853617514","250"
"2046","59.209207","31.246577","55.0","597988.3488301235","271.38186615254756","-5.0","-1.8424222925747846","-1.0555107935160395","333.54461578591264","55.40416660368442","-3.157248498797422","-1.1633970034765289","-0.6665473108308906","250"
"2047","59.22234","31.233498","46.0","599627.4268970555","1639.0780669318754","-9.0","-0.5490891606430156","-0.31460175310152677","332.9975905742705","47.1341651339531","-8.270001469731326","-0.5045520183923644","-0.2890845589019473","250"
"2048","59.22492","31.230827","56.0","599952.0770014841","324.65010442866384","10.0","3.080239267933864","1.7642892620639075","332.0893456579973","54.2357849779129","7.101619843959803","2.1874688309303347","1.2531274691229728","250"
"2049","59.226407","31.229013","51.0","600146.9898690004","194.91286751628138","-5.0","-2.5652488025616584","-1.4694570289511018","328.02941312803256","52.144945102930066","-2.0908398749828336","-1.0727048971295763","-0.6145910598304152","250"
"2050","59.227744","31.227166","53.0","600329.0438062412","182.05393724088464","2.0","1.09857552674277","0.6294120918210402","324.74807349842933","52.27655571526289","0.13161061233282112","0.07229209888423373","0.04142031436646851","250"
"2051","59.227957","31.226838","53.0","600359.1959743318","30.152168090546652","0.0","0.0","0.0","321.7671605926856","52.193530711531636","-0.08302500373125099","-0.2753533460079148","-0.15776544728833455","250"
"2052","59.228626","31.225809","51.0","600453.8566606479","94.66068631607861","-2.0","-2.112809528257445","-1.2103706085776476","321.8002030702705","51.83432623046637","-0.3592044810652695","-0.3794653250937361","-0.21741657244273668","250"
"2053","59.229626","31.224126","52.0","600600.5911180245","146.73445737667828","1.0","0.6815031846493462","0.39046651709810287","319.2711812759","51.79492494535446","-0.039401285111907214","-0.02685210128304164","-0.015385120375987243","250"
"2054","59.23039","31.222842","52.0","600712.6277801351","112.03666211060772","0.0","0.0","0.0","319.3116897537727","52.731752415478226","0.9368274701237667","0.8361793831370018","0.47908433010992657","250"
"2055","59.232313","31.219193","59.0","601010.6348766958","298.00709656070745","7.0","2.348937351085537","1.345594524420923","315.8522486312094","58.19239466190338","5.460642246425152","1.8323866476490962","1.0497627331084343","250"
"2056","59.245366","31.191925","54.0","603134.6814857171","2124.0466090213063","-5.0","-0.23539973081399765","-0.13487386161628617","313.1162970686125","53.76061691075564","-4.431777751147742","-0.20864785792952845","-0.11954624316101937","250"
"2057","59.247286","31.188229","51.0","603434.2544097094","299.57292399227464","-3.0","-1.0014256161806412","-0.573755433796947","315.4535917351831","50.92583989846706","-2.8347770122885763","-0.9462727720886015","-0.5421581792789639","250"
"2058","59.24765","31.187537","50.0","603490.7016064009","56.44719669147685","-1.0","-1.7715671611926007","-1.014927046887756","315.81109439745416","50.489690253674986","-0.4361496447920743","-0.7726683880794563","-0.4426975662174104","250"
"2059","59.24835","31.186111","50.0","603603.0941995938","112.39259319287206","0.0","0.0","0.0","313.8322564959543","50.837368508398534","0.3476782547235473","0.30934267539046073","0.17723973188028733","250"
"2060","59.25047","31.182831","58.0","603903.6700501217","300.5758505279319","8.0","2.6615578017824078","1.5246003543332218","321.6549131067862","56.61319492095709","5.775826412558558","1.921586981260766","1.1008527567752047","250"
"2061","59.252092","31.180459","54.0","604128.8675756534","225.19752553166003","-4.0","-1.776218451138198","-1.0175912013906716","323.2161835074251","54.82300691264868","-1.7901880083084123","-0.7949412428409359","-0.4554581879712944","250"
"2062","59.25474","31.177134","57.0","604478.7611096972","349.8935340437474","3.0","0.8574036694330305","0.49124407842177736","327.303062888198","56.390713790178296","1.5677068775296163","0.44805254312976384","0.2567134793732972","250"
"2063","59.257621","31.174013","53.0","604844.9567809254","366.1956712282199","-4.0","-1.092312201994088","-0.6258239016658551","331.02428755739066","53.2178473187089","-3.1728664714693977","-0.8664401905209876","-0.49642123900033164","250"
"2064","59.261741","31.17023","51.0","605351.0286540296","506.0718731041691","-2.0","-0.39520078200203057","-0.2264321898611795","334.859178156061","51.55662615674734","-1.6612211619615564","-0.3282579511427645","-0.18807727639139782","250"
"2065","59.265869","31.166523","58.0","605856.0780951668","505.0494411372766","7.0","1.386002919681945","0.7940703324316865","335.34826080024135","57.5668740876317","6.010247930884361","1.1900315971740134","0.6818056960575577","250"
"2066","59.266937","31.165508","58.0","605988.1002766532","132.02218148641728","0.0","0.0","0.0","334.0952357878936","57.74600466305017","0.1791305754184691","0.13568218113173539","0.07774011563418176","250"
"2067","59.268945","31.163688","56.0","606234.1677862286","246.0675095754113","-2.0","-0.8127850781482666","-0.4656812918656768","335.14819676870457","56.072423682034014","-1.6735809810161584","-0.6801308242213354","-0.3896802489376139","250"
"2068","59.270353","31.16243","55.0","606406.2761476364","172.10836140775575","-1.0","-0.5810292956254575","-0.33290151796496664","335.4610176205636","54.9001670845747","-1.1722565974593167","-0.6811154251140823","-0.39024435756199133","250"
"2069","59.27579","31.1575","49.0","607072.576626757","666.300479120738","-6.0","-0.9004946248752075","-0.5159314696317572","335.14377281336215","49.823591138005256","-5.0765759465694416","-0.7619048921094251","-0.436530900353846","250"
"2070","59.282366","31.151493","63.0","607879.4944407118","806.9178139547923","14.0","1.734997016782226","0.9939803368265904","334.9862809686981","62.76144973343611","12.937858595430853","1.6033675761873436","0.9185832405524873","250"
"2071","59.28657","31.147705","68.0","608394.0903550737","514.5959143618725","5.0","0.9716361635323665","0.556688995795064","335.28818145694527","67.26856403201819","4.507114298582081","0.8758550491352334","0.5018151462867954","250"
"2072","59.290727","31.143855","61.0","608905.4278267022","511.33747162856525","-7.0","-1.3689589338535293","-0.7843067005187677","334.6876740236896","61.69973409116268","-5.568829940855508","-1.0890713569493098","-0.6239672551030647","250"
"2073","59.292616","31.142212","63.0","609135.2626486465","229.834821944217","2.0","0.8701901579062803","0.49856965006095433","336.05159694017317","61.66127973163128","-0.03845435953139997","-0.01673130259640691","-0.0095863301558518","250"
"2074","59.29448","31.140286","55.0","609369.6114651343","234.3488164878595","-8.0","-3.4137147009720197","-1.9551552074892613","332.18359910292196","56.43092811328172","-5.230351618349559","-2.231866026351586","-1.2785527736688636","250"
"2075","59.295821","31.138789","57.0","609541.2476778876","171.63621275327407","2.0","1.1652552616474863","0.6676118700177408","330.3168038041977","56.63585773074627","0.2049296174645434","0.1193976575089829","0.06840978608226869","250"
"2076","59.297095","31.137266","57.0","609707.2152873714","165.9676094838339","0.0","0.0","0.0","328.6011495951439","56.32762396204472","-0.30823376870154817","-0.1857192313971189","-0.10640915899394193","250"
"2077","59.298478","31.135426","53.0","609893.1231617583","185.9078743868937","-4.0","-2.151603321371736","-1.2325877138950418","325.81285811017284","54.27449904793501","-2.053124914109709","-1.1043775960973778","-0.6327360294077883","250"
"2078","59.29963","31.133867","56.0","610048.8222439156","155.69908215729674","3.0","1.926793631942683","1.1038348437490717","325.35867005755875","55.33149976229668","1.0570007143616706","0.678874081796978","0.38896022181446654","250"
"2079","59.306491","31.124145","54.0","610990.4102271313","941.5879832156647","-2.0","-0.21240712877087692","-0.12170013714687303","324.1232753961941","53.931129194438455","-1.400370567858225","-0.14872434576700402","-0.0852127104058384","250"
"2080","59.306721","31.123804","51.0","611022.4832806073","32.07305347596344","-3.0","-9.353646363132512","-5.343696664616251","322.88213378635066","54.465440761089326","0.5343115666508709","1.665920480727851","0.9544138394949959","250"
"2081","59.308219","31.121661","65.0","611228.7349844782","206.25170387094485","14.0","6.787822712368977","3.8831793884677674","323.8636626064213","62.45410745459795","7.988666693508627","3.873260944553103","2.2181062820267865","250"
"2082","59.309782","31.119263","62.0","611449.4801057775","220.7451212992661","-3.0","-1.3590334329214342","-0.7786208652352702","321.93715566779235","61.641938742995265","-0.8121687116026877","-0.36792147741359293","-0.21080252729893653","250"
"2083","59.313796","31.113335","48.0","612008.4003935565","558.920287778941","-14.0","-2.5048294553117296","-1.4348615265518232","322.99632564728716","49.4776842802763","-12.164254462718965","-2.1763844914375445","-1.2467796324937621","250"
"2124","59.4642","30.905872","61.0","633308.4577888544","2683.306978113102","-3.0","-0.11180234033862187","-0.06405799572056543","298.03938983632634","60.39715614968538","-3.248470739424235","-0.12106221039638763","-0.06936350325587196","250"
"2125","59.467747","30.892885","44.0","634141.4225509946","832.9647621402296","-17.0","-2.040902661514756","-1.169188773614908","298.26733340372107","43.80688431590796","-16.59027183377742","-1.991713525929978","-1.1410169287717835","250"
"2126","59.468101","30.891613","41.0","634223.3525296821","81.92997868758235","-3.0","-3.6616633472342066","-2.0970416704641517","298.71518479602037","43.57942007136345","-0.22746424454450676","-0.2776324956849796","-0.1590712938790424","250"
"2127","59.46865","30.889674","47.0","634348.7469902718","125.39446058969368","6.0","4.784900363049329","2.7394565501394403","299.13343797462477","45.807193801820276","2.227773730456825","1.7766125552757697","1.0178169351946522","250"
"2128","59.46937","30.887325","48.5","634503.718390824","154.97140055222008","1.5","0.9679205289846697","0.5545602942153547","301.1064368405452","49.5817251073122","3.7745313054919265","2.4356308919206278","1.3952378503365828","250"
"2129","59.470204","30.884817","56.0","634673.0399872883","169.3215964642264","7.5","4.429440872644129","2.53622485645574","303.21014626238673","54.598104834377764","5.016379727065562","2.96263431943568","1.6969680558765983","250"
"2130","59.488372","30.83351","54.0","638205.1325709937","3532.0925837054074","-2.0","-0.056623657296713974","-0.032442962369639644","304.90864748754467","54.15096347552538","-0.4471413588523845","-0.012659389533422211","-0.007253295876024669","250"
"2131","59.489689","30.830266","55.0","638439.6214458483","234.48887485456163","1.0","0.42645946449281896","0.24434179323320074","308.64865328506886","55.52106902009249","1.3701055445671102","0.5842944768347319","0.3347722654802498","250"
"2132","59.491069","30.827025","60.0","638678.4125520637","238.79110621546036","5.0","2.0938803288127983","1.1995297722834648","309.98800609541934","59.6400743046999","4.119005284607411","1.724940827943084","0.9882202889095494","250"
"2133","59.493054","30.822959","63.0","638996.843966146","318.4314140822393","3.0","0.9421181037198826","0.5397779418506281","313.8821046969622","62.41374256950617","2.7736682648062683","0.8710410286624329","0.49905712614403946","250"
"2134","59.495174","30.819093","60.0","639318.0755513152","321.2315851692114","-3.0","-0.9339056738208744","-0.5350729800993997","317.2112119552303","59.88421868854761","-2.529523880958557","-0.7874455681641981","-0.45116375156364136","250"
"2135","59.49983","30.811012","51.0","640008.0448471198","689.9692958046609","-9.0","-1.3044058706270336","-0.7473271282403653","318.62491893402927","51.481565005004406","-8.402653683543207","-1.217830088184403","-0.6977307498162632","250"
"2136","59.500181","30.810402","51.0","640060.0874874128","52.04264029299727","0.0","0.0","0.0","318.58646795298694","51.35590657544136","-0.12565842956304607","-0.24145283339891263","-0.13834201421054187","250"
"2137","59.515718","30.783394","67.0","642363.7533967637","2303.6659093508465","16.0","0.6945451567023737","0.3979386629247827","318.5978212649273","66.39464674919844","15.038740173757084","0.6528177594117749","0.3740317107325878","250"
"2138","59.515825","30.783208","66.0","642379.6167050779","15.863308314265309","-1.0","-6.30385528787041","-3.6070700831217426","318.5926005434239","66.40772272264958","0.013075973451137202","0.08242904438400434","0.0472283528284925","250"
"2139","59.521844","30.772708","69.0","643273.3134891589","893.6967840809774","3.0","0.3356843230766478","0.1923322271868862","318.4990935699134","69.18568967294694","2.7779669502973547","0.31083998507995575","0.17809761888943973","250"
"2140","59.532822","30.754008","84.0","644886.4052967158","1613.091807556875","15.0","0.929891276474735","0.5327730995771062","319.18615960146167","83.84246837717295","14.656778704226014","0.9086140438853626","0.5205831734319732","250"
"2141","59.534416","30.751275","85.0","645121.2628095443","234.85751282856612","1.0","0.42579008350903746","0.24395827314467905","318.99959482857463","84.69853391319513","0.8560655360221858","0.36450421607209543","0.20884460703354757","250"
"2142","59.53693","30.746945","83.0","645492.3882178643","371.1254083199621","-2.0","-0.5389013942898029","-0.3087647656940014","318.8732015898174","83.94977621567249","-0.7487576975226489","-0.20175328359008898","-0.11559595968426034","250"
"2143","59.538566","30.744169","89.0","645732.3515038693","239.96328600493314","6.0","2.500382495960925","1.4323152013004101","319.29780763734163","86.59240134322643","2.6426251275539414","1.101262268720397","0.6309512953643678","250"
"2144","59.540316","30.74139","76.0","645982.1625503656","249.81104649630674","-13.0","-5.203933205648772","-2.9789469471668446","321.1661298265541","78.06533218818903","-8.527069155037395","-3.4134075632894247","-1.9549794353765295","250"
"2145","59.541919","30.739305","79.0","646195.6659582165","213.50340785095167","3.0","1.4051297963797948","0.8050270915544595","326.6022879069253","78.70913511162996","0.6438029234409299","0.3015422235744235","0.17277044390527485","250"
"2146","59.543549","30.737395","80.0","646406.47535616","210.80939794347688","1.0","0.4743621535640096","0.27178745502963003","329.2917962583419","80.28536060750484","1.5762254958748798","0.747701720725707","0.42839354621551756","250"
"2147","59.547117","30.734343","86.0","646838.9027715898","432.4274154298251","6.0","1.3875160977099723","0.7949371528798408","336.56190754436756","85.56640121948719","5.281040611982348","1.2212548102976053","0.6996926792524039","250"
"2148","59.548865","30.732718","86.0","647053.7650087719","214.8622371820992","0.0","0.0","0.0","334.7730546302847","85.49584749805928","-0.07055372142791327","-0.03283672475592715","-0.01881405673926489","250"
"2149","59.551126","30.730106","81.3","647345.0955078326","291.3304990607344","-4.7","-1.6132880062860084","-0.9242657583966315","329.6538441279971","82.82003680354357","-2.675810694515704","-0.9184794256497913","-0.5262351491156628","250"
"2150","59.55215","30.728709","85.8","647483.5217043826","138.42619655001926","4.5","3.250829764996078","1.8619325490285437","325.34242337629087","85.89093719911575","3.070900395572181","2.218438758058728","1.2708633229248711","250"
"2151","59.552926","30.727529","89.7","647592.4551732166","108.93346883402243","3.9","3.580166905308298","2.0504087918448026","322.38372192159466","88.97321563088894","3.08227843177319","2.829505444712804","1.6207547623374456","250"
"2152","59.553684","30.726243","91.1","647703.6073736248","111.15220040811444","1.4","1.2595342196192778","0.7216217909825503","319.3144459398166","90.78124068379402","1.80802505290508","1.6266210171877884","0.9319030067071794","250"
"2153","59.55417","30.725332","91.4","647778.1409993952","74.5336257704049","0.3","0.40250289302190523","0.2306159247330476","316.4736273806086","91.08696835404635","0.30572767025232395","0.4101875725113582","0.23501884904792256","250"
"2154","59.55462","30.724439","91.1","647849.1020390711","70.96103967598293","-0.3","-0.42276719925446116","-0.24222631922468543","314.84160325955463","90.99037509649992","-0.09659325754643078","-0.13612153653256462","-0.07799184727098821","250"
"2155","59.555501","30.722534","90.2","647994.4205160793","145.3184770080856","-0.9","-0.6193293643931621","-0.35484505021182017","312.38708468725036","89.4200390123725","-1.570336084127419","-1.0806169431847572","-0.6191238028558027","250"
"2156","59.55612","30.721038","86.8","648103.241677571","108.82116149164284","-3.4","-3.124392308807612","-1.7895627664635472","309.23570617989833","86.95827601629496","-2.461762996077539","-2.262209815015249","-1.2959297098575961","250"
"2157","59.556813","30.719136","83.4","648235.2321517119","131.99047414099797","-3.4","-2.57594347025981","-1.4755805757512854","305.7202310491652","83.96989447170496","-2.9883815445899984","-2.2640888018916265","-1.2970057389099539","250"
"2158","59.557486","30.717186","82.4","648368.161175066","132.9290233541315","-1.0","-0.7522811608537404","-0.43101722455521263","304.2618854166826","82.37145766919852","-1.5984368025064413","-1.2024738933408865","-0.6889335866106603","250"
"2159","59.558094","30.715207","81.3","648498.5521577015","130.39098263547868","-1.1","-0.8436166196209769","-0.48334525214803875","301.23196787729825","81.17256827288865","-1.1988893963098661","-0.9194572907403298","-0.5267953772304451","250"
"2160","59.558657","30.713067","79.6","648634.4002093296","135.84805162807973","-1.7","-1.2513981464041923","-0.7169608990623924","297.44158830427614","79.72994659250975","-1.442621680378906","-1.061937703993332","-0.6084226152909135","250"
"2161","59.558957","30.711814","79.0","648712.4761174185","78.07590808893595","-0.6","-0.7684828965633579","-0.4402995986153137","295.2941853175071","78.85654790300131","-0.8733986895084342","-1.118653257946804","-0.6409143707244778","250"
"2162","59.559238","30.7105","78.0","648792.8269406928","80.35082327435224","-1.0","-1.2445423198534884","-0.7130334114782211","292.8846118981907","77.89605340248346","-0.9604945005178536","-1.195376053881007","-0.6848674086462384","250"
"2163","59.559503","30.709198","76.7","648871.8745161374","79.04757544460675","-1.3","-1.6445792204101009","-0.9421895473595787","291.88721614605265","77.00244452422858","-0.8936088782548808","-1.130469686424582","-0.64768382943174","250"
"2164","59.559722","30.707999","76.2","648943.6769828653","71.80246672793288","-0.5","-0.696354906433163","-0.39897552299243144","289.82554153989423","76.33075128877162","-0.6716932354569565","-0.9354737602568349","-0.5359713489607694","250"
"2165","59.559921","30.706838","76.0","649012.7244533703","69.04747050500835","-0.2","-0.28965579555226867","-0.16596008182984717","288.6920073591657","75.7758627924919","-0.554888496279716","-0.8036333441635162","-0.4604380770317181","250"
"2166","59.560339","30.704191","74.3","649168.9195167107","156.1950633403572","-1.7","-1.0883826694929604","-0.6235727130226608","287.3130733557504","74.66359463280439","-1.1122681596875168","-0.7121019934310129","-0.4079974917863592","250"
"2167","59.560666","30.70237","74.4","649277.7581115034","108.8385947928151","0.1","0.09187917226454437","0.05264287314581928","289.517384297159","74.09286551249028","-0.5707291203141125","-0.5243811916173221","-0.3004455375372539","250"
"2168","59.56143","30.698775","72.4","649497.3740512176","219.61593971408251","-2.0","-0.9106807104273922","-0.5217671881648352","292.7586648804962","72.29756341826916","-1.795302094221114","-0.8174734932985346","-0.4683673773992141","250"
"2169","59.561808","30.697188","71.1","649596.1618327685","98.78778155089539","-1.3","-1.3159522155381544","-0.7539415611419878","295.18142294913264","71.64433878964186","-0.6532246286272994","-0.6612403056047559","-0.37885726591283747","250"
"2170","59.562181","30.695776","71.5","649685.8668555118","89.7050227433151","0.4","0.4459059122526206","0.2554835750513281","297.5399282003487","71.53365387028455","-0.11068491935731117","-0.12338764984657397","-0.07069587992547226","250"
"2171","59.562495","30.694666","71.8","649757.482641361","71.61578584916809","0.3","0.4189020569177834","0.24001179501349032","299.1792197481876","71.82781408590078","0.2941602156162304","0.410747731283392","0.23533979097552124","250"
"2172","59.562857","30.693491","72.1","649834.9502874136","77.46764605260664","0.3","0.3872584430876812","0.22188163452210158","301.30630300336094","72.36995838809014","0.5421443021893566","0.6998331946490254","0.4009683382222991","250"
"2173","59.563608","30.691251","74.0","649986.2602112974","151.30992388383515","1.9","1.2557008497728694","0.7194257791693375","303.4982238594749","73.31922728133202","0.9492688932418787","0.627367239950936","0.35945023472597937","250"
"2174","59.564059","30.689997","73.3","650072.8884024153","86.62819111790682","-0.7","-0.8080510408525704","-0.4629690664280195","305.3736884322792","72.83391998028755","-0.48530730104447173","-0.5602186710604815","-0.3209782966760197","250"
"2175","59.564564","30.688663","71.4","650166.6940996319","93.80569721651715","-1.9","-2.0254633315229507","-1.160346344474666","306.77135746128016","70.97703728109599","-1.8568826991915586","-1.9794988516588754","-1.1340211941025484","250"
"2176","59.565643","30.685962","65.0","650360.4499100682","193.75581043633102","-6.4","-3.303126747831424","-1.89186436978201","308.2611217029355","64.22014641577006","-6.7568908653259285","-3.4873229608493586","-1.9972794783842973","250"
"2177","59.56579","30.685619","62.0","650385.7567159386","25.306805870430054","-3.0","-11.85451856453119","-6.760587871330571","310.2333681024197","63.338787561714646","-0.8813588540554136","-3.4826949658046122","-1.994631049141505","250"
"2178","59.566355","30.684383","59.8","650479.5313119096","93.77459597100608","-2.2","-2.346051163665064","-1.3439417716275912","312.0645039323219","60.95228923195601","-2.3864983297586377","-2.5449305380068106","-1.45782311611127","250"
"2179","59.566701","30.683696","60.4","650534.0978484364","54.56653652694708","0.6","1.099575010966101","0.629984684930577","314.8358952625736","60.414624488651754","-0.537664743304255","-0.9853378600247702","-0.5645387380313933","250"
"2180","59.567947","30.681366","60.5","650724.9326735988","190.83482516231803","0.1","0.052401337080348505","0.030023751807389604","316.5544082648048","60.523145551621916","0.10852106297016206","0.056866488010171884","0.032582094075012016","250"
"2181","59.568697","30.680099","60.6","650834.6919410697","109.75926747087489","0.1","0.0911084797705446","0.05220129924338231","319.44809427273447","61.22189117640257","0.6987456247806563","0.6366165162008498","0.3647494679902541","250"
"2182","59.569151","30.679378","62.2","650899.479463188","64.78752211830593","1.6","2.4696113505904784","1.4146955143601805","321.18787952796106","61.87228009349108","0.650388917088506","1.0038799074625149","0.5751614977649708","250"
"2183","59.569609","30.678718","62.7","650962.5292737435","63.04981055555536","0.5","0.7930237943529311","0.4543596401667226","323.8752100460963","62.6679902228713","0.7957101293802253","1.262034132012336","0.7230539076292919","250"
"2184","59.571147","30.676596","65.0","651171.1654718674","208.63619812396715","2.3","1.1023973886992462","0.6316015922567246","325.055181363432","64.78676140129566","2.1187711784243604","1.0155338323244523","0.5818380241737494","250"
"2185","59.572959","30.674344","66.0","651409.2415092848","238.07603741741175","1.0","0.4200338727272788","0.2406602662941152","327.81324348233863","65.6976985436678","0.9109371423721342","0.3826244557216881","0.21922659468105213","250"
"2186","59.575733","30.670865","64.0","651774.6512479249","365.4097386400564","-2.0","-0.5473307874725479","-0.3135943097638997","327.580877130636","64.19446197789908","-1.5032365657687166","-0.4113838266498601","-0.235704240615894","250"
"2187","59.576067","30.670453","64.0","651818.4407564219","43.7895084970162","0.0","0.0","0.0","328.0089378851633","64.12768302893639","-0.06677894896269265","-0.15249988240275167","-0.08737592864478888","250"
"2188","59.580362","30.665152","65.0","652381.6202866018","563.1795301799418","1.0","0.1775632718185779","0.10173615379713569","327.9983579440885","61.19999983119965","-2.927683197736741","-0.5198490074384122","-0.2978488580699903","250"
"2189","59.58094","30.664463","54.0","652456.6902137988","75.06992719692373","-11.0","-14.653004752681799","-8.33622857035693","328.886777673853","58.492392689228055","-2.707607141971593","-3.606780029064085","-2.0656373237822367","250"
"2190","59.58189","30.663455","56.5","652576.6042705796","119.9140567808573","2.5","2.084826472486662","1.1943445582810395","331.7546184177696","57.26772226649523","-1.224670422732828","-1.0212901269539323","-0.5851357960191886","250"
"2191","59.582789","30.662646","61.5","652686.4552285733","109.8509579935985","5.0","4.55162166204447","2.606088404592736","335.5057070859431","60.65323347455263","3.3855112080574017","3.0819132303376824","1.7652474622495162","250"
"2192","59.583496","30.66203","63.2","652772.3791598765","85.92393130323076","1.7","1.9784942032046893","1.133445798288946","336.19694462613165","62.565170647382736","1.9119371728301076","2.225150949021135","1.2747072275632831","250"
"2193","59.584286","30.661391","63.4","652867.3034930576","94.92433318117395","0.2","0.2106941321550051","0.12071866677524057","337.73083301875823","63.330422780513764","0.7652521331310282","0.8061706703490421","0.46189176366883167","250"
"2194","59.585011","30.66086","63.4","652953.2834491518","85.97995609422047","0.0","0.0","0.0","339.6556825790391","63.68345101821423","0.3530282377004639","0.4105936473305483","0.2352515088625164","250"
"2195","59.586494","30.659961","65.0","653125.7763965745","172.49294742270564","1.6","0.9275741552952259","0.5314456014377194","342.9396865354912","65.36289908981323","1.6794480715989977","0.9736328914847727","0.5578329284220358","250"
"2196","59.588159","30.659092","69.0","653317.269209395","191.49281282062654","4.0","2.0888512425512515","1.1966495778506983","345.20046654278025","68.16365714281797","2.800758053004742","1.4625917347760948","0.8379435886877078","250"
"2197","59.589644","30.658357","68.0","653487.4976507396","170.22844134459203","-1.0","-0.5874459004037452","-0.3365778362046158","345.9347501846903","67.59820177668333","-0.5654553661346426","-0.33217443669709457","-0.1903212328502668","250"
"2198","59.591072","30.657986","65.0","653647.6513799634","160.15372922370764","-3.0","-1.8732002149069584","-1.0731391595305275","352.50833960872626","65.106828861475","-2.4913729152083306","-1.5556134267272068","-0.8912289532096969","250"
"2199","59.592827","30.65768","62.0","653843.557227486","195.90584752265895","-3.0","-1.5313478581352773","-0.877329118002715","354.9566937075952","62.478546205699445","-2.62828265577555","-1.341605005165329","-0.7686369321532013","250"
"2200","59.594309","30.657619","62.0","654008.3840920761","164.82686459002062","0.0","0.0","0.0","358.80657684816384","61.799294026434424","-0.6792521792650206","-0.4121004066628018","-0.23611480375980065","250"
"2201","59.598506","30.657269","59.0","654475.4852866243","467.1011945481365","-3.0","-0.6422591153726623","-0.36798230698513157","357.58346642416933","59.13687420976162","-2.662419816672802","-0.56998779873564","-0.32657541578534494","250"
"2202","59.598636","30.65726","59.0","654489.9495157535","14.464229129271164","0.0","0.0","0.0","357.9934900718492","59.075314188957215","-0.061560020804407145","-0.42560180880865983","-0.24385040164228727","250"
"2203","59.633045","30.654992","49.0","658318.1867141731","3828.2371984195397","-10.0","-0.2612168337982931","-0.14966588073351855","358.09153131266356","49.7516025184989","-9.323711670458316","-0.24355104418053156","-0.13954419336397603","250"
"2204","59.633855","30.654913","51.0","658408.3641386875","90.1774245144286","2.0","2.2178499893618002","1.2705261492054536","357.1773634572199","50.76239437931776","1.0107918608188626","1.1208923588820543","0.642197120216538","250"
"2205","59.635987","30.654815","54.0","658645.4960406065","237.13190191905474","3.0","1.2651186853062282","0.7248209443538226","358.6689401449939","53.11726507365704","2.354870694339276","0.9930636389628898","0.5689648501921495","250"
"2206","59.63829","30.654564","50.0","658901.9666203934","256.47057978688724","-4.0","-1.559633078898865","-0.8935314856166978","356.84682523107017","51.53393030387163","-1.5833347697854094","-0.617355320482011","-0.3537140496085296","250"
"2207","59.639759","30.654261","55.5","659066.1974995878","164.2308791943838","5.5","3.3489438934868003","1.9180866516511699","354.0482764014849","54.38312579393387","2.849195490062243","1.7348719705080147","0.9939087121480406","250"
"2208","59.640949","30.653974","55.2","659199.499097796","133.3015982082466","-0.3","-0.22505356577295768","-0.12894597713194245","353.0502331701196","55.47582859349251","1.0927027995586371","0.8197222045692157","0.4696557077193663","250"
"2209","59.64114","30.653893","55.0","659221.2197340507","21.72063625465193","-0.2","-0.9207833401158578","-0.5275550832385352","347.9023796058569","55.574106496274474","0.09827790278196602","0.45246327791580115","0.259240593018075","250"
"2210","59.643032","30.653052","58.0","659436.8442910144","215.62455696367803","3.0","1.3913072064910261","0.7971088789638118","347.3389623516051","57.783980503976345","2.2098740077018704","1.0248712107842726","0.5871873911753345","250"
"2211","59.644268","30.652359","59.0","659579.692287722","142.8479967076192","1.0","0.700044819002115","0.4010895841050283","344.1799923460143","58.97039173638821","1.1864112324118636","0.8305410364558393","0.47585401976973724","250"
"2212","59.646388","30.650999","60.5","659827.5039556175","247.81166789553575","1.5","0.6052983754712956","0.3468061871485352","342.0385357156793","60.15278819179535","1.1823964554071438","0.4771351024139749","0.2733762017294373","250"
"2213","59.647546","30.650096","59.8","659965.9042117881","138.40025617050551","-0.7","-0.5057794106519703","-0.28978778491896945","338.4934700148926","59.53746784883737","-0.615320342957979","-0.44459480060493556","-0.2547323783048271","250"
"2214","59.648698","30.64904","57.9","660107.0755465908","141.17133480279637","-1.9","-1.3458822944857245","-0.7710871959798266","335.14687997033144","58.32061604988575","-1.2168517989516232","-0.8619680480116275","-0.4938590814435042","250"
"2215","59.649642","30.648057","57.9","660225.6874104566","118.61186386575292","0.0","0.0","0.0","332.2484764462965","57.91175533020496","-0.4088607196807885","-0.34470474230431497","-0.19750048688175326","250"
"2216","59.651879","30.645293","58.0","660518.9255556157","293.2381451590836","0.1","0.034101975357179175","0.01953899185282949","328.0245560958714","57.59001344263554","-0.32174188756942357","-0.10972033921264795","-0.06286509840946591","250"
"2217","59.653302","30.643245","55.5","660714.5659047951","195.6403491793903","-2.5","-1.2778550081750528","-0.7321171402524381","323.97808605774054","55.89932969003916","-1.690683752596378","-0.8641794801981895","-0.49512604437754343","250"
"2218","59.654295","30.641599","55.5","660858.5884114791","144.02250668402542","0.0","0.0","0.0","320.05587016885346","55.461214557826516","-0.4381151322126442","-0.3041990743667835","-0.17429269331347777","250"
"2219","59.656917","30.63665","55.0","661261.4457499773","402.857338498094","-0.5","-0.1241134149036646","-0.0711117120355507","316.3641090482677","54.85567403918505","-0.6055405186414689","-0.15031140326225775","-0.08612202533621813","250"
"2220","59.657026","30.63645","55.0","661277.9720126303","16.526262653094193","0.0","0.0","0.0","317.17178069839684","54.78605105596781","-0.06962298321723637","-0.42128692178446614","-0.24137819781493314","250"
"2221","59.666294","30.61922","44.0","662691.6695377856","1413.697525155242","-11.0","-0.7781013833770459","-0.4458102560816324","316.8083143608214","43.78322919672728","-11.002821859240534","-0.7783009917932965","-0.44592461635407193","250"
"2222","59.666514","30.618807","43.0","662725.3792909374","33.70975315190099","-1.0","-2.9665005124595734","-1.6991812761827738","316.5266708700695","43.511000951886174","-0.2722282448411022","-0.8075652278270998","-0.46269073423077894","250"
"2223","59.67445","30.60383","41.0","663944.3666217367","1218.9873307992366","-2.0","-0.16407061414565216","-0.09400545297509902","316.3851906869735","40.72515037673712","-2.7858505751490554","-0.2285381073913619","-0.13094246214527244","250"
"2224","59.677569","30.597942","36.0","664423.4822546459","479.1156329092286","-5.0","-1.0435894086025952","-0.5979109814649558","316.3774711189084","36.07716110908985","-4.647989267647269","-0.9701184742030445","-0.5558195058216243","250"
"2225","59.680859","30.591816","32.0","664925.5697715762","502.08751693029467","-4.0","-0.7966738596600728","-0.45645084141806724","316.77360666538436","32.24896058112383","-3.8282005279660183","-0.7624568225418541","-0.4368471148279549","250"
"2226","59.68369","30.586633","32.0","665354.2099079267","428.64013635053794","0.0","0.0","0.0","317.25876954038796","32.076601923763754","-0.17235865736007838","-0.04021057356586996","-0.023038960329531014","250"
"2227","59.686437","30.581815","33.0","665762.1631090015","407.95320107468575","1.0","0.24512615598202542","0.1404466605609747","318.48385487452657","32.64081071019173","0.5642087864279759","0.13830233098837327","0.0792413481015228","250"
"2228","59.689434","30.576632","29.0","666204.5041864669","442.34107746540246","-4.0","-0.9042795715287958","-0.518099907744374","318.8864002094973","29.129919383227826","-3.510891326963904","-0.793706826207771","-0.4547509639612388","250"
"2229","59.689867","30.575888","29.0","666268.2333909578","63.72920449084317","0.0","0.0","0.0","319.06947551249135","28.432475196540356","-0.6974441866874699","-1.0943870902824169","-0.6270125829880722","250"
"2230","59.691203","30.57359","25.0","666464.9536363884","196.72024543056196","-4.0","-2.033344352151042","-1.1648599777439719","319.04095131865057","25.170111552596094","-3.262363643944262","-1.6583771725192398","-0.9500930359829616","250"
"2231","59.694827","30.567257","17.0","667002.2315265263","537.2778901378203","-8.0","-1.4889873837815795","-0.8530638883222722","318.5951354817155","19.317226359903813","-5.8528851926922805","-1.089359026330103","-0.6241320579651682","250"
"2232","59.695462","30.56606","23.0","667099.6811611742","97.44963464787179","6.0","6.157026675041552","3.5232688027943277","316.43342977338375","21.63075040924549","2.3135240493416767","2.374071547524475","1.3599873316778406","250"
"2233","59.696372","30.564273","25.0","667242.1308844659","142.44972329172754","2.0","1.4040041312710263","0.8043822601685653","315.26323483992167","24.91094427472353","3.28019386547804","2.3027028692505227","1.3191184401970768","250"
"2234","59.696732","30.563541","26.0","667299.4822290787","57.35134461278734","1.0","1.7436382821563963","0.9989299198187798","314.2656705832347","25.364643626868723","0.4536993521451933","0.7910875589899147","0.45325032861521275","250"
"2235","59.699936","30.556933","24.0","667813.6525960583","514.1703669797274","-2.0","-0.388976130955998","-0.22286578235111748","313.8630224453358","23.916153321444988","-1.4484903054237357","-0.28171407736549825","-0.1614098496275182","250"
"2236","59.70089","30.554989","23.0","667965.7934840266","152.1408879682099","-1.0","-0.6572855025066974","-0.37659142912940763","314.20755758756184","23.20314844942093","-0.713004872024058","-0.46864776559805643","-0.2685134246882626","250"
"2237","59.701549","30.55367","23.0","668069.931795908","104.13831188146133","0.0","0.0","0.0","314.7216434210542","22.924823779523372","-0.27832466989755744","-0.26726443406761685","-0.1531308762549296","250"
"2238","59.703962","30.548716","22.0","668456.2237334211","386.2919375130792","-1.0","-0.2588715691137462","-0.14832215213761807","313.9965306304359","22.08089736533165","-0.8439264141917207","-0.218468555058348","-0.12517306246777782","250"
"2239","59.704822","30.546956","22.0","668593.669192365","137.4454589439634","0.0","0.0","0.0","314.0878252782978","22.187096964776515","0.10619959944486368","0.0772667211131081","0.0442705613558986","250"
"2240","59.705867","30.544817","23.0","668760.6948843086","167.02569194364278","1.0","0.5987102872397717","0.3430316274361612","314.0835109104967","22.81290303528309","0.6258060705065738","0.37467653222938363","0.2146728352535006","250"
"2241","59.707498","30.541582","23.0","669017.2400582114","256.5451739027471","0.0","0.0","0.0","314.9869781287657","22.81889285415411","0.005989818871022123","0.0023348008383477854","0.001337742340166264","250"
"2242","59.711555","30.533968","19.4","669638.419302599","621.1792443876775","-3.6","-0.5795428666565753","-0.33204988557753523","316.5744774501982","19.70014779382944","-3.1187450603246702","-0.5020684590643315","-0.28766162027140574","250"
"2243","59.712214","30.532691","19.8","669740.8809293348","102.4616267357436","0.4","0.3903900540556815","0.22367588831108826","315.6577453801459","19.712924477100373","0.012776683270931954","0.012469725181978617","0.007144626209122211","250"
"2244","59.71288","30.531477","19.9","669841.4757244802","100.5947951454818","0.1","0.09940872174885232","0.05695698326819221","317.4075826473734","19.739186844527723","0.026262367427349886","0.026107083760515473","0.014958256808879139","250"
"2245","59.714154","30.529011","19.1","670039.4458518196","197.97012733936705","-0.8","-0.4041013716320004","-0.23153177061655966","315.6914312086197","19.21037818801403","-0.5288086565136929","-0.2671153792850733","-0.1530454747650548","250"
"2246","59.715433","30.526593","19.0","670235.9435931328","196.49774131318483","-0.1","-0.05089117021483548","-0.029158490160656393","316.3673862808471","18.89264329391718","-0.3177348940968514","-0.16169900578675592","-0.09264662508410465","250"
"2247","59.716084","30.525294","18.6","670338.6364181573","102.69282502445046","-0.4","-0.3895111463773275","-0.2231723189629278","314.82188887740404","18.55069393098354","-0.34194936293363654","-0.332982720898194","-0.19078434046160092","250"
"2248","59.71681","30.523954","18.0","670448.9211780034","110.28475984619247","-0.6","-0.5440461590856107","-0.31171241236403624","317.0542805593025","18.169345169723034","-0.381348761260508","-0.34578554805972483","-0.19811973558324555","250"
"2249","59.717029","30.523553","18.0","670482.0661224513","33.14494444788274","0.0","0.0","0.0","317.2823817757678","18.09180617058277","-0.07753899914026263","-0.23393914345575476","-0.13403701131243953","250"
"2250","59.718079","30.521731","18.0","670637.2075052001","155.14138274869455","0.0","0.0","0.0","318.81432603966044","18.096592339754103","0.004786169171332233","0.003085037071691632","0.0017675960379325219","250"
"2251","59.718779","30.52062","18.3","670736.9023298055","99.69482460548456","0.3","0.30091832869676965","0.1724129817153825","321.32961192519986","18.363812812387945","0.2672204726338414","0.2680384600617881","0.15357435730494332","250"
"2252","59.719502","30.519562","18.8","670836.8131535169","99.9108237113322","0.5","0.5004462794187617","0.2867322031508314","323.5776956910423","18.713670953691004","0.34985814130305926","0.35017041027895884","0.20063204615069227","250"
"2253","59.719979","30.518909","19.0","670901.2624438343","64.44929031750607","0.2","0.3103214930912512","0.1778005477283594","325.3838443962067","18.807269855439664","0.09359890174865981","0.14522875471172716","0.08320988858884887","250"
"2254","59.720237","30.518558","19.0","670936.0519214898","34.78947765539551","0.0","0.0","0.0","325.5508099920568","18.78988592875004","-0.017383926689625184","-0.04996892124055535","-0.0286300805561795","250"
"2255","59.721764","30.516709","18.0","671134.9912908587","198.93936936889628","-1.0","-0.5026657132634641","-0.2880038130844604","328.5952876391183","17.788903351545333","-1.0009825772047058","-0.5031596211349041","-0.2882867942922845","250"
"2256","59.722203","30.516233","17.0","671190.6243769194","55.63308606062935","-1.0","-1.7974915123532649","-1.029775877209144","331.3351652689316","17.50385242676735","-0.285050924777984","-0.5123766178768753","-0.293567608265139","250"
"2257","59.72332","30.515063","17.3","671331.0856507805","140.4612738611665","0.3","0.2135820014679088","0.12237328656306032","332.1616393055513","17.374938083052633","-0.12891434371471533","-0.09177927849503609","-0.05258563828015843","250"
"2258","59.72421","30.514236","17.8","671440.370999408","109.28534862745543","0.5","0.4575178706749227","0.2621366013878797","334.8981566342126","17.699134942233563","0.32419685918092966","0.29665171338391344","0.16996841303670082","250"
"2259","59.72463","30.513869","17.9","671491.4039486544","51.032949246516864","0.1","0.19595183401403216","0.11227198707129804","336.22477409262603","17.817709423840046","0.11857448160648332","0.23234887138053528","0.13312585748326228","250"
"2260","59.724988","30.513616","17.9","671533.6629407676","42.2589921131872","0.0","0.0","0.0","340.3897659248663","17.885177556455137","0.06746813261509033","0.15965390853237232","0.09147487369554741","250"
"2261","59.726492","30.512382","18.0","671714.6424505921","180.97950982451025","0.1","0.05525487393405289","0.03165870751757899","337.52878955253647","17.783309567987917","-0.10186798846721956","-0.05628702860671771","-0.03225008839911469","250"
"2262","59.729108","30.510301","16.0","672028.0461754696","313.40372487756207","-2.0","-0.6381545084639129","-0.36563063684781794","338.1494700936821","16.261510406970977","-1.52179916101694","-0.48557149778978015","-0.2782097882252617","250"
"2263","59.733316","30.506992","17.0","672531.3711556463","503.3249801765997","1.0","0.19867879389755974","0.11383441391042891","338.3795356587304","16.934303065657616","0.6727926586866388","0.133669633970994","0.07658701314185669","250"
"2264","59.734138","30.506248","17.0","672631.8352657437","100.46411009737547","0.0","0.0","0.0","335.4781981255899","16.90640181005001","-0.027901255607606146","-0.027772361274650898","-0.01591239047239094","250"
"2265","59.734945","30.505458","16.7","672731.8975433115","100.06227756776482","-0.3","-0.29981328357915105","-0.17177984321342943","333.73908080383103","16.763666692197322","-0.14273511785268767","-0.14264628121823797","-0.08173024333564813","250"
"2266","59.735739","30.504619","16.6","672831.9261318417","100.02858853023695","-0.1","-0.09997141964046778","-0.05727938509108964","331.9624319067413","16.724215301275255","-0.03945139092206773","-0.039440115572701745","-0.022597520486541536","250"
"2267","59.736537","30.503752","16.9","672933.0911762463","101.16504440456457","0.3","0.29654511769923564","0.1699073387455117","331.297005648505","16.838456836223603","0.11424153494834854","0.1129258980913312","0.06470174608047356","250"
"2268","59.737276","30.502859","17.0","673029.303055542","96.21187929578761","0.1","0.10393726921450774","0.05955164715660867","328.65922907488965","16.8863544318676","0.04789759564399532","0.049783452931775746","0.02852381506934949","250"
"2269","59.738785","30.500904","16.5","673229.6937726985","200.39071715645278","-0.5","-0.24951255581845674","-0.14295986716691905","326.86019668128995","16.698034041523933","-0.18832039034366588","-0.09397660381475499","-0.05384461186444915","250"
"2270","59.739521","30.499838","16.9","673331.0142164365","101.32044373801314","0.4","0.3947870590009359","0.22619514774101357","323.8752122078948","16.813787932276725","0.11575389075279219","0.11424534524552614","0.06545773263737108","250"
"2271","59.740231","30.498733","17.0","673431.3470328173","100.33281638083231","0.1","0.0996682876123311","0.05710570340567152","321.8940917371633","16.776758147895336","-0.03702978438138871","-0.03690695199946856","-0.021146124882493827","250"
"2272","59.740641","30.498057","17.0","673490.6194889857","59.272456168466206","0.0","0.0","0.0","320.2787798634358","16.509879122138024","-0.26687902575731215","-0.4502580844613212","-0.25797713597857397","250"
"2273","59.740918","30.497601","16.0","673530.6388802016","40.01939121590105","-1.0","-2.4987886362515837","-1.4314025571690998","320.3229193801186","16.285477277219297","-0.22440184491872728","-0.5607327800368059","-0.3212728501686524","250"
"2274","59.742482","30.494789","15.0","673765.3074973753","234.6686171737125","-1.0","-0.42613282169713984","-0.24415464409822454","317.82503330154543","14.54942941826582","-1.7360478589534765","-0.7397869727371231","-0.42385898049339554","250"
"2275","59.742955","30.493884","13.0","673838.3651610815","73.05766370620955","-2.0","-2.737563588185218","-1.568116746911089","316.0478144143957","14.541743266105652","-0.007686152160168547","-0.010520665143464286","-0.006027897081669198","250"
"2276","59.743288","30.493121","14.3","673894.9215486279","56.55638754639137","1.3","2.2985909397654725","1.316763724491334","310.8978989518258","15.08153596150875","0.5397926954030989","0.9544327684654974","0.5468330905846069","250"
"2277","59.743609","30.492445","16.0","673946.9653136588","52.043765030965915","1.7","3.266481583314551","1.8708908676315459","313.30188266191595","15.959265086948871","0.8777291254401209","1.6865211902287895","0.9662138610758146","250"
"2278","59.743897","30.491837","17.7","673993.7195658039","46.754252145075036","1.7","3.6360329210806834","2.082376044037807","313.2316989795165","17.027761311650277","1.0684962247014056","2.2853455582733733","1.309178664448909","250"
"2279","59.744931","30.489429","20.0","674170.978262438","177.25869663403427","2.3","1.2975385939729358","0.7433931343913939","310.4396010127558","19.113705672562123","2.0859443609118458","1.1767797013753611","0.6742139822513105","250"
"2280","59.746132","30.486142","16.5","674398.4573082111","227.47904577313702","-3.5","-1.5386032538093735","-0.8814851742799432","305.95052178612946","16.89103854006529","-2.2226671324968343","-0.9770865377699369","-0.5598115337525658","250"
"2281","59.74663","30.484663","16.2","674498.1163302034","99.65902199225324","-0.3","-0.3010264339372303","-0.1724749208945267","303.7558689741726","16.32041849809885","-0.5706200419664391","-0.5725723878875661","-0.3280562279591432","250"
"2282","59.747979","30.480047","16.3","674797.0689058127","298.9525756092929","0.1","0.033450121577374196","0.01916550719101399","300.11844050543857","16.441290572464467","0.12087207436561798","0.040431855828393364","0.023165745706155157","250"
"2283","59.748398","30.478454","16.8","674897.7392262572","100.67032044447542","0.5","0.4966707146579257","0.2845690176586091","297.56895273820703","16.71104186427593","0.2697512918114633","0.2679551337677963","0.15352661519815605","250"
"2284","59.748764","30.476861","17.0","674995.8203545505","98.08112829328859","0.2","0.20391282551516635","0.11683328097360296","294.51597953527926","16.944887085735797","0.23384522145986608","0.23842019920550553","0.13660445281284178","250"
"2285","59.748978","30.475866","17.0","675056.4262292199","60.60587466943067","0.0","0.0","0.0","293.11873907750356","17.03151969486475","0.08663260912895154","0.1429442436091903","0.08190096286209453","250"
"2286","59.749598","30.472637","17.3","675250.0021630818","193.57593386186292","0.3","0.15497794277158544","0.08879574929400544","290.8649818535476","17.29277489322424","0.2612551983594926","0.13496264393378885","0.07732785194267716","250"
"2287","59.750032","30.47007","17.5","675401.6809425084","151.67877942667008","0.2","0.13185760114630346","0.07554879663992463","288.55301154725265","17.505167050540447","0.21239215731620575","0.14002760183001597","0.08022985356450192","250"
"2288","59.750512","30.466589","17.8","675603.8479532511","202.16701074271262","0.3","0.14839216294383178","0.0850223840879352","285.3094993698039","17.692832094550134","0.18766504400968742","0.09282673929848965","0.053185788601266853","250"
"2289","59.75071","30.464863","17.6","675703.0069567645","99.1590035133623","-0.2","-0.20169625844722083","-0.11556328681709092","282.8292469855361","17.647615385711195","-0.04521670883893947","-0.04560020496055735","-0.02612699108078438","250"
"2290","59.751233","30.459773","17.5","675993.9965836505","290.98962688594264","-0.1","-0.03436548617562796","-0.019689972412666797","281.5305367746524","17.521207352101804","-0.12640803360939046","-0.043440735314918225","-0.024889706359253905","250"
"2291","59.751683","30.454519","17.6","676292.5215084332","298.5249247826996","0.1","0.03349804043089245","0.019192962668594583","279.65155163347504","17.62054650837183","0.09933915627002676","0.033276670731041","0.01906612718759752","250"
"2292","59.752017","30.450983","17.8","676494.0392042568","201.51769582366848","0.2","0.09924686722053606","0.05686424754600937","280.6216904868693","17.80017477148771","0.17962826311588032","0.08913771189258644","0.0510721333424773","250"
"2293","59.752159","30.449216","17.9","676594.2669447245","100.22774046763143","0.1","0.09977277701106613","0.05716557136165149","279.06479860200216","17.897232190191747","0.09705741870403628","0.0968368819362749","0.05548342901857985","250"
"2294","59.752326","30.447473","18.0","676693.648636105","99.38169138052946","0.1","0.10062215546030813","0.05765222887657651","280.76982760756147","17.92764271736145","0.030410527169703272","0.030599727924998068","0.017532352096299945","250"
"2295","59.752798","30.442101","17.6","676999.0928146542","305.4441785491688","-0.4","-0.13095682553190652","-0.0750326911211992","279.8964812313546","17.685418654441833","-0.24222406291961818","-0.07930223586848496","-0.04543682468731555","250"
"2296","59.75326","30.43717","18.0","677280.0254885728","280.93267391850287","0.4","0.14238286861429225","0.08157931933741454","280.53868253866125","18.03222327297926","0.3468046185374263","0.12344759109011026","0.07073022367589413","250"
"2297","59.753315","30.436549","18.0","677315.3422933058","35.31680473300509","0.0","0.0","0.0","279.9723146895305","18.12613328140974","0.09391000843048047","0.26590743171824227","0.15235337670639496","250"
"2298","59.753881","30.429905","19.8","677692.7648308362","377.42253753040353","1.8","0.4769190551730101","0.2732524185953551","279.60196626741464","19.685263233542443","1.5591299521327038","0.4130993242572609","0.23668713163900204","250"
"2299","59.754051","30.428156","19.9","677792.5344041171","99.76957328093627","0.1","0.10023095891010267","0.05742808998976342","280.9225073192015","19.968306994199754","0.28304376065731063","0.2836974754420383","0.16254624393392827","250"
"2300","59.754509","30.422891","20.9","678091.7923331012","299.2579289839552","1.0","0.33415990125816025","0.19145880762032683","279.8004875109149","20.881811134934427","0.9135041407346733","0.30525645346681896","0.17489852128558728","250"
"2301","59.755159","30.415892","22.0","678490.4072795945","398.6149464932571","1.1","0.2759555329465318","0.15811047236725426","280.44966987404496","22.253258936047555","1.3714478011131277","0.3440532807859293","0.19712723135326274","250"
"2302","59.755455","30.412658","24.0","678674.504225429","184.0969458345936","2.0","1.0863841281739397","0.6224277685736107","280.30038530421416","23.624948240041732","1.3716893039941773","0.7450907443226162","0.4268976502700096","250"
"2303","59.756429","30.401845","23.3","679289.7184540435","615.214228614516","-0.7","-0.11378150365221959","-0.06519197132624541","280.1440163164905","23.593548017144204","-0.03140022289752764","-0.005103949394707929","-0.0029243475891118174","250"
"2304","59.756609","30.400082","24.1","679390.4656704492","100.74721640568838","0.8","0.7940666040623535","0.4549570884964122","281.45976212941855","24.387520415902138","0.7939723987579335","0.7880837080011913","0.45152935606919575","250"
"2305","59.756809","30.398376","25.7","679488.5658105869","98.10014013767734","1.6","1.6309864570575547","0.9344035561131794","283.10343000132303","26.02415122616291","1.6366308102607725","1.6683266792115328","0.9557921066108654","250"
"2306","59.757054","30.39665","28.4","679588.9969300106","100.4311194236637","2.7","2.6884097434084984","1.5399743825655716","285.7399141103067","27.93633835273981","1.9121871265768995","1.9039787045591243","1.090767647283737","250"
"2307","59.75744","30.394318","30.0","679726.4726632879","137.47573327722665","1.6","1.1638417645487444","0.6668021056547112","288.1934742423769","29.348106309354304","1.4117679566144936","1.0269215685997422","0.5883620360414008","250"
"2308","59.757744","30.392668","29.0","679824.8687163685","98.39605308060408","-1.0","-1.0163009274170987","-0.5822774919297405","290.09361119930435","29.558005230426787","0.2098989210724831","0.21332046814981298","0.12222343969249475","250"
"2309","59.757962","30.391572","29.7","679890.8623348007","65.99361843223117","0.7","1.0607086209689045","0.6077184819052809","291.5506709114506","29.57353120863438","0.015525978207591606","0.023526484191096795","0.013479682260612896","250"
"2310","59.75833","30.389905","29.9","679992.7942925552","101.93195775451204","0.2","0.1962093188494135","0.11241951444765043","293.6690885283408","29.85031750768423","0.27678629904985286","0.27154025601710846","0.1555807239906964","250"
"2311","59.758706","30.388419","30.0","680085.9266897384","93.13239718321029","0.1","0.10737402131213239","0.061520758862538986","296.6752992599889","29.844698794066908","-0.0056187136173235785","-0.006033038756932704","-0.0034566765799171452","250"
"2312","59.759111","30.386898","29.5","680182.2781111804","96.35142144196617","-0.5","-0.5189337038490471","-0.29732444189059387","297.865878712926","30.30517869144678","0.46047989737987294","0.4779170773907332","0.2738242301715211","250"
"2313","59.759543","30.385385","31.5","680279.6778814433","97.39977026284873","2.0","2.0533929336821664","1.1763421745498932","299.55090604394843","31.777273120760917","1.4720944293141365","1.5113941494332648","0.8658991306482915","250"
"2314","59.760278","30.382932","36.0","680439.521185667","159.84330422370303","4.5","2.815257118122499","1.612597570449077","300.75173013773934","35.380780813992025","3.6035076932311085","2.2544001519062364","1.291457383364513","250"
"2315","59.760634","30.381817","37.0","680513.4516508682","73.93046520111189","1.0","1.3526223557226587","0.7749482637033603","302.3743480544972","35.9522974254489","0.5715166114568717","0.7730461453234252","0.4429139922477017","250"
"2316","59.761777","30.378689","33.2","680729.8666766711","216.4150258028539","-3.8","-1.7558854732488214","-1.0059448956631396","305.9654981882753","33.382452752888206","-2.5698446725606914","-1.1874612971197873","-0.6803332306824943","250"
"2317","59.762326","30.377365","32.1","680825.9050364896","96.03835981849596","-1.1","-1.1453756624737275","-0.6562232188491074","309.4682534785117","31.92597583824396","-1.4564769146442451","-1.5165574645348567","-0.8688568143464016","250"
"2318","59.762897","30.376045","30.5","680923.3456751156","97.44063862598811","-1.6","-1.6420253628892665","-0.9407266898216978","310.66296891193144","29.91184519636631","-2.0141306418776495","-2.0670334988347117","-1.1841543268207089","250"
"2319","59.763514","30.374715","26.9","681024.6040564387","101.25838132310653","-3.6","-3.5552612563622943","-2.0361570466649206","312.6528676186476","27.530047330200674","-2.3817978661656376","-2.3521982427958545","-1.3474618460185273","250"
"2320","59.763827","30.374088","25.9","681074.0401038107","49.43604737201624","-1.0","-2.022815441685291","-1.1588298366861307","314.75084994192895","26.547663398802282","-0.9823839313983918","-1.9871813860961705","-1.138421231277242","250"
"2321","59.765103","30.371674","24.9","681270.0029443433","195.96284053255704","-1.0","-0.5103008291175801","-0.2923783000110193","316.3900830485555","24.90422461473942","-1.6434387840628624","-0.8386481741112665","-0.4804987439556632","250"
"2322","59.7658","30.370505","24.4","681371.4470745447","101.44413020151576","-0.5","-0.49288214015612813","-0.28239837750370683","319.8183128308254","24.37101392489672","-0.5332106898427007","-0.5256200519275915","-0.30115533264531785","250"
"2323","59.766501","30.369399","23.8","681470.9988960505","99.55182150573282","-0.6","-0.6027011770602794","-0.3453181563592295","321.5353310484944","23.969827165663244","-0.40118675923347524","-0.40299288668502403","-0.23089666586810983","250"
"2324","59.766849","30.368875","23.7","681519.5592802924","48.56038424187892","-0.1","-0.20592917778801076","-0.11798856087469714","322.831635794203","23.871198615670203","-0.09862854999304105","-0.20310496206490655","-0.11637041122939316","250"
"2325","59.767589","30.367836","23.9","681620.3297194223","100.77043912990003","0.2","0.19847090250563088","0.11371530138656687","324.74161419394665","23.863672988176347","-0.007525627493855325","-0.007468090403133277","-0.004278900603262089","250"
"2326","59.768713","30.366381","24.0","681769.5164086226","149.18668920032957","0.1","0.0670301087422879","0.038405417560464505","326.9054028744363","24.048798068881034","0.1851250807046867","0.12408954290559975","0.07109803440923924","250"
"2327","59.769489","30.365468","24.2","681869.8069848779","100.2905762553296","0.2","0.19942053128782544","0.11425939644630624","329.35897131710624","24.40770498108864","0.35890691220760473","0.3578670355765673","0.20504183234145906","250"
"2328","59.770269","30.364613","25.0","681968.8708077132","99.06382283536317","0.8","0.8075601941281244","0.46268785032178905","331.1067125571811","25.340919150471688","0.9332141693830494","0.9420332697376146","0.5397293398726533","250"
"2329","59.771072","30.363809","27.0","682068.8634950651","99.99268735185389","2.0","2.000146263658669","1.1458466075682743","333.2481642881442","26.057424580156802","0.7165054296851139","0.7165578290379149","0.41055036726586497","250"
"2330","59.771754","30.363173","26.0","682152.6406147609","83.77711969577062","-1.0","-1.1936433284307382","-0.6838747717274466","334.8505014523162","26.162820588052274","0.10539600789547166","0.12580524166766316","0.07208105585435726","250"
"2331","59.77231","30.362668","26.0","682220.6219265033","67.98131174232793","0.0","0.0","0.0","335.42736481765724","25.705551693737508","-0.45726889431476536","-0.6726391159499371","-0.3853880126550398","250"
"2332","59.772833","30.362192","25.0","682284.5908673673","63.96894086404755","-1.0","-1.563258647857385","-0.8956082772677281","335.3833338525819","25.372062118291854","-0.33348957544565394","-0.5213304627857064","-0.29869764645601943","250"
"2333","59.773923","30.361203","25.0","682417.8389673714","133.24810000402795","0.0","0.0","0.0","335.4507316340478","24.792477593958377","-0.5795845243334767","-0.4349664455372771","-0.249215843912421","250"
"2334","59.775162","30.360117","24.0","682568.4251165908","150.5861492194391","-1.0","-0.6640716992787743","-0.3804794637565295","336.1914677644333","24.416948729097843","-0.3755288648605344","-0.24937809141616427","-0.14288282521883583","250"
"2335","59.776376","30.358981","25.0","682717.6422710745","149.21715448369443","1.0","0.670164233770638","0.38397007353634166","334.77805324495284","24.425042911589145","0.008094182491301893","0.005424431607283047","0.0031079703704984976","250"
"2336","59.776725","30.358716","24.3","682759.187431975","41.545160900511995","-0.7","-1.6849134407645858","-0.9652929501776899","339.0823686132976","24.34886992019415","-0.07617299139499423","-0.183349852892387","-0.105051609732966","250"
"2337","59.777162","30.358321","24.0","682812.5729375028","53.38550552771704","-0.3","-0.5619502841351648","-0.3219704066520964","335.53515241905734","24.15178737348318","-0.1970825467109698","-0.3691686437410379","-0.21151709126246354","250"
"2338","59.785122","30.35113","21.0","683784.8825558415","972.3096183387512","-3.0","-0.30854369260747194","-0.17678195283591386","335.5527097917043","21.096419903934002","-3.0553674695491786","-0.3142381204424837","-0.18004458801599965","250"
"2339","59.786146","30.350193","21.0","683910.2383832524","125.35582741097018","0.0","0.0","0.0","335.27522420060416","21.0","-0.09641990393400235","-0.07691696981736361","-0.044070168743741284","250"
"2340","59.786571","30.349775","21.0","683962.9677687236","52.729385471187044","0.0","0.0","0.0","333.6676568821351","20.998742349028586","-0.0012576509714143924","-0.002385104548775012","-0.0013665642431634943","250"
"2341","59.787404","30.349105","21.0","684062.8926449064","99.92487618274968","0.0","0.0","0.0","337.96475989516705","20.96000009584427","-0.03874225318431712","-0.038771379724766984","-0.022214363128180026","250"
"2342","59.788247","30.348483","20.9","684162.8825222042","99.98987729776061","-0.1","-0.10001012372703413","-0.05730156087701954","339.6311001399822","20.724344898164272","-0.23565519767999632","-0.23567905476895118","-0.13503390156576095","250"
"2343","59.788674","30.3482","20.5","684212.9336340784","50.05111187412767","-0.4","-0.7991830451358409","-0.45788840726740876","341.5566516162575","20.519371330678464","-0.20497356748580842","-0.40952849958916293","-0.23464123442289928","250"
"2344","59.789518","30.347675","20.1","684311.2720100832","98.33837600479592","-0.4","-0.40675880185421426","-0.23305434095027389","342.6201179363879","19.88387496113777","-0.635496369540693","-0.6462343546426882","-0.37025985678152074","250"
"2345","59.789962","30.347427","19.0","684362.5554748579","51.28346477470867","-1.1","-2.1449408787654383","-1.2287721763689883","344.30195428158976","19.715558110237122","-0.16831685090064852","-0.3282088128016984","-0.18804912249916625","250"
"2346","59.790818","30.346981","19.8","684460.9550505292","98.39957567126511","0.8","0.8130116360182821","0.4658110913861495","345.3099531486172","19.481516152858735","-0.23404195737838762","-0.23784854333140498","-0.13627691998101693","250"
"2347","59.791262","30.346781","19.5","684511.5778368758","50.62278634657244","-0.3","-0.5926185057182503","-0.33954141756650685","347.22994612353034","19.567378506839276","0.08586235398054143","0.16961206637799972","0.09718046238918857","250"
"2348","59.793457","30.345932","19.8","684760.2298324519","248.6519955760745","0.3","0.12065054990005727","0.0691276395100612","348.9878665436353","19.886585241854192","0.3192067350149159","0.12837489370450492","0.0735533556415168","250"
"2349","59.794341","30.34555","20.2","684860.8225172418","100.59268478994363","0.4","0.3976432290631023","0.22783158695236314","347.7344716024776","20.14405712711811","0.25747188526391795","0.2559548796232723","0.14665102323135554","250"
"2350","59.794775","30.345314","20.4","684910.8545340677","50.03201682584115","0.2","0.39974402930065683","0.22903523769161438","344.69971934050284","20.2206777561903","0.0766206290721918","0.153143194964345","0.08774451873083722","250"
"2351","59.795415","30.344885","20.3","684985.9570299338","75.10249586618126","-0.1","-0.13315136713722736","-0.07629006864800554","341.3645278458459","20.220347443461417","-0.0003303127288845076","-0.0004398159143380051","-0.00025199595654092554","250"
"2352","59.796049","30.344378","20.0","685061.9459545437","75.98892460980905","-0.3","-0.39479437502300757","-0.22619933944755702","338.0848641378158","20.172962595522403","-0.04738484793901421","-0.06235757142547787","-0.03572825200271782","250"
"2353","59.796853","30.343607","20.2","685161.2064131943","99.2604586507005","0.2","0.20149010262364786","0.11544516871099295","334.24651244535437","20.18887990140915","0.015917305886745226","0.01603589798306145","0.009187892672562143","250"
"2354","59.801373","30.338842","21.0","685730.1057803098","568.8993671154183","0.8","0.1406224099099228","0.08057065281941886","332.06507354424247","21.268144494593145","1.0792645931839964","0.18971098502998252","0.10869625729478966","250"
"2355","59.801603","30.338621","21.0","685758.5110831294","28.405302819705568","0.0","0.0","0.0","334.2049209855692","21.332583130538463","0.06443863594531862","0.22685424744219135","0.12997768646344188","250"
"2356","59.8019","30.338317","22.0","685795.655978658","37.144895528611094","1.0","2.692159947602339","1.5421215372598431","332.75852087545144","21.33461015677452","0.0020270262360568836","0.005457078845451466","0.003126675860041214","250"
"2357","59.802372","30.337801","22.0","685855.5514206507","59.89544199263133","0.0","0.0","0.0","331.1948660407324","21.2748816177845","-0.05972853899001862","-0.09972134273149992","-0.05713610171955784","250"
"2358","59.802557","30.337634","21.0","685878.1436463548","22.592225704118924","-1.0","-4.426301388347426","-2.534429584273714","335.5799378319602","21.23364543437958","-0.041236183404922855","-0.18252377585535912","-0.10457830403918406","250"
"2359","59.804926","30.335104","19.8","686177.1614898724","299.0178435175781","-1.2","-0.40131384330897185","-0.22993466043571745","331.7588249645629","19.7313891120553","-1.5022563223242784","-0.5023968819559648","-0.2878497879809681","250"
"2360","59.805599","30.334414","19.0","686261.3588656338","84.19737576149376","-0.8","-0.9501483778617557","-0.5443785381840682","332.7226360828576","19.68519798576832","-0.04619112628698119","-0.05486052964147835","-0.03143276494967445","250"
"2361","59.805976","30.334045","20.0","686308.083262302","46.72439666818417","1.0","2.1402095507012193","1.2260625689538935","333.79096565893377","19.709881307244302","0.024683321475983178","0.05282748036592772","0.030267913857113707","250"
"2362","59.80625","30.333918","20.0","686339.3675608418","31.284298539900938","0.0","0.0","0.0","346.87823159475846","19.760548012137413","0.05066670489311065","0.16195570064800655","0.09279370002066695","250"
"2363","59.806407","30.333892","20.0","686356.8856329652","17.518072123366643","0.0","0.0","0.0","355.23901409758713","19.805165611207485","0.044617599070072345","0.25469468761096575","0.1459289911015337","250"
"2364","59.80672","30.333962","20.0","686391.9091451647","35.02351219943318","0.0","0.0","0.0","6.417304123084042","19.927433715820314","0.12226810461282867","0.3491029223928246","0.2000204281219032","250"
"2365","59.80683","30.334019","20.0","686404.549124513","12.63997934838385","0.0","0.0","0.0","14.606539501759801","19.96380993193388","0.036376216113566784","0.2877869900809439","0.164889344093174","250"
"2366","59.807095","30.334241","20.0","686436.5242510741","31.975126561044807","0.0","0.0","0.0","22.84607557971346","19.97820983558893","0.014399903655050394","0.04503470417094064","0.025802983061762326","250"
"2367","59.807285","30.334494","20.0","686461.9510319076","25.426780833525868","0.0","0.0","0.0","33.808779740008404","19.94435101509094","-0.03385882049798994","-0.13316204170583093","-0.07629618471445239","250"
"2368","59.807379","30.334665","20.0","686476.117638442","14.166606534358836","0.0","0.0","0.0","42.454291447785295","19.918724334776403","-0.025626680314537964","-0.18089498181787256","-0.10364507688012144","250"
"2369","59.807632","30.335244","20.0","686519.0102000079","42.89256156602584","0.0","0.0","0.0","49.01337165303101","19.811628345668314","-0.10709598910808893","-0.24968429302883385","-0.14305826472730795","250"
"2370","59.808669","30.338146","18.8","686718.0847377757","199.07453776774005","-1.2","-0.602789293626309","-0.34536864159847847","54.60257088963307","18.920654201507567","-0.8909741441607473","-0.4475580624983017","-0.2564301685221812","250"
"2371","59.808811","30.338513","18.6","686743.9782424272","25.89350465146118","-0.2","-0.7723944776579865","-0.4425406364719046","52.425238728028724","18.817494239032268","-0.10315996247529924","-0.3984009266566312","-0.2282657088174984","250"
"2372","59.808971","30.338862","18.7","686770.3862571435","26.40801471620681","0.1","0.37867291833425554","0.21696256333679148","47.64617882144992","18.722762312054634","-0.09473192697763366","-0.3587241524804813","-0.2055329178485458","250"
"2373","59.809241","30.339295","18.7","686808.9557674578","38.5695103143926","0.0","0.0","0.0","38.88510935922166","18.60354515504837","-0.11921715700626478","-0.3090968903532532","-0.17709890877379933","250"
"2374","59.809541","30.3396","18.5","686846.4212122838","37.46544482594607","-0.2","-0.5338252379736682","-0.30585642603274","27.078693010169495","18.514783589184283","-0.08876156586408612","-0.236915820101556","-0.13574251194718456","250"
"2375","59.810295","30.340211","18.3","686936.9561947664","90.53498248269563","-0.2","-0.22090908344542612","-0.12657137548261999","22.170551585598282","18.36675399774313","-0.1480295914411549","-0.16350540684033213","-0.09368161391239914","250"
"2376","59.810564","30.340586","18.3","686973.4852523273","36.52905756080867","0.0","0.0","0.0","35.030933515664415","18.31086533308029","-0.05588866466283804","-0.15299782801623638","-0.08766122979991484","250"
"2377","59.810695","30.340818","18.3","686992.9908330089","19.505580681567594","0.0","0.0","0.0","41.68689757679397","18.277245256483553","-0.033620076596736936","-0.17236132133460286","-0.09875566484194447","250"
"2378","59.811234","30.342203","18.2","687090.9163028895","97.92546988051907","-0.1","-0.10211847859603033","-0.058509558000220785","52.262362232531984","18.138720843672754","-0.1385244128107992","-0.14145902284647266","-0.08104999576938741","250"
"2379","59.811373","30.342451","18.0","687111.6811470025","20.764844112993817","-0.2","-0.9631663927341882","-0.5518366287123411","41.89740167090287","18.124453586876392","-0.014267256796362204","-0.06870871131382258","-0.03936718554571432","250"
"2380","59.811452","30.342735","18.0","687129.8285605668","18.14741356427834","0.0","0.0","0.0","61.04906537776961","18.13375365579128","0.009300068914889437","0.051247352036963775","0.029362567258903752","250"
"2381","59.811896","30.344042","18.0","687218.0217559336","88.19319536683253","0.0","0.0","0.0","55.957416742898","18.518186463952066","0.38443280816078484","0.4358984914445694","0.24974985675545994","250"
"2382","59.812131","30.344714","18.7","687263.788570187","45.766814253362305","0.7","1.5294925185852843","0.8762663356683478","55.18278194000753","18.75677263432741","0.23858617037534557","0.5213082323242929","0.29868490968601535","250"
"2383","59.812526","30.3457","20.0","687334.2758129315","70.48724274440612","1.3","1.8443053656020163","1.0565893483938695","51.45519296017922","18.792528762817383","0.03575612848997167","0.050727092020930675","0.029064480304716946","250"
"2384","59.81329","30.347774","17.0","687478.0253776141","143.7495646825671","-3.0","-2.086962841678656","-1.1955680753158813","53.77255854878436","17.80959688514471","-0.982931877672673","-0.6837807682014329","-0.39177141554000006","250"
"2385","59.813744","30.349162","17.5","687570.6043804446","92.57900283051065","0.5","0.5400792671264529","0.30943961747587634","56.95479708411369","17.4038270175457","-0.4057698675990089","-0.4382957854297411","-0.2511233787897432","250"
"2386","59.814106","30.35057","17.5","687659.0199330978","88.41555265315142","0.0","0.0","0.0","62.91732351942776","17.658511466145516","0.2546844485998143","0.28805390110371776","0.1650422715765375","250"
"2387","59.814371","30.351843","18.0","687736.0513897804","77.03145668262523","0.5","0.6490854795334243","0.3718933624928681","67.50908305200457","17.788932300925254","0.13042083477973776","0.16930854016831118","0.09700655518072687","250"
"2388","59.814603","30.35308","18.0","687809.8655683394","73.81417855903153","0.0","0.0","0.0","69.54338954146364","17.738773583114146","-0.05015871781110803","-0.06795268712635544","-0.03893401579645025","250"
"2389","59.814912","30.355462","17.0","687947.4008112339","137.53524289449612","-1.0","-0.7270863663411016","-0.4165824604910519","75.53201254514019","17.342203889489173","-0.3965696936249721","-0.28834041753878487","-0.16520643203796473","250"
"2390","59.815012","30.356476","17.3","688005.171984855","57.77117362109614","0.3","0.5192901255003236","0.2975286509510778","78.90230262269894","17.222198806107045","-0.12000508338212867","-0.20772484936727467","-0.1190174005023938","250"
"2391","59.815084","30.35754","17.3","688065.1945397324","60.022554877413754","0.0","0.0","0.0","82.33435791006835","17.16806479072571","-0.05413401538133655","-0.09018945543370559","-0.05167473751836732","250"
"2392","59.815124","30.358605","17.1","688124.9024622631","59.70792253070835","-0.2","-0.33496392358507887","-0.1919194733236833","85.7274661937013","17.28270409351587","0.1146393027901631","0.19200015329825454","0.11000784932081976","250"
"2393","59.815147","30.359713","17.0","688186.9012470837","61.998784820507055","-0.1","-0.16129348387957992","-0.09241427875227551","87.6353652437966","17.42948055553436","0.14677646201849015","0.23674086910481118","0.13564227297205073","250"
"2394","59.81515","30.360397","17.8","688225.1437278934","38.2424808096362","0.8","2.0919144968189904","1.198403926663834","89.49991282126223","17.451152679264545","0.021672123730184012","0.05667028726003348","0.03246967936203706","250"
"2395","59.815124","30.361476","18.0","688285.5376457983","60.39391790498402","0.2","0.33115917452922017","0.18973953687590944","92.74334568836011","17.295175263345243","-0.1559774159193026","-0.25826676150518546","-0.14797562522054994","250"
"2396","59.815081","30.362803","17.0","688359.8814903711","74.34384457272769","-1.0","-1.3451012733431331","-0.7706397848250144","93.68692196577538","17.037390336573125","-0.25778492677211773","-0.3467468332498419","-0.1986705048225244","250"
"2397","59.815057","30.363335","16.0","688389.7440644332","29.862574062060883","-1.0","-3.3486731516237813","-1.9179317017591284","95.12687216676791","16.878995119214057","-0.15839521735906814","-0.5304138117159246","-0.3039018781092981","250"
"2398","59.815006","30.364235","16.5","688440.3799405263","50.635876093227125","0.5","0.9874421824546613","0.5657443086731866","96.42992435687684","16.61876198756695","-0.2602331316471087","-0.5139303429212644","-0.29445780369958957","250"
"2399","59.814953","30.366142","16.6","688547.1596638799","106.77972335358709","0.1","0.0936507389786571","0.053657905230768604","93.16302673045108","16.596805099725724","-0.02195688784122396","-0.02056278772002115","-0.011781609347753248","250"
"2400","59.814941","30.36692","16.5","688590.6767602898","43.51709640987471","-0.1","-0.22979474333059693","-0.13166245772107044","91.75676835146302","16.707436688542366","0.11063158881664137","0.2542255755637624","0.1456602114376465","250"
"2401","59.81495","30.36854","17.0","688681.2536913961","90.57693110631564","0.5","0.5520169362032367","0.31627919408634037","89.3662440947995","17.08634348344803","0.3789067949056637","0.41832593606082524","0.23968170786193024","250"
"2402","59.815014","30.370084","17.7","688767.8688184475","86.61512705135243","0.7","0.8081729183228971","0.46303889251473657","85.28647557159634","17.559196484267712","0.47285300081968273","0.5459242708716889","0.3127884591924183","250"
"2403","59.815113","30.371435","18.0","688844.1986108207","76.3297923731905","0.3","0.3930313324229213","0.22518920612068583","81.70727938565902","17.85061339223385","0.29141690796613773","0.3817865854283298","0.21874653737789473","250"
"2404","59.815219","30.372664","18.0","688913.9130398659","69.71442904521815","0.0","0.0","0.0","80.26566749753265","17.940717865049837","0.09010447281598744","0.12924795347250695","0.07405358121121207","250"
"2405","59.815675","30.377333","17.7","689179.8239134935","265.91087362760993","-0.3","-0.11281975644972292","-0.06464093147700559","79.00527604356202","17.687114437639714","-0.2536034274101233","-0.095371589717417","-0.05464387919506593","250"
"2406","59.816153","30.381879","17.3","689439.4738757256","259.6499622320612","-0.4","-0.15405355601111215","-0.0882661159583861","78.18589415303435","17.32015814310312","-0.3669562945365925","-0.14132730518505782","-0.08097452725940023","250"
"2407","59.81633","30.383742","17.2","689545.4702105154","105.99633478982689","-0.1","-0.09434288477831179","-0.05405447521166077","79.29834296269041","17.2652676872015","-0.05489045590162078","-0.05178523956555614","-0.029670754029523086","250"
"2408","59.816798","30.388393","17.5","689810.6433590573","265.1731485418551","0.3","0.11313362670755023","0.06482076565835178","78.68044099109666","17.445604773283005","0.18033708608150434","0.06800729526090754","0.038965303938360306","250"
"2409","59.817948","30.399911","17.1","690467.122574133","656.4792150757166","-0.4","-0.0609310989311162","-0.03491094377812654","78.76267627123718","17.103347963750362","-0.3422568095326426","-0.0521352088037041","-0.029871271578438722","250"
"2410","59.818424","30.403345","17.0","690666.2558865703","199.13331243731608","-0.1","-0.050217614911356616","-0.028772571497708954","74.58425311587688","17.01531973570585","-0.08802822804451083","-0.044205676572683275","-0.02532798533153512","250"
"2411","59.818643","30.404658","17.0","690743.589685015","77.33379844466648","0.0","0.0","0.0","71.64519455670552","16.934148639917375","-0.08117109578847703","-0.10496199258407847","-0.06013876975851716","250"
"2412","59.818761","30.405362","17.0","690785.0743353096","41.484650294508924","0.0","0.0","0.0","71.56122200241298","16.847405904769897","-0.0867427351474781","-0.2090959777451944","-0.1198029957824104","250"
"2413","59.819429","30.408775","16.0","690989.8145151627","204.7401798531348","-1.0","-0.48842391401498464","-0.2798440635767595","68.72669886230648","16.328033404827117","-0.5193724999427793","-0.25367394925379966","-0.14534415488161884","250"
"2414","59.820056","30.411708","17.0","691167.9777648695","178.16324970674603","1.0","0.5612829815610035","0.32158808249953136","66.96190857949753","16.953958558380602","0.6259251535534851","0.3513211364205291","0.20129135555256297","250"
"2415","59.820963","30.415635","18.0","691409.5526192607","241.57485439123806","1.0","0.4139503685182683","0.23717473574417802","65.32238053266656","18.20583904081583","1.2518804824352294","0.5182163870448907","0.2969134606881856","250"
"2416","59.8213","30.417099","19.0","691499.5587015875","90.00608232674605","1.0","1.111036025731832","0.6365505605203178","65.39590941732254","18.863955330193043","0.6581162893772117","0.7311909066190374","0.4189340638170133","250"
"2417","59.823122","30.424944","22.0","691982.6033825222","483.0446809347652","3.0","0.6210605599040118","0.3558369140234049","65.1987861671933","22.100566445171832","3.236611114978789","0.6700438370867582","0.3839010944152393","250"
"2418","59.8235","30.42662","23.0","692085.2794474649","102.67606494265803","1.0","0.9739368182433507","0.558007049116396","65.83447530101444","22.692224961221218","0.5916585160493852","0.5762380126077207","0.33015640692275994","250"
"2419","59.823896","30.42846","23.0","692197.1537416652","111.87429420033725","0.0","0.0","0.0","66.82077854413866","22.3675092677474","-0.32471569347381646","-0.29025049569683686","-0.1663008170487846","250"
"2420","59.824508","30.431128","19.7","692361.0693143527","163.91557268754735","-3.3","-2.0132315349258456","-1.1533408979304316","65.46937710888442","20.41199202287197","-1.9555172448754305","-1.1930027225680375","-0.6835077838646069","250"
"2421","59.824803","30.432316","19.9","692435.1295881862","74.06027383340624","0.2","0.27005031125038365","0.15472705478226645","63.709345503655946","19.947277846336366","-0.46471417653560465","-0.6274810400795289","-0.3595154348300694","250"
"2422","59.824965","30.432844","20.0","692469.7037855529","34.57419736676286","0.1","0.28923303392758665","0.16571785929079746","58.59955208067522","19.88036507087946","-0.0669127754569061","-0.1935338505391631","-0.11088658984502954","250"
"2423","59.825528","30.434448","19.8","692579.0476675004","109.34388194758894","-0.2","-0.18290918196581374","-0.10479912473724302","55.07235382026587","20.545744242072104","0.6653791711926438","0.608519799499688","0.3486518591736324","250"
"2424","59.82606","30.435723","22.0","692671.6617693194","92.61410181903588","2.2","2.3754481842286923","1.3607756418422834","50.30196155927699","21.28752919638157","0.7417849543094661","0.800941692182993","0.45889597330765086","250"
"2425","59.826924","30.437323","21.9","692802.9106637225","131.2488944031026","-0.1","-0.0761911179936279","-0.04365428652695249","42.94603590544086","21.919830757796763","0.6323015614151934","0.48175762873340167","0.27602465333723475","250"
"2426","59.827337","30.437964","21.9","692861.1544634892","58.2437997665855","0.0","0.0","0.0","37.95683641121414","21.89283969050646","-0.02699106729030376","-0.04634152888113689","-0.026551738310032724","250"
"2427","59.830638","30.44256","21.7","693309.1492046895","447.99474120034563","-0.2","-0.044643381184369516","-0.025578771551271428","34.98036053210806","21.652303529441358","-0.24053616106510134","-0.0536917376352711","-0.03076309665611654","250"
"2428","59.831352","30.443522","21.5","693405.0303868962","95.88118220666911","-0.2","-0.2085915039813608","-0.11951395486765601","34.101840049061295","21.56240459448099","-0.08989893496036672","-0.09376077024852715","-0.053720948449191994","250"
"2429","59.834425","30.447715","21.5","693819.3439729342","414.3135860379673","0.0","0.0","0.0","34.4356818309887","21.5","-0.06240459448099145","-0.01506216464629107","-0.008629984580373893","250"
"2430","59.835414","30.449087","21.5","693953.3984712593","134.05449832513534","0.0","0.0","0.0","34.87931731109888","21.476569548487664","-0.023430451512336248","-0.0174783030820108","-0.0100143298945209","250"
"2431","59.836398","30.450452","21.4","694086.7719147042","133.37344344490816","-0.1","-0.07497744484741181","-0.042958903434366785","34.87726973627854","21.405425101697446","-0.07114444679021759","-0.053342288354131635","-0.030562877023829337","250"
"2432","59.837738","30.452045","21.3","694260.331441855","173.5595271508102","-0.1","-0.057617119406592705","-0.033012174043938206","30.85037720065345","21.260531770288946","-0.14489333140850036","-0.08348336376982575","-0.0478324329234391","250"
"2433","59.838589","30.452974","21.1","694368.2580429458","107.92660109070522","-0.2","-0.18531112624580212","-0.10617533277099582","28.744217900928966","21.119813109338285","-0.140718660950661","-0.13038366772284082","-0.0747042964473803","250"
"2434","59.839314","30.45371","21.0","694458.7553840253","90.49734107948498","-0.1","-0.11050048411054277","-0.06331208796810035","27.023781402171018","20.964757366478445","-0.15505574285984025","-0.17133734650132185","-0.09816897221183549","250"
"2435","59.840384","30.454692","20.7","694589.7731585163","131.01777449103867","-0.3","-0.22897656532894273","-0.1311936787238316","24.753922244278577","20.723549321234227","-0.24120804524421757","-0.1841032990990972","-0.10548330115311629","250"
"2436","59.84147","30.455563","20.5","694719.9656099785","130.1924514623173","-0.2","-0.15361873730282102","-0.08801698377958762","21.94608712779457","20.487504266262054","-0.23604505497217332","-0.18130471645700122","-0.10387983676559934","250"
"2437","59.842338","30.456215","20.3","694823.1266891188","103.161079140318","-0.2","-0.19387156635688477","-0.11108008602931997","20.674698712848194","20.302344223976135","-0.18516004228591854","-0.1794863371233902","-0.10283798554237998","250"
"2438","59.844661","30.457626","19.8","695093.1905870175","270.0638978986041","-0.5","-0.18514136983526977","-0.10607806984600496","16.968318570938873","19.76671451616287","-0.5356297078132641","-0.19833443565802603","-0.11363711195023667","250"
"2439","59.845139","30.45794","19.6","695149.1609929162","55.970405898802","-0.2","-0.35733169482746385","-0.2047351086085103","18.262272656574996","19.64720611721277","-0.11950839895009935","-0.21352069371477853","-0.12233815996819432","250"
"2440","59.845728","30.458404","19.5","695219.5966272439","70.43563432773817","-0.1","-0.14197359185366082","-0.08134482150107435","21.589840937349646","19.49788785600662","-0.149318261206151","-0.21199249872780396","-0.12146257270132253","250"
"2441","59.846129","30.458766","19.4","695268.5562701243","48.95964288035987","-0.1","-0.20424985583404845","-0.11702638431774184","24.39281603167106","19.403699857532978","-0.09418799847364312","-0.19237885109539182","-0.11022482637424427","250"
"2442","59.84661","30.459284","19.3","695329.3654470302","60.80917690588604","-0.1","-0.16444886296482739","-0.09422217299980627","28.41140661344906","19.28038227081299","-0.12331758671998827","-0.2027943691966857","-0.11619245535740884","250"
"2443","59.847034","30.459799","19.2","695384.5945184062","55.22907137603062","-0.1","-0.18106406193061567","-0.10374195233141731","31.38803518558649","19.158228563666345","-0.12215370714664431","-0.22117646395854293","-0.1267245724833571","250"
"2444","59.84744","30.460335","19.0","695438.7642591734","54.16974076725804","-0.2","-0.3692098156040771","-0.2115406806808065","33.54989814870817","19.03795000040531","-0.12027856326103503","-0.22204013081365034","-0.127219414710202","250"
"2445","59.847823","30.460939","18.9","695493.0946891529","54.33042997948509","-0.1","-0.1840589151195003","-0.10545787109219926","38.38392419506675","18.900316849768164","-0.13763315063714643","-0.2533260839075193","-0.14514484400062858","250"
"2446","59.848187","30.461588","18.8","695547.4286374768","54.33394832382065","-0.1","-0.18404699655548282","-0.10545104228117161","41.84659927536696","18.758563976109027","-0.14175287365913647","-0.2608919065007288","-0.14947971237425436","250"
"2447","59.848521","30.462319","18.6","695602.6213928203","55.192755343562006","-0.2","-0.3623663989142175","-0.2076197442070516","47.70846699225527","18.62526431775093","-0.13329965835809787","-0.241516585878597","-0.13837854147772768","250"
"2448","59.849243","30.464213","18.3","695735.4191970917","132.797804271473","-0.3","-0.22590734963262082","-0.12943515676263084","52.80274897884665","18.269880426585676","-0.3553838911652534","-0.2676127765175672","-0.15333046034950995","250"
"2449","59.851555","30.47246","16.6","696262.89447779","527.4752806982663","-1.7","-0.32228998442345164","-0.18465791951737526","60.827648737330925","16.649248941421508","-1.6206314851641679","-0.30724311535865584","-0.1760367840271226","250"
"2450","59.852366","30.475294","16.3","696445.0511707967","182.1566930066975","-0.3","-0.16469337198000716","-0.09436226596661026","60.32480800869409","16.427522371411325","-0.22172657001018337","-0.12172298824179409","-0.06974210051533886","250"
"2451","59.852442","30.475923","16.4","696481.1801959488","36.12902515202214","0.1","0.2767857687253513","0.15858615879519472","76.4725345527101","16.44908293288946","0.02156056147813601","0.05967656582876072","0.03419214951928502","250"
"2452","59.85286","30.478333","16.7","696623.5665199872","142.38632403837406","0.3","0.21069439219397784","0.12071881576593563","70.94656438638927","16.68355355721712","0.23447062432765975","0.16467215226686263","0.09435010799952659","250"
"2453","59.852906","30.478874","16.7","696654.2083896264","30.641869639192702","0.0","0.0","0.0","80.39053520088098","16.74445363110304","0.060900073885918005","0.19874790475586165","0.11387401135906276","250"
"2454","59.852911","30.479292","16.8","696677.5580421407","23.34965251438175","0.1","0.4282718980010817","0.2453802221738735","88.63542830660502","16.788744100511074","0.04429046940803616","0.18968363396738488","0.10868058634666126","250"
"2455","59.85287","30.479722","16.8","696702.0001634784","24.442121337720486","0.0","0.0","0.0","100.74970711153658","16.830184425771236","0.041440325260161615","0.16954471621989914","0.09714187370207038","250"
"2456","59.852835","30.479926","16.9","696714.0388971427","12.03873366433695","0.1","0.8306521498705124","0.4759176786750491","108.8610419880746","16.84874479353428","0.018560367763043928","0.15417209384759792","0.08833403297451045","250"
"2457","59.852701","30.480407","16.9","696744.7560997928","30.71720265001392","0.0","0.0","0.0","119.01716486115478","16.890567868709564","0.04182307517528372","0.13615522107207495","0.07801114705470648","250"
"2458","59.852529","30.480775","17.0","696772.8297491914","28.07364939861593","0.1","0.35620591601792295","0.204090093074012","132.94230056996838","16.924317430734636","0.033749562025072066","0.12021793656344502","0.06887977068609108","250"
"2459","59.852353","30.481028","17.0","696796.9673363832","24.13758719181227","0.0","0.0","0.0","144.17234837125667","16.950581165909767","0.026263735175131586","0.1088084528350892","0.06234262662493746","250"
"2460","59.852258","30.481125","17.0","696808.8388294798","11.87149309657143","0.0","0.0","0.0","152.85102472270185","16.960346081614496","0.009764915704728594","0.08225516053704121","0.04712872479047769","250"
"2461","59.851976","30.481315","17.0","696841.942449451","33.1036199711489","0.0","0.0","0.0","161.3049042386564","16.98325980991125","0.022913728296753533","0.06921819522071526","0.03965909818282913","250"
"2462","59.851648","30.481425","17.0","696878.9281701216","36.985720670687186","0.0","0.0","0.0","170.43916033408198","16.997454768419267","0.014194958508017663","0.03837956446599077","0.021989869554819432","250"
"2463","59.851461","30.481384","17.0","696899.8473391233","20.9191690016179","0.0","0.0","0.0","186.2839535097971","17.0","0.002545231580732832","0.012166982256971978","0.006971167292951181","250"
"2464","59.851399","30.481351","17.0","696906.9835160255","7.136176902165818","0.0","0.0","0.0","194.96655526957235","17.0","0.0","0.0","0.0","250"
"2465","59.851343","30.481276","17.0","696914.488076506","7.504560480467836","0.0","0.0","0.0","213.92675576908525","17.0","0.0","0.0","0.0","250"
"2466","59.851295","30.481167","17.0","696922.5839567119","8.095880205945951","0.0","0.0","0.0","228.75589129923753","16.99999998605251","-1.3947488497478844e-08","-1.7227883988741863e-07","-9.870850424959151e-08","250"
"2467","59.851267","30.48103","17.0","696930.8442646665","8.260307954572522","0.0","0.0","0.0","247.85712643029245","16.999479496717452","-0.0005204893350594375","-0.006301088747802905","-0.0036102579110867707","250"
"2468","59.85126","30.48082","17.0","696942.598006289","11.75374162242082","0.0","0.0","0.0","266.20302566066164","16.99696294492483","-0.0025165517926204473","-0.021410644146030954","-0.012267395274788352","250"
"2469","59.851276","30.480694","17.0","696949.8561955438","7.258189254768692","0.0","0.0","0.0","284.18893054327003","16.994366718173026","-0.002596226751805375","-0.03576962050279458","-0.020494482021881238","250"
"2470","59.851334","30.480538","17.0","696960.6957355322","10.83953998846025","0.0","0.0","0.0","306.51130768459166","16.98892264151573","-0.0054440766572945165","-0.05022424072507014","-0.028776367808367717","250"
"2471","59.851431","30.480424","17.0","696973.2204865763","12.524751044098766","0.0","0.0","0.0","329.44810095294304","16.980235999643803","-0.008686641871928913","-0.06935580468900228","-0.03973794256251724","250"
"2472","59.851552","30.480367","17.0","696987.0465357613","13.826049185008722","0.0","0.0","0.0","346.68896419201593","16.967663581013678","-0.012572418630124815","-0.0909328359959605","-0.052100662856943","250"
"2473","59.851836","30.480295","17.0","697018.8809003513","31.83436459005924","0.0","0.0","0.0","352.743695187546","16.92681330806017","-0.0408502729535094","-0.12832130774259434","-0.0735226531975074","250"
"2474","59.852093","30.480256","17.0","697047.5409137007","28.6600133494306","0.0","0.0","0.0","355.64165716109426","16.875839642763136","-0.05097366529703251","-0.17785639062881045","-0.10190409797397691","250"
"2475","59.852329","30.480321","16.9","697074.0328240686","26.491910367821205","-0.1","-0.3774737216439721","-0.216275484066279","7.875528218383824","16.816825928032397","-0.0590137147307388","-0.22276126527447673","-0.12763259227720636","250"
"2476","59.85339","30.480886","16.4","697196.1571341194","122.12431005081419","-0.5","-0.40941889439699364","-0.23457843632658662","14.972622853785799","16.23959449380636","-0.5772314342260358","-0.4726589112240291","-0.2708115909340308","250"
"2477","59.853556","30.48092","16.4","697214.7129125503","18.555778430874525","0.0","0.0","0.0","5.872941553777521","16.100521383583544","-0.13907311022281732","-0.7494868013266252","-0.42941626474825506","250"
"2478","59.854019","30.480901","16.0","697266.2071667992","51.49425424887312","-0.4","-0.7767856935393009","-0.4450564668935425","358.8193676120687","15.671056013464927","-0.4294653701186171","-0.8340063884467563","-0.4778393826835811","250"
"2479","59.854102","30.480875","16.0","697275.5498654203","9.342698621077947","0.0","0.0","0.0","351.0596845285711","15.578106501638889","-0.09294951182603839","-0.9948893311867745","-0.5700107914454331","250"
"2480","59.854205","30.480842","15.0","697287.1502647516","11.60039933136245","-1.0","-8.620392897134442","-4.926941172052335","350.85946864546446","15.459428269326686","-0.11867823231220243","-1.023052990868581","-0.5861457371186651","250"
"2481","59.854724","30.480684","15.0","697345.531070081","58.38080532939238","0.0","0.0","0.0","351.30771130876684","15.015532265484334","-0.4438960038423527","-0.7603458043064524","-0.4356376605902907","250"
"2482","59.855231","30.480519","14.0","697402.6549400454","57.12386996434197","-1.0","-1.7505816756186563","-1.0029069772717025","350.7180135256879","14.879789184570312","-0.13574308091402187","-0.23762935004010727","-0.13615133218594735","250"
"2483","59.855301","30.480499","14.0","697410.518308575","7.86336852956537","0.0","0.0","0.0","351.83483886272313","14.899648954272271","0.01985976970195935","0.2525605868183448","0.14470624928238177","250"
"2484","59.85785","30.47972","19.0","697697.272908402","286.75459982699334","5.0","1.7436511926980884","0.9989373147659981","351.2753939255746","17.89976840865612","3.0001194543838476","1.0462323729746268","0.5994251231842131","250"
"2485","59.858215","30.479618","19.0","697738.2567597756","40.983851373548","0.0","0.0","0.0","352.0121569310388","18.079271826863287","0.17950341820716886","0.4379857241113871","0.2509457301506972","250"
"2486","59.858298","30.479594","18.3","697747.582730206","9.325970430373934","-0.7","-7.505921289651064","-4.292526986073544","351.7385476051261","18.130887058496477","0.05161523163318904","0.553456951408321","0.3171042368166349","250"
"2487","59.858449","30.47948","17.0","697765.5392242819","17.956494075992417","-1.3","-7.239720596338914","-4.140829913772897","339.2384097762393","18.213184319257735","0.08229726076125843","0.45831474904273617","0.2625931694868318","250"
"2488","59.858864","30.479362","17.0","697812.153150137","46.613925855141616","0.0","0.0","0.0","351.87452163694553","18.287069093108176","0.07388477385044112","0.15850364991793858","0.0908158257237891","250"
"2489","59.859289","30.479221","19.0","697860.0623163286","47.9091661915356","2.0","4.174566495280296","2.3904624394308898","350.5420948010848","18.164274734973908","-0.12279435813426787","-0.25630660663838206","-0.1468525466443674","250"
"2490","59.859522","30.479122","19.0","697886.5538545857","26.491538257063173","0.0","0.0","0.0","347.95662858516926","18.1634032356143","-0.0008714993596079523","-0.003289727274993528","-0.0018848748853820666","250"
"2491","59.859623","30.479077","19.0","697898.0621716458","11.50831706001707","0.0","0.0","0.0","347.3896069862872","18.215661936342716","0.052258700728415874","0.4540950727711212","0.2601755233911968","250"
"2492","59.859733","30.479022","19.0","697910.6732208534","12.611049207618017","0.0","0.0","0.0","345.9066480473042","18.223219531178476","0.0075575948357595735","0.05992835894410928","0.03433641629588955","250"
"2493","59.859872","30.478834","18.5","697929.3566424516","18.683421598127644","-0.5","-2.6761693374735356","-1.5329661887475063","325.81875084140563","18.223219531178476","0.0","0.0","0.0","250"
"2494","59.860064","30.478651","18.4","697953.0250662803","23.668423828698945","-0.1","-0.42250384192776647","-0.24207542928665887","334.425307363467","18.22279809266329","-0.0004214385151861677","-0.001780593918024892","-0.0010202051651870768","250"
"2495","59.860168","30.478425","18.3","697970.1408551513","17.115788871016676","-0.1","-0.5842558631307773","-0.3347501422128086","312.5047699208518","18.264378387391567","0.04158029472827707","0.24293530985701625","0.139191405670937","250"
"2496","59.860202","30.478274","18.2","697979.3804257355","9.239570584117944","-0.1","-1.0823013806712156","-0.6200888015822525","294.15329904166265","18.30548896944523","0.041110582053661915","0.44494039716875583","0.2549303866330727","250"
"2497","59.860213","30.478108","18.2","697988.7289543583","9.348528622802908","0.0","0.0","0.0","277.51811071395946","18.35041860049963","0.0449296310544014","0.48060644479184833","0.27536508879560323","250"
"2498","59.860135","30.477592","18.3","698018.8157037139","30.08674935567038","0.1","0.3323722307712622","0.19043455925570515","253.24559453896222","18.543771260380744","0.19335265988111416","0.6426505489024305","0.3682065726207635","250"
"2499","59.860131","30.477422","17.0","698028.3176359739","9.501932259975517","-1.3","-13.681427781546294","-7.790512984523157","267.317108597413","18.616532720446585","0.07276146006584128","0.7657543547466709","0.43873635130476807","250"
"2500","59.860135","30.477297","17.0","698035.3108510129","6.993215039021819","0.0","0.0","0.0","273.64662399599166","18.664844372928144","0.048311652481558554","0.6908360777122075","0.3958136191687659","250"
"2501","59.860118","30.477205","17.0","698040.7842244084","5.4733733954564","0.0","0.0","0.0","249.79590836028677","18.700895023941992","0.03605065101384852","0.6586550635075469","0.37737609581056536","250"
"2502","59.860039","30.476762","17.0","698067.0316536435","26.2474292349675","0.0","0.0","0.0","250.44729279603953","18.87165218991041","0.17075716596841772","0.6505672019907026","0.3727422910769005","250"
"2503","59.860041","30.476552","18.0","698078.7586099247","11.726956281195939","1.0","8.527361883351524","4.874027308301568","271.08671389223286","18.921780167877674","0.050127977967264314","0.4274594086075348","0.24491470856449418","250"
"2504","59.85998","30.476122","20.0","698103.7064318307","24.94782190599819","2.0","8.016731911650938","4.583446847753091","254.2238120353152","18.949212176918984","0.027432009041309158","0.10995753114108008","0.06300099920984438","250"
"2505","59.859922","30.475391","21.0","698145.026589251","41.32015742030647","1.0","2.4201263074292108","1.3863596111716747","261.0207874852938","18.94139864718914","-0.007813529729844504","-0.018909728853076936","-0.010834476421041716","250"
"2506","59.859897","30.474619","20.0","698188.2190801732","43.19249092216104","-1.0","-2.3152172487623854","-1.3262848308649038","266.3102158934232","18.934814276516438","-0.006584370672701567","-0.01524424855368386","-0.008734310972086903","250"
"2507","59.859898","30.474041","18.3","698220.4906565938","32.271576420652124","-1.7","-5.267793484399134","-3.0154361579602713","270.19766890146445","18.564816807687283","-0.36999746882915474","-1.1465119150249372","-0.656874158125043","250"
"2508","59.85995","30.473109","18.1","698272.8470913746","52.35643478076623","-0.2","-0.38199698057643994","-0.21886708316000633","276.3409726081808","17.29733649289608","-1.2674803147912037","-2.420868265951577","-1.3867844731722754","250"
"2509","59.86008","30.472125","15.0","698329.6563072361","56.80921586144616","-3.1","-5.456861097256985","-3.1234532902997874","284.7416894148145","15.886909282326698","-1.410427210569381","-2.4827436696350773","-1.4222151682721438","250"
"2510","59.860158","30.471707","14.7","698354.5538114711","24.897504235057976","-0.3","-1.2049400500857126","-0.6903463856396203","290.3870266243828","15.434148491680622","-0.4527607906460762","-1.8184986991930998","-1.041808175445246","250"
"2511","59.860278","30.471191","14.0","698386.3033341671","31.74952269598177","-0.7","-2.2047575540044013","-1.2630284026172645","294.8519330316546","14.906248359441758","-0.5279001322388641","-1.6627025775907973","-0.9525706273661895","250"
"2512","59.86053","30.470027","14.0","698457.0753847295","70.77205056247416","0.0","0.0","0.0","293.32482871778234","14.158660639584065","-0.7475877198576928","-1.0563318625306162","-0.6052110649883744","250"
"2513","59.861167","30.46746","14.2","698616.9420535916","159.86666886205762","0.2","0.1251042518266092","0.07167941889275166","296.30069051216765","14.377160586178302","0.21849994659423722","0.13667636171413056","0.078309738092275","250"
"2514","59.861255","30.467173","14.0","698635.717001022","18.77494743039146","-0.2","-1.0652493208916003","-0.610319817389677","301.4117038802637","14.448102565169334","0.07094197899103172","0.37785447471451356","0.2164936363945551","250"
"2515","59.861488","30.466242","15.0","698693.7942631856","58.07726216368087","1.0","1.7218442515104626","0.9864466081021188","296.4943466955929","14.685016000330448","0.23691343516111374","0.4079280364377604","0.23372425190350277","250"
"2516","59.861815","30.464938","15.0","698775.1715715583","81.37730837275198","0.0","0.0","0.0","296.5402332962318","15.169578864872456","0.48456286454200814","0.5954520667142845","0.3411648711389625","250"
"2517","59.862353","30.462812","16.0","698908.0879859194","132.91641436107776","1.0","0.7523525253122029","0.4310581110638868","296.7497039262423","15.453686606705189","0.2841077418327327","0.21374917702860383","0.12246907066643287","250"
"2518","59.862371","30.462743","16.0","698912.4291086033","4.341122683783144","0.0","0.0","0.0","297.45546051870946","15.452368822157384","-0.0013177845478047345","-0.030355846719732165","-0.017392618471636808","250"
"2519","59.862716","30.46137","15.0","698998.1452486641","85.71614006083506","-1.0","-1.1666414274957704","-0.6684059765921764","296.5872295504086","15.521559707403183","0.0691908852457992","0.08072095313285521","0.04624968928262538","250"
"2520","59.862807","30.461018","15.0","699020.2488549267","22.10360626257739","0.0","0.0","0.0","297.24457617143196","15.583351198732853","0.06179149132966977","0.2795538908702248","0.16017216368361228","250"
"2521","59.863016","30.460193","15.0","699071.8378013646","51.58894643797079","0.0","0.0","0.0","296.7748202366647","15.794175551891326","0.2108243531584737","0.4086618698677311","0.23414470047845193","250"
"2522","59.863069","30.459994","16.0","699084.4138328632","12.576031498595901","1.0","7.951634027885894","4.5463847693687045","297.94463149465264","15.868363305330277","0.07418775343895057","0.5899138646975681","0.3379918265838056","250"
"2523","59.86345","30.458453","17.0","699180.3092630528","95.89543018951522","1.0","1.042802559020519","0.597460198920077","296.21860159767726","16.615591457545758","0.7472281522154809","0.7792114293024773","0.4464462269882701","250"
"2524","59.863493","30.458285","17.0","699190.8366385446","10.527375491748925","0.0","0.0","0.0","297.01265641735694","16.725585116505624","0.10999365895986557","1.0448345748289842","0.5986243313784358","250"
"2525","59.863734","30.457328","17.0","699250.6068482571","59.77020971252889","0.0","0.0","0.0","296.6383284372136","17.363459998190404","0.6378748816847803","1.0672120522124762","0.6114442517686005","250"
"2526","59.863749","30.45727","17.0","699254.2491242031","3.6422759459248066","0.0","0.0","0.0","297.253972023961","17.408077512204645","0.04461751401424152","1.2249899424606263","0.7018324322276911","250"
"2527","59.86389","30.456714","17.0","699289.0235409194","34.77441671630001","0.0","0.0","0.0","296.7993226851323","17.83618761664629","0.4281101044416431","1.2311064997417271","0.705336432960967","250"
"2528","59.864317","30.455024","20.0","699394.6429858182","105.61944489876215","3.0","2.8403860698903935","1.6269838950401867","296.71498682030114","18.341397611796857","0.5052099951505689","0.47833047753168967","0.27406108559021947","250"
"2529","59.864484","30.454457","18.8","699431.3409114607","36.69792564248871","-1.2","-3.2699395919279013","-1.8728700466212476","300.39877706948124","18.278713665664196","-0.06268394613266182","-0.17081059769788892","-0.09786716826210207","250"
"2530","59.864633","30.45411","18.0","699456.8310555384","25.49014407768571","-0.8","-3.1384679410279475","-1.7976196092294412","310.5401940623533","18.064887565612793","-0.2138261000514028","-0.8388579499579525","-0.4806189282072096","250"
"2531","59.864752","30.453991","18.0","699471.63723521","14.806179671609446","0.0","0.0","0.0","333.3413970945789","17.871013772189617","-0.193873793423176","-1.309411325022113","-0.7501945525946287","250"
"2532","59.864943","30.453851","18.0","699494.2678501018","22.63061489171379","0.0","0.0","0.0","339.79702632170944","17.475753553569316","-0.3952602186203009","-1.7465730405983164","-1.0006109006199377","250"
"2533","59.866045","30.452906","14.0","699627.6777720124","133.40992191057958","-4.0","-2.998277746299164","-1.7173721097657815","336.7081388012292","15.36231160157919","-2.1134419519901257","-1.584171493186765","-0.9075874882275683","250"
"2534","59.866409","30.452606","14.0","699671.4804798785","43.80270786609177","0.0","0.0","0.0","337.5226448284969","15.37008494913578","0.007773347556589982","0.017746271715332534","0.010167864607070514","250"
"2535","59.866646","30.452411","15.0","699699.9933065429","28.512826664358595","1.0","3.507193487939984","2.008650543996912","337.55695286298726","15.613167371928691","0.24308242279291115","0.8525370902519719","0.4884559377508502","250"
"2536","59.867232","30.451931","17.0","699770.4474784575","70.45417191464243","2.0","2.8387247279310395","1.626032783102894","337.64761428088855","16.79801459413767","1.1848472222089779","1.6817275542525143","0.9634680887532255","250"
"2537","59.867502","30.451707","18.0","699802.9698485747","32.5223701172129","1.0","3.0748066527621756","1.7611795481100807","337.38949698902456","17.3540710477829","0.5560564536452297","1.7097660829796946","0.9795283640222325","250"
"2538","59.867941","30.451347","19.0","699855.7588817582","52.78903318342557","1.0","1.8943328560788546","1.0852429758450424","337.6250878552113","17.87909875202179","0.5250277042388909","0.9945772304913824","0.5698319886115811","250"
"2539","59.868059","30.451252","19.0","699869.9109537293","14.152071971071438","0.0","0.0","0.0","337.99406340715916","17.930869518816472","0.05177076679468229","0.36581757710466745","0.2095970974410762","250"
"2540","59.869046","30.450431","17.0","699988.8439672912","118.93301356188786","-2.0","-1.681618871079292","-0.9634058354873063","337.3369711888128","16.892325063824654","-1.0385444549918184","-0.8732179769845001","-0.5003043307910993","250"
"2541","59.869478","30.450077","15.0","700040.7853975126","51.94143022142109","-2.0","-3.8504908152782877","-2.2050793874403154","337.64080467986895","16.440981240212917","-0.45134382361173664","-0.8689476236747877","-0.4978577842150528","250"
"2542","59.870582","30.449151","17.0","700173.9816815387","133.19628402609413","2.0","1.5015433911115608","0.8602563424859992","337.1678119760171","16.36975497341156","-0.07122626680135724","-0.05347466509456337","-0.030638723287518814","250"
"2543","59.872197","30.447832","16.0","700368.0657303181","194.08404877937062","-1.0","-0.5152406940648545","-0.29520855972176885","337.7096017822042","16.508913938045502","0.13915896463394262","0.07170036152333914","0.04108127400861492","250"
"2544","59.872963","30.447201","17.0","700460.2345852031","92.16885488500627","1.0","1.0849651991962381","0.6216148779696732","337.53687153614646","17.123054979681967","0.614141041636465","0.6663216575736924","0.3817685378604634","250"
"2545","59.872934","30.447068","17.0","700468.3276187655","8.093033562363427","0.0","0.0","0.0","246.51883314387845","17.126864288389683","0.003809308707715786","0.047068984434105635","0.026968539548795297","250"
"2546","59.872674","30.44581","19.0","700544.2574522464","75.92983348090029","2.0","2.634010781155063","1.5088281317609344","247.6200404901752","16.64264895951748","-0.4842153288722031","-0.6377141983249637","-0.36537836798777185","250"
"2547","59.872387","30.44445","14.0","700626.5971795162","82.3397272698045","-5.0","-6.072402916293837","-3.4749635753813153","247.19676842252102","16.02691046911478","-0.6157384904026983","-0.7478024409591421","-0.42845125143190144","250"
"2548","59.871904","30.442132","16.0","700766.6750472602","140.0778677440631","2.0","1.4277773014465134","0.8180005531489486","247.45594985999293","14.928546060204505","-1.0983644089102764","-0.7841098858794047","-0.4492526643961005","250"
"2549","59.871627","30.440801","14.0","700847.0943418936","80.41929463334354","-2.0","-2.486965359642383","-1.424632525872174","247.4805967301815","15.031947999417781","0.1034019392132759","0.12857852047163226","0.07367002499246215","250"
"2550","59.87137","30.43956","15.0","700922.0223702552","74.92802836166678","1.0","1.3346140581374226","0.7646321316342439","247.58045059225196","15.20775886952877","0.17581087011098973","0.23463965882349933","0.13443837484985044","250"
"2551","59.871517","30.439422","15.0","700940.0918454583","18.069475203006423","0.0","0.0","0.0","334.76974286541423","15.319478667140007","0.11171979761123652","0.6182791495386011","0.3542433444647815","250"
"2552","59.871776","30.439098","16.0","700974.098079435","34.00623397663487","1.0","2.940637298111528","1.6843756617774612","327.87509943189417","15.641979876160622","0.32250120902061497","0.9483590839320823","0.5433534406490689","250"
"2553","59.872878","30.437718","17.0","701118.8305023771","144.7324229421503","1.0","0.6909301866657073","0.39586753705365946","327.8492086674349","15.780253609120846","0.13827373296022394","0.09553749612517169","0.054738936478039006","250"
"2554","59.873239","30.437292","17.0","701165.4845772708","46.65407489367847","0.0","0.0","0.0","329.3623303639374","15.446878061413765","-0.33337554770708167","-0.7145689813093976","-0.4094108998007854","250"
"2555","59.873338","30.437167","13.0","701178.5172923605","13.03271508971423","-4.0","-30.69199297663545","-17.06229357443081","327.63639979480166","15.36751170194149","-0.07936635947227444","-0.6089779368760428","-0.34891434282766237","250"
"2556","59.874234","30.436057","15.0","701295.837033552","117.31974119147193","2.0","1.7047429355779908","0.9766511511893313","328.12789551868104","14.505487153112888","-0.862024548828602","-0.7347651299551821","-0.4209818329209954","250"
"2557","59.874494","30.435738","15.0","701329.7895617266","33.95252817463546","0.0","0.0","0.0","328.375792939712","14.717365822911262","0.21187866979837366","0.6240438670975303","0.35754615688973357","250"
"2558","59.875095","30.434998","15.0","701408.3486007595","78.55903903292996","0.0","0.0","0.0","328.285527543166","14.991046496391297","0.273680673480035","0.34837579080532666","0.19960381747754502","250"
"2559","59.875171","30.434903","15.0","701418.3247918683","9.97619110880567","0.0","0.0","0.0","327.8976193372016","14.982823759317398","-0.008222737073898756","-0.08242361222050773","-0.04722524043018729","250"
"2560","59.875786","30.434144","15.0","701498.7651046447","80.44031277637461","0.0","0.0","0.0","328.2264798031355","14.55382806891203","-0.4289956904053689","-0.5333093266282839","-0.30556083902099246","250"
"2561","59.875985","30.4339","15.0","701524.7469072797","25.98180263496236","0.0","0.0","0.0","328.3934560561027","14.435612420201302","-0.1182156487107271","-0.45499402166826736","-0.26069057252776884","250"
"2562","59.876607","30.433131","13.0","701606.1422637271","81.39535644742729","-2.0","-2.4571426274074817","-1.4075557947697224","328.1816642976233","13.934055392205716","-0.5015570279955863","-0.6161985767818814","-0.3530513095001279","250"
"2563","59.87684","30.432844","14.0","701636.6013790562","30.4591153291252","1.0","3.283089443651023","1.8803962768399116","328.27686317212266","13.668132593750954","-0.26592279845476163","-0.8730483324329665","-0.5002071390324222","250"
"2564","59.877601","30.431902","13.0","701736.2194380858","99.61805902959051","-1.0","-1.0038340535253356","-0.5751352280415023","328.15110251276303","12.871648618876934","-0.79648397487402","-0.7995377370657591","-0.45809161778883944","250"
"2565","59.878034","30.431369","12.0","701792.8128781036","56.593440017729094","-1.0","-1.7669892476702755","-1.012304916467543","328.2947250067156","12.510658713056163","-0.3609899058207713","-0.6378652821028082","-0.36546492909490974","250"
"2566","59.877997","30.431239","12.0","701801.152656153","8.339778049331919","0.0","0.0","0.0","240.44072073699425","12.46713901390386","-0.04351969915230214","-0.5218328221071591","-0.2989854693150555","250"
"2567","59.877714","30.430244","12.0","701864.9737204122","63.82106425930185","0.0","0.0","0.0","240.4579119006637","12.128475721266826","-0.338663292637035","-0.5306450097119387","-0.3040343410750111","250"
"2568","59.877704","30.430109","11.8","701872.5887399499","7.6150195375682985","-0.2","-2.6263885340452577","-1.5044639250015848","261.60366584111","12.089963785194039","-0.03851193607278702","-0.5057365366272589","-0.28976322054063747","250"
"2569","59.877729","30.430001","11.8","701879.225684735","6.6369447851161025","0.0","0.0","0.0","294.7619815925351","12.058963977769817","-0.03099980742422126","-0.4670794835259273","-0.2676148849188002","250"
"2570","59.877838","30.429866","11.8","701893.4963759186","14.270691183592568","0.0","0.0","0.0","328.13693374490975","12.002248050808907","-0.05671592696091032","-0.39742943233274003","-0.2277090923849732","250"